version 2
JvmtiExport can_access_local_variables 0
JvmtiExport can_hotswap_or_post_breakpoint 1
JvmtiExport can_post_on_exceptions 0
# 173 ciObject found
instanceKlass org/springframework/beans/factory/support/AbstractBeanDefinition
ciInstanceKlass java/lang/Cloneable 1 0 7 100 1 100 1 1 1
instanceKlass org/springframework/asm/RecordComponentVisitor
instanceKlass org/springframework/asm/ModuleVisitor
instanceKlass org/springframework/asm/FieldVisitor
instanceKlass  @bci org/springframework/cglib/core/internal/LoadingCache <clinit> ()V 0 <appendix> argL0 ; # org/springframework/cglib/core/internal/LoadingCache$$Lambda+0x0000022494537c68
instanceKlass org/springframework/cglib/core/internal/LoadingCache
instanceKlass  @bci org/springframework/cglib/core/AbstractClassGenerator$ClassLoaderData <init> (Ljava/lang/ClassLoader;)V 60 <appendix> member <vmtarget> ; # org/springframework/cglib/core/AbstractClassGenerator$ClassLoaderData$$Lambda+0x0000022494537820
instanceKlass  @bci org/springframework/cglib/core/AbstractClassGenerator$ClassLoaderData <init> (Ljava/lang/ClassLoader;)V 25 <appendix> member <vmtarget> ; # org/springframework/cglib/core/AbstractClassGenerator$ClassLoaderData$$Lambda+0x00000224945375f8
instanceKlass  @bci org/springframework/cglib/core/AbstractClassGenerator$ClassLoaderData <clinit> ()V 0 <appendix> argL0 ; # org/springframework/cglib/core/AbstractClassGenerator$ClassLoaderData$$Lambda+0x00000224945373d8
instanceKlass org/springframework/cglib/core/internal/Function
instanceKlass org/springframework/cglib/core/AbstractClassGenerator$ClassLoaderData
instanceKlass org/springframework/cglib/core/MethodInfo
instanceKlass org/springframework/cglib/core/ClassInfo
instanceKlass org/springframework/cglib/core/ReflectUtils
instanceKlass org/springframework/cglib/proxy/ProxyRefDispatcher
instanceKlass org/springframework/cglib/proxy/FixedValueGenerator
instanceKlass org/springframework/cglib/proxy/FixedValue
instanceKlass org/springframework/cglib/proxy/DispatcherGenerator
instanceKlass org/springframework/cglib/proxy/Dispatcher
instanceKlass org/springframework/cglib/proxy/LazyLoaderGenerator
instanceKlass org/springframework/cglib/proxy/LazyLoader
instanceKlass org/springframework/cglib/proxy/InvocationHandlerGenerator
instanceKlass org/springframework/cglib/proxy/InvocationHandler
instanceKlass  @bci org/springframework/cglib/proxy/MethodInterceptorGenerator <clinit> ()V 214 <appendix> argL0 ; # org/springframework/cglib/proxy/MethodInterceptorGenerator$$Lambda+0x00000224945346d8
instanceKlass org/springframework/cglib/proxy/MethodInterceptorGenerator
instanceKlass org/springframework/cglib/proxy/NoOpGenerator
instanceKlass org/springframework/cglib/proxy/CallbackGenerator
instanceKlass org/springframework/cglib/proxy/CallbackInfo
instanceKlass  @bci org/springframework/cglib/core/ClassLoaderAwareGeneratorStrategy <init> (Ljava/lang/ClassLoader;)V 11 <appendix> member <vmtarget> ; # org/springframework/cglib/core/ClassLoaderAwareGeneratorStrategy$$Lambda+0x0000022494533c20
instanceKlass org/springframework/cglib/core/SpringNamingPolicy
instanceKlass org/springframework/cglib/core/DefaultNamingPolicy
instanceKlass org/springframework/cglib/core/DefaultGeneratorStrategy
instanceKlass org/springframework/cglib/core/AsmApi
instanceKlass org/springframework/cglib/core/Constants
instanceKlass org/springframework/cglib/core/Signature
instanceKlass org/springframework/cglib/core/CollectionUtils
instanceKlass org/springframework/cglib/core/TypeUtils
instanceKlass org/springframework/cglib/core/AbstractClassGenerator$Source
instanceKlass  @bci org/springframework/cglib/proxy/Enhancer <clinit> ()V 0 <appendix> argL0 ; # org/springframework/cglib/proxy/Enhancer$$Lambda+0x0000022494531418
instanceKlass org/springframework/cglib/core/Transformer
instanceKlass org/springframework/cglib/proxy/CallbackGenerator$Context
instanceKlass org/springframework/cglib/core/ProcessSwitchCallback
instanceKlass org/springframework/cglib/core/ObjectSwitchCallback
instanceKlass org/springframework/cglib/core/Predicate
instanceKlass org/springframework/cglib/core/AbstractClassGenerator
instanceKlass org/springframework/cglib/core/ClassGenerator
instanceKlass org/springframework/context/annotation/ConfigurationClassEnhancer$EnhancedConfiguration
instanceKlass org/springframework/aop/framework/autoproxy/AutoProxyUtils
instanceKlass org/springframework/objenesis/instantiator/ObjectInstantiator
instanceKlass org/springframework/objenesis/strategy/BaseInstantiatorStrategy
instanceKlass org/springframework/objenesis/strategy/InstantiatorStrategy
instanceKlass org/springframework/objenesis/SpringObjenesis
instanceKlass org/springframework/objenesis/Objenesis
instanceKlass org/springframework/context/annotation/ConfigurationClassEnhancer$ConditionalCallbackFilter
instanceKlass org/springframework/cglib/proxy/NoOp$1
instanceKlass org/springframework/cglib/proxy/NoOp
instanceKlass org/springframework/context/annotation/ConfigurationClassEnhancer$BeanFactoryAwareMethodInterceptor
instanceKlass org/springframework/context/annotation/ConfigurationClassEnhancer$BeanMethodInterceptor
instanceKlass org/springframework/context/annotation/ConfigurationClassEnhancer$ConditionalCallback
instanceKlass org/springframework/cglib/proxy/MethodInterceptor
instanceKlass org/springframework/cglib/proxy/Callback
instanceKlass org/springframework/cglib/proxy/CallbackFilter
instanceKlass org/springframework/cglib/core/GeneratorStrategy
instanceKlass org/springframework/cglib/core/NamingPolicy
instanceKlass org/springframework/context/annotation/ConfigurationClassEnhancer
instanceKlass  @bci org/springframework/context/support/PostProcessorRegistrationDelegate invokeBeanFactoryPostProcessors (Ljava/util/Collection;Lorg/springframework/beans/factory/config/ConfigurableListableBeanFactory;)V 47 <appendix> member <vmtarget> ; # org/springframework/context/support/PostProcessorRegistrationDelegate$$Lambda+0x000002249452e5b0
instanceKlass org/springframework/web/filter/ServletRequestPathFilter
instanceKlass org/springframework/security/config/annotation/web/configuration/WebSecurityConfiguration$1
instanceKlass  @bci org/springframework/beans/factory/support/SimpleInstantiationStrategy instantiate (Lorg/springframework/beans/factory/support/RootBeanDefinition;Ljava/lang/String;Lorg/springframework/beans/factory/BeanFactory;Ljava/lang/Object;Ljava/lang/reflect/Method;[Ljava/lang/Object;)Ljava/lang/Object; 10 <appendix> form vmentry <vmtarget> ; # java/lang/invoke/LambdaForm$DMH+0x000002249452c000
instanceKlass  @bci org/springframework/beans/factory/support/SimpleInstantiationStrategy instantiate (Lorg/springframework/beans/factory/support/RootBeanDefinition;Ljava/lang/String;Lorg/springframework/beans/factory/BeanFactory;Ljava/lang/Object;Ljava/lang/reflect/Method;[Ljava/lang/Object;)Ljava/lang/Object; 10 <appendix> member <vmtarget> ; # org/springframework/beans/factory/support/SimpleInstantiationStrategy$$Lambda+0x000002249452b788
instanceKlass org/jspecify/annotations/Nullable
instanceKlass org/springframework/data/jpa/repository/aot/AotEntityManagerFactoryCreator
instanceKlass org/springframework/aot/generate/GenerationContext
instanceKlass org/springframework/data/aot/AotTypeConfiguration
instanceKlass org/springframework/data/repository/aot/generate/RepositoryContributor
instanceKlass org/springframework/data/repository/config/AotRepositoryContext
instanceKlass org/springframework/data/aot/AotContext
instanceKlass jakarta/persistence/PersistenceContexts
instanceKlass jakarta/persistence/PersistenceProperty
instanceKlass jakarta/persistence/PersistenceContext
instanceKlass org/springframework/data/repository/core/support/RepositoryFragment
instanceKlass org/springframework/boot/hibernate/autoconfigure/HibernatePropertiesCustomizer
instanceKlass org/springframework/boot/hibernate/autoconfigure/HibernateSettings
instanceKlass org/aspectj/lang/Signature
instanceKlass  @bci org/springframework/context/annotation/ConfigurationClassPostProcessor processConfigBeanDefinitions (Lorg/springframework/beans/factory/support/BeanDefinitionRegistry;)V 494 <appendix> member <vmtarget> ; # org/springframework/context/annotation/ConfigurationClassPostProcessor$$Lambda+0x0000022494528000
instanceKlass  @bci org/springframework/util/MultiValueMapAdapter addAll (Lorg/springframework/util/MultiValueMap;)V 2 <appendix> member <vmtarget> ; # org/springframework/util/MultiValueMapAdapter$$Lambda+0x0000022494527d58
instanceKlass org/springframework/transaction/support/DefaultTransactionDefinition
instanceKlass org/springframework/transaction/TransactionDefinition
instanceKlass org/springframework/transaction/ReactiveTransactionManager
instanceKlass org/springframework/boot/transaction/autoconfigure/TransactionAutoConfiguration$TransactionTemplateConfiguration
instanceKlass org/springframework/transaction/support/TransactionOperations
instanceKlass org/springframework/boot/transaction/autoconfigure/TransactionAutoConfiguration$EnableTransactionManagementConfiguration
instanceKlass org/springframework/boot/transaction/autoconfigure/TransactionAutoConfiguration$EnableTransactionManagementConfiguration$CglibAutoProxyConfiguration
instanceKlass org/springframework/aop/support/AbstractPointcutAdvisor
instanceKlass org/springframework/transaction/event/TransactionalEventListenerFactory
instanceKlass org/springframework/transaction/interceptor/TransactionAttributeSource
instanceKlass org/springframework/transaction/annotation/TransactionRuntimeHints
instanceKlass org/springframework/boot/jdbc/autoconfigure/DataSourceTransactionManagerAutoConfiguration$JdbcTransactionManagerConfiguration
instanceKlass org/springframework/boot/tomcat/autoconfigure/servlet/TomcatServletWebServerFactoryCustomizer
instanceKlass org/springframework/boot/tomcat/autoconfigure/TomcatServerProperties$Remoteip
instanceKlass org/springframework/boot/tomcat/autoconfigure/TomcatServerProperties$Mbeanregistry
instanceKlass org/springframework/boot/tomcat/autoconfigure/TomcatServerProperties$Resource
instanceKlass org/springframework/boot/tomcat/autoconfigure/TomcatServerProperties$Threads
instanceKlass org/springframework/boot/tomcat/autoconfigure/TomcatServerProperties$Accesslog
instanceKlass org/springframework/boot/tomcat/autoconfigure/servlet/TomcatServletWebServerAutoConfiguration
instanceKlass org/springframework/boot/tomcat/autoconfigure/TomcatVirtualThreadsWebServerFactoryCustomizer
instanceKlass org/springframework/boot/tomcat/autoconfigure/TomcatWebServerFactoryCustomizer
instanceKlass org/springframework/boot/tomcat/autoconfigure/WebSocketTomcatWebServerFactoryCustomizer
instanceKlass org/springframework/boot/tomcat/autoconfigure/TomcatWebServerConfiguration$TomcatWebSocketConfiguration
instanceKlass org/springframework/boot/tomcat/autoconfigure/TomcatWebServerConfiguration
instanceKlass org/springframework/boot/tomcat/autoconfigure/TomcatServerProperties
instanceKlass org/springframework/boot/web/error/ErrorPageRegistrarBeanPostProcessor
instanceKlass org/springframework/boot/web/server/autoconfigure/servlet/ForwardedHeaderFilterCustomizer
instanceKlass org/springframework/boot/web/server/autoconfigure/servlet/ServletWebServerFactoryCustomizer
instanceKlass org/springframework/boot/web/server/WebServerFactoryCustomizer
instanceKlass org/springframework/boot/web/server/autoconfigure/servlet/ServletWebServerConfiguration
instanceKlass org/springframework/boot/web/server/WebServerFactoryCustomizerBeanPostProcessor
instanceKlass org/springframework/boot/web/server/autoconfigure/ServerProperties$Reactive
instanceKlass org/springframework/boot/web/server/autoconfigure/ServerProperties$Servlet
instanceKlass org/springframework/boot/web/server/Http2
instanceKlass org/springframework/boot/web/server/MimeMappings
instanceKlass org/springframework/boot/web/server/Compression
instanceKlass org/springframework/boot/web/server/Ssl
instanceKlass org/springframework/boot/servlet/autoconfigure/MultipartAutoConfiguration
instanceKlass org/springframework/boot/servlet/autoconfigure/MultipartProperties
instanceKlass org/springframework/boot/security/autoconfigure/web/servlet/SecurityFilterAutoConfiguration
instanceKlass org/springframework/boot/servlet/autoconfigure/HttpEncodingAutoConfiguration
instanceKlass org/springframework/boot/servlet/autoconfigure/ServletEncodingProperties
instanceKlass org/springframework/boot/security/autoconfigure/web/servlet/SecurityFilterProperties
instanceKlass org/springframework/boot/security/autoconfigure/SecurityProperties$User
instanceKlass org/springframework/boot/security/autoconfigure/SecurityAutoConfiguration
instanceKlass org/springframework/boot/security/autoconfigure/SecurityProperties
instanceKlass org/springframework/boot/mail/autoconfigure/MailSenderAutoConfiguration
instanceKlass org/springframework/boot/persistence/autoconfigure/PersistenceExceptionTranslationAutoConfiguration
instanceKlass org/springframework/boot/mail/autoconfigure/MailProperties$Ssl
instanceKlass org/springframework/boot/mail/autoconfigure/MailSenderJndiConfiguration
instanceKlass org/springframework/boot/mail/autoconfigure/MailProperties
instanceKlass org/springframework/boot/mail/autoconfigure/MailSenderPropertiesConfiguration
instanceKlass org/springframework/boot/jdbc/autoconfigure/JdbcClientAutoConfiguration
instanceKlass org/springframework/jdbc/core/simple/JdbcClient
instanceKlass org/springframework/boot/jdbc/autoconfigure/JdbcTemplateAutoConfiguration
instanceKlass org/springframework/boot/jdbc/autoconfigure/JdbcProperties$Template
instanceKlass org/springframework/boot/jdbc/autoconfigure/NamedParameterJdbcTemplateConfiguration
instanceKlass org/springframework/boot/jdbc/autoconfigure/JdbcProperties
instanceKlass org/springframework/boot/jdbc/autoconfigure/JdbcTemplateConfiguration
instanceKlass org/springframework/boot/sql/init/AbstractScriptDatabaseInitializer
instanceKlass org/springframework/boot/sql/autoconfigure/init/SqlInitializationProperties
instanceKlass org/springframework/boot/sql/autoconfigure/init/ApplicationScriptDatabaseInitializer
instanceKlass org/springframework/boot/http/converter/autoconfigure/HttpMessageConvertersAutoConfiguration
instanceKlass org/springframework/boot/http/converter/autoconfigure/KotlinSerializationHttpMessageConvertersConfiguration
instanceKlass org/springframework/boot/http/converter/autoconfigure/JsonbHttpMessageConvertersConfiguration
instanceKlass org/springframework/boot/http/converter/autoconfigure/GsonHttpMessageConvertersConfiguration
instanceKlass org/springframework/boot/http/converter/autoconfigure/Jackson2HttpMessageConvertersConfiguration
instanceKlass org/springframework/boot/http/converter/autoconfigure/JacksonHttpMessageConvertersConfiguration
instanceKlass org/springframework/boot/http/converter/autoconfigure/JacksonHttpMessageConvertersConfiguration$JacksonJsonHttpMessageConvertersCustomizer
instanceKlass org/springframework/boot/http/converter/autoconfigure/JacksonHttpMessageConvertersConfiguration$JacksonJsonHttpMessageConverterConfiguration
instanceKlass org/springframework/boot/http/converter/autoconfigure/HttpMessageConvertersAutoConfiguration$StringHttpMessageConvertersCustomizer
instanceKlass org/springframework/boot/http/converter/autoconfigure/ClientHttpMessageConvertersCustomizer
instanceKlass org/springframework/boot/http/converter/autoconfigure/HttpMessageConvertersAutoConfiguration$StringHttpMessageConverterConfiguration
instanceKlass org/springframework/boot/http/converter/autoconfigure/HttpMessageConvertersProperties
instanceKlass org/springframework/boot/jackson/JacksonMixinModuleEntries
instanceKlass org/springframework/boot/jackson/autoconfigure/JacksonAutoConfiguration$JacksonMixinConfiguration
instanceKlass org/springframework/boot/jackson/autoconfigure/JacksonAutoConfiguration$AbstractMapperBuilderCustomizer
instanceKlass org/springframework/boot/jackson/autoconfigure/JacksonAutoConfiguration$JacksonJsonMapperBuilderCustomizerConfiguration
instanceKlass org/springframework/boot/jackson/autoconfigure/JacksonAutoConfiguration$JsonProblemDetailsConfiguration$ProblemDetailJsonMapperBuilderCustomizer
instanceKlass org/springframework/boot/jackson/autoconfigure/JsonMapperBuilderCustomizer
instanceKlass org/springframework/boot/jackson/autoconfigure/JacksonAutoConfiguration$JsonProblemDetailsConfiguration
instanceKlass org/springframework/boot/flyway/autoconfigure/FlywayAutoConfiguration$StringOrNumberToMigrationVersionConverter
instanceKlass org/springframework/boot/flyway/autoconfigure/FlywaySchemaManagementProvider
instanceKlass org/springframework/boot/jdbc/SchemaManagementProvider
instanceKlass org/springframework/boot/flyway/autoconfigure/FlywayAutoConfiguration
instanceKlass org/springframework/boot/jackson/autoconfigure/JacksonAutoConfiguration
instanceKlass org/springframework/boot/jackson/autoconfigure/JacksonProperties$Json
instanceKlass org/springframework/boot/jackson/autoconfigure/JacksonProperties$Datatype
instanceKlass org/springframework/boot/jackson/autoconfigure/JacksonProperties
instanceKlass org/springframework/boot/sql/init/dependency/DatabaseInitializationDependencyConfigurer$DependsOnDatabaseInitializationPostProcessor
instanceKlass org/springframework/boot/flyway/autoconfigure/FlywayAutoConfiguration$FlywayAutoConfigurationRuntimeHints
instanceKlass org/springframework/boot/flyway/autoconfigure/FlywayProperties$Sqlserver
instanceKlass org/springframework/boot/flyway/autoconfigure/FlywayProperties$Postgresql
instanceKlass org/springframework/boot/flyway/autoconfigure/FlywayProperties$Oracle
instanceKlass org/springframework/boot/flyway/autoconfigure/FlywayAutoConfiguration$PropertiesFlywayConnectionDetails
instanceKlass org/springframework/boot/flyway/autoconfigure/ResourceProviderCustomizer
instanceKlass org/springframework/boot/flyway/autoconfigure/FlywayMigrationInitializer
instanceKlass org/springframework/boot/context/properties/PropertyMapper
instanceKlass org/flywaydb/core/api/configuration/FluentConfiguration
instanceKlass org/flywaydb/core/api/configuration/Configuration
instanceKlass org/springframework/boot/flyway/autoconfigure/FlywayAutoConfiguration$FlywayConfiguration
instanceKlass org/springframework/boot/flyway/autoconfigure/FlywayAutoConfiguration$PostgresqlFlywayConfigurationCustomizer
instanceKlass org/springframework/boot/flyway/autoconfigure/FlywayConfigurationCustomizer
instanceKlass org/springframework/boot/flyway/autoconfigure/FlywayAutoConfiguration$FlywayConfiguration$PostgresqlConfiguration
instanceKlass org/springframework/boot/flyway/autoconfigure/FlywayConnectionDetails
instanceKlass org/springframework/boot/flyway/autoconfigure/FlywayProperties
instanceKlass org/springframework/boot/security/autoconfigure/web/servlet/ServletWebSecurityAutoConfiguration
instanceKlass org/springframework/boot/security/autoconfigure/UserDetailsServiceAutoConfiguration
instanceKlass org/springframework/boot/security/autoconfigure/web/servlet/ServletWebSecurityAutoConfiguration$PathPatternRequestMatcherBuilderConfiguration
instanceKlass org/springframework/boot/security/autoconfigure/web/servlet/ServletWebSecurityAutoConfiguration$EnableWebSecurityConfiguration
instanceKlass org/springframework/security/web/FilterChainProxy$FilterChainDecorator
instanceKlass org/springframework/security/web/servlet/util/matcher/PathPatternRequestMatcher$Builder
instanceKlass org/springframework/web/servlet/support/RequestDataValueProcessor
instanceKlass org/springframework/security/config/annotation/web/configuration/WebMvcSecurityConfiguration
instanceKlass org/springframework/security/web/FilterInvocation
instanceKlass org/springframework/security/web/access/WebInvocationPrivilegeEvaluator
instanceKlass org/springframework/security/config/crypto/RsaKeyConversionServicePostProcessor
instanceKlass org/springframework/security/context/DelegatingApplicationListener
instanceKlass org/springframework/security/config/annotation/authentication/configuration/GlobalAuthenticationConfigurerAdapter
instanceKlass org/springframework/security/config/annotation/authentication/ProviderManagerBuilder
instanceKlass org/springframework/security/config/annotation/configuration/ObjectPostProcessorConfiguration
instanceKlass org/springframework/boot/devtools/autoconfigure/LocalDevToolsAutoConfiguration
instanceKlass org/springframework/security/authentication/AuthenticationManagerResolver
instanceKlass org/springframework/security/authentication/AuthenticationProvider
instanceKlass org/springframework/boot/devtools/autoconfigure/RemoteDevToolsProperties
instanceKlass org/springframework/boot/devtools/autoconfigure/DevToolsProperties$Livereload
instanceKlass org/springframework/boot/devtools/autoconfigure/DevToolsProperties$Restart
instanceKlass org/springframework/boot/devtools/autoconfigure/DevToolsProperties
instanceKlass org/springframework/boot/devtools/autoconfigure/DevToolsDataSourceAutoConfiguration$NonEmbeddedInMemoryDatabaseShutdownExecutor
instanceKlass org/springframework/boot/devtools/autoconfigure/DevToolsDataSourceAutoConfiguration
instanceKlass org/springframework/boot/devtools/autoconfigure/LocalDevToolsAutoConfiguration$RestartingClassPathChangeChangedEventListener
instanceKlass org/springframework/boot/devtools/autoconfigure/ConditionEvaluationDeltaLoggingListener
instanceKlass org/springframework/boot/devtools/classpath/ClassPathFileSystemWatcher
instanceKlass org/springframework/boot/devtools/filewatch/FileSystemWatcherFactory
instanceKlass org/springframework/boot/devtools/filewatch/FileSystemWatcher
instanceKlass org/springframework/boot/devtools/classpath/ClassPathRestartStrategy
instanceKlass java/io/FileFilter
instanceKlass org/springframework/boot/devtools/autoconfigure/LocalDevToolsAutoConfiguration$RestartConfiguration
instanceKlass org/springframework/boot/devtools/autoconfigure/DevToolsDataSourceAutoConfiguration$DatabaseShutdownExecutorEntityManagerFactoryDependsOnConfiguration
instanceKlass org/springframework/data/repository/core/support/RepositoryComposition$RepositoryFragments
instanceKlass org/springframework/data/repository/core/support/PropertiesBasedNamedQueries
instanceKlass org/springframework/data/repository/core/NamedQueries
instanceKlass org/springframework/data/jpa/util/JpaMetamodelCacheCleanup
instanceKlass org/springframework/orm/jpa/SharedEntityManagerCreator
instanceKlass org/springframework/boot/LazyInitializationExcludeFilter
instanceKlass org/springframework/boot/data/jpa/autoconfigure/DataJpaRepositoriesAutoConfiguration
instanceKlass org/springframework/data/repository/config/RepositoryRegistrationAotProcessor
instanceKlass org/springframework/util/StopWatch$TaskInfo
instanceKlass org/springframework/data/repository/config/RepositoryConfigurationAdapter
instanceKlass org/springframework/data/repository/config/RepositoryFragmentConfigurationProvider
instanceKlass  @bci org/springframework/data/repository/config/RepositoryBeanDefinitionBuilder buildMetadata (Lorg/springframework/data/repository/config/RepositoryConfiguration;)Lorg/springframework/data/repository/config/RepositoryConfigurationAdapter; 37 <appendix> argL0 ; # org/springframework/data/repository/config/RepositoryBeanDefinitionBuilder$$Lambda+0x000002249450f7e0
instanceKlass  @bci org/springframework/data/repository/config/RepositoryBeanDefinitionBuilder buildMetadata (Lorg/springframework/data/repository/config/RepositoryConfiguration;)Lorg/springframework/data/repository/config/RepositoryConfigurationAdapter; 27 <appendix> member <vmtarget> ; # org/springframework/data/repository/config/RepositoryBeanDefinitionBuilder$$Lambda+0x000002249450f598
instanceKlass  @bci org/springframework/data/repository/config/RepositoryConfigurationDelegate getRepositoryFactoryBeanType (Lorg/springframework/data/repository/config/RepositoryConfiguration;)Lorg/springframework/core/ResolvableType; 275 <appendix> argL0 ; # org/springframework/data/repository/config/RepositoryConfigurationDelegate$$Lambda+0x000002249450f378
instanceKlass org/springframework/data/util/ClassUtils
instanceKlass  @bci org/springframework/data/util/Optionals lambda$toStream$0 (Ljava/util/Optional;)Ljava/util/stream/Stream; 9 <appendix> argL0 ; # org/springframework/data/util/Optionals$$Lambda+0x000002249450ef50
instanceKlass  @bci org/springframework/data/util/Optionals lambda$toStream$0 (Ljava/util/Optional;)Ljava/util/stream/Stream; 1 <appendix> argL0 ; # org/springframework/data/util/Optionals$$Lambda+0x000002249450ed10
instanceKlass  @bci org/springframework/data/util/Optionals toStream ([Ljava/util/Optional;)Ljava/util/stream/Stream; 15 <appendix> argL0 ; # org/springframework/data/util/Optionals$$Lambda+0x000002249450ead0
instanceKlass org/springframework/data/util/Optionals
instanceKlass  @bci org/springframework/data/repository/config/RepositoryBeanDefinitionBuilder detectRepositoryFragmentConfiguration (Ljava/lang/String;Lorg/springframework/data/repository/config/ImplementationDetectionConfiguration;Lorg/springframework/data/repository/config/RepositoryConfiguration;)Ljava/util/Optional; 44 <appendix> member <vmtarget> ; # org/springframework/data/repository/config/RepositoryBeanDefinitionBuilder$$Lambda+0x000002249450e688
instanceKlass  @bci org/springframework/data/repository/config/RepositoryBeanDefinitionBuilder registerRepositoryFragments (Lorg/springframework/data/repository/config/RepositoryConfiguration;)Ljava/lang/String; 16 <appendix> argL0 ; # org/springframework/data/repository/config/RepositoryBeanDefinitionBuilder$$Lambda+0x000002249450e448
instanceKlass  @bci org/springframework/data/repository/config/RepositoryBeanDefinitionBuilder registerRepositoryFragmentsImplementation (Lorg/springframework/data/repository/config/RepositoryConfiguration;)Ljava/util/stream/Stream; 45 <appendix> member <vmtarget> ; # org/springframework/data/repository/config/RepositoryBeanDefinitionBuilder$$Lambda+0x000002249450e210
instanceKlass  @bci org/springframework/data/repository/config/RepositoryBeanDefinitionBuilder registerRepositoryFragmentsImplementation (Lorg/springframework/data/repository/config/RepositoryConfiguration;)Ljava/util/stream/Stream; 33 <appendix> member <vmtarget> ; # org/springframework/data/repository/config/RepositoryBeanDefinitionBuilder$$Lambda+0x000002249450dfd8
instanceKlass org/springframework/data/repository/config/RepositoryFragmentConfiguration
instanceKlass  @bci org/springframework/data/repository/config/RepositoryBeanDefinitionBuilder discoverFragments (Lorg/springframework/data/repository/config/RepositoryConfiguration;Lorg/springframework/data/repository/config/ImplementationDetectionConfiguration;)Ljava/util/stream/Stream; 26 <appendix> argL0 ; # org/springframework/data/repository/config/RepositoryBeanDefinitionBuilder$$Lambda+0x000002249450db88
instanceKlass  @bci org/springframework/data/repository/config/RepositoryBeanDefinitionBuilder discoverFragments (Lorg/springframework/data/repository/config/RepositoryConfiguration;Lorg/springframework/data/repository/config/ImplementationDetectionConfiguration;)Ljava/util/stream/Stream; 16 <appendix> member <vmtarget> ; # org/springframework/data/repository/config/RepositoryBeanDefinitionBuilder$$Lambda+0x000002249450d940
instanceKlass  @bci org/springframework/data/repository/config/FragmentMetadata getFragmentInterfaces (Ljava/lang/String;)Ljava/util/stream/Stream; 20 <appendix> member <vmtarget> ; # org/springframework/data/repository/config/FragmentMetadata$$Lambda+0x000002249450d6e8
instanceKlass org/springframework/data/repository/core/support/RepositoryFragmentsFactoryBean
instanceKlass  @bci org/springframework/data/repository/config/RepositoryBeanDefinitionBuilder build (Lorg/springframework/data/repository/config/RepositoryConfiguration;)Lorg/springframework/beans/factory/support/BeanDefinitionBuilder; 269 <appendix> member <vmtarget> ; # org/springframework/data/repository/config/RepositoryBeanDefinitionBuilder$$Lambda+0x000002249450d218
instanceKlass  @bci org/springframework/data/repository/config/RepositoryBeanDefinitionBuilder registerCustomImplementation (Lorg/springframework/data/repository/config/RepositoryConfiguration;)Ljava/util/Optional; 79 <appendix> member <vmtarget> ; # org/springframework/data/repository/config/RepositoryBeanDefinitionBuilder$$Lambda+0x000002249450cfd0
instanceKlass  @bci org/springframework/data/repository/config/CustomRepositoryImplementationDetector selectImplementationCandidate (Lorg/springframework/data/repository/config/ImplementationLookupConfiguration;Ljava/util/Set;)Ljava/util/Optional; 34 <appendix> member <vmtarget> ; # org/springframework/data/repository/config/CustomRepositoryImplementationDetector$$Lambda+0x000002249450cd88
instanceKlass  @bci org/springframework/data/repository/config/SelectionSet filterIfNecessary (Ljava/util/function/Predicate;)Lorg/springframework/data/repository/config/SelectionSet; 15 <appendix> member <vmtarget> ; # org/springframework/data/repository/config/SelectionSet$$Lambda+0x000002249450cb60
instanceKlass  @bci org/springframework/data/repository/config/SelectionSet filterIfNecessary (Ljava/util/function/Predicate;)Lorg/springframework/data/repository/config/SelectionSet; 5 <appendix> member <vmtarget> ; # org/springframework/data/repository/config/SelectionSet$$Lambda+0x000002249450c918
instanceKlass  @bci org/springframework/data/repository/config/CustomRepositoryImplementationDetector selectImplementationCandidate (Lorg/springframework/data/repository/config/ImplementationLookupConfiguration;Ljava/util/Set;)Ljava/util/Optional; 16 <appendix> member <vmtarget> ; # org/springframework/data/repository/config/CustomRepositoryImplementationDetector$$Lambda+0x000002249450c6c0
instanceKlass org/springframework/data/repository/config/SelectionSet
instanceKlass  @bci org/springframework/data/repository/config/CustomRepositoryImplementationDetector selectImplementationCandidate (Lorg/springframework/data/repository/config/ImplementationLookupConfiguration;Ljava/util/Set;)Ljava/util/Optional; 2 <appendix> member <vmtarget> ; # org/springframework/data/repository/config/CustomRepositoryImplementationDetector$$Lambda+0x000002249450c258
instanceKlass  @bci org/springframework/data/repository/config/DefaultImplementationLookupConfiguration isExcluded (Ljava/lang/String;Lorg/springframework/data/util/Streamable;)Z 19 <appendix> member <vmtarget> ; # org/springframework/data/repository/config/DefaultImplementationLookupConfiguration$$Lambda+0x000002249450c000
instanceKlass  @bci org/springframework/data/util/Streamable and ([Ljava/lang/Object;)Lorg/springframework/data/util/Streamable; 8 <appendix> member <vmtarget> ; # org/springframework/data/util/Streamable$$Lambda+0x00000224944f7dc8
instanceKlass  @cpi org/springframework/data/util/Streamable 274 form vmentry <vmtarget> ; # java/lang/invoke/LambdaForm$DMH+0x0000022494509800
instanceKlass  @bci java/util/function/Function andThen (Ljava/util/function/Function;)Ljava/util/function/Function; 7 <appendix> member <vmtarget> ; # java/util/function/Function$$Lambda+0x00000224943c8548
instanceKlass  @bci org/springframework/data/util/StreamUtils toUnmodifiableSet ()Ljava/util/stream/Collector; 3 <appendix> argL0 ; # org/springframework/data/util/StreamUtils$$Lambda+0x00000224944f7990
instanceKlass org/springframework/data/util/StreamUtils
instanceKlass  @bci org/springframework/data/repository/config/CustomRepositoryImplementationDetector detectCustomImplementation (Lorg/springframework/data/repository/config/ImplementationLookupConfiguration;)Ljava/util/Optional; 37 <appendix> member <vmtarget> ; # org/springframework/data/repository/config/CustomRepositoryImplementationDetector$$Lambda+0x00000224944f7538
instanceKlass  @bci org/springframework/data/repository/config/CustomRepositoryImplementationDetector detectCustomImplementation (Lorg/springframework/data/repository/config/ImplementationLookupConfiguration;)Ljava/util/Optional; 15 <appendix> member <vmtarget> ; # org/springframework/data/repository/config/CustomRepositoryImplementationDetector$$Lambda+0x00000224944f7310
instanceKlass  @bci org/springframework/data/repository/config/CustomRepositoryImplementationDetector findCandidateBeanDefinitions (Lorg/springframework/data/repository/config/ImplementationDetectionConfiguration;)Ljava/util/Set; 98 <appendix> member <vmtarget> ; # org/springframework/data/repository/config/CustomRepositoryImplementationDetector$$Lambda+0x00000224944f70c8
instanceKlass  @bci org/springframework/data/repository/config/CustomRepositoryImplementationDetector findCandidateBeanDefinitions (Lorg/springframework/data/repository/config/ImplementationDetectionConfiguration;)Ljava/util/Set; 76 <appendix> member <vmtarget> ; # org/springframework/data/repository/config/CustomRepositoryImplementationDetector$$Lambda+0x00000224944f6e90
instanceKlass  @bci org/springframework/data/repository/config/CustomRepositoryImplementationDetector findCandidateBeanDefinitions (Lorg/springframework/data/repository/config/ImplementationDetectionConfiguration;)Ljava/util/Set; 56 <appendix> argL0 ; # org/springframework/data/repository/config/CustomRepositoryImplementationDetector$$Lambda+0x00000224944f6c70
instanceKlass org/springframework/data/repository/config/DefaultImplementationLookupConfiguration
instanceKlass  @bci org/springframework/cglib/core/SpringNamingPolicy getClassName (Ljava/lang/String;Ljava/lang/String;Ljava/lang/Object;Lorg/springframework/cglib/core/Predicate;)Ljava/lang/String; 124 <appendix> form vmentry <vmtarget> ; # java/lang/invoke/LambdaForm$MH+0x0000022494509400
# instanceKlass java/lang/invoke/LambdaForm$MH+0x0000022494509000
instanceKlass  @bci org/springframework/cglib/core/SpringNamingPolicy getClassName (Ljava/lang/String;Ljava/lang/String;Ljava/lang/Object;Lorg/springframework/cglib/core/Predicate;)Ljava/lang/String; 124 <appendix> argL3 form vmentry <vmtarget> ; # java/lang/invoke/LambdaForm$MH+0x0000022494508c00
# instanceKlass java/lang/invoke/LambdaForm$MH+0x0000022494508800
# instanceKlass java/lang/invoke/LambdaForm$MH+0x0000022494508400
# instanceKlass java/lang/invoke/LambdaForm$MH+0x0000022494508000
instanceKlass  @bci org/springframework/data/repository/config/RepositoryBeanDefinitionBuilder build (Lorg/springframework/data/repository/config/RepositoryConfiguration;)Lorg/springframework/beans/factory/support/BeanDefinitionBuilder; 191 <appendix> member <vmtarget> ; # org/springframework/data/repository/config/RepositoryBeanDefinitionBuilder$$Lambda+0x00000224944f6160
instanceKlass org/springframework/data/repository/config/NamedQueriesBeanDefinitionBuilder
instanceKlass  @bci org/springframework/data/repository/config/RepositoryBeanDefinitionBuilder build (Lorg/springframework/data/repository/config/RepositoryConfiguration;)Lorg/springframework/beans/factory/support/BeanDefinitionBuilder; 154 <appendix> member <vmtarget> ; # org/springframework/data/repository/config/RepositoryBeanDefinitionBuilder$$Lambda+0x00000224944f5d08
instanceKlass  @bci org/springframework/data/repository/config/RepositoryBeanDefinitionBuilder build (Lorg/springframework/data/repository/config/RepositoryConfiguration;)Lorg/springframework/beans/factory/support/BeanDefinitionBuilder; 139 <appendix> member <vmtarget> ; # org/springframework/data/repository/config/RepositoryBeanDefinitionBuilder$$Lambda+0x00000224944f5ad0
instanceKlass  @bci org/springframework/data/repository/config/DefaultRepositoryConfiguration getRepositoryFactoryBeanClassName ()Ljava/lang/String; 18 <appendix> member <vmtarget> ; # org/springframework/data/repository/config/DefaultRepositoryConfiguration$$Lambda+0x00000224944f58a8
instanceKlass com/example/resortbackendapplication1/unit/repository/UnitTypeRepository
instanceKlass com/example/resortbackendapplication1/unit/repository/UnitTypeLocaleRepository
instanceKlass com/example/resortbackendapplication1/unit/repository/UnitRepository
instanceKlass com/example/resortbackendapplication1/unit/repository/UnitLocaleRepository
instanceKlass com/example/resortbackendapplication1/roomcategory/repository/RoomCategoryRepository
instanceKlass com/example/resortbackendapplication1/roomcategory/repository/RoomCategoryLocaleRepository
instanceKlass com/example/resortbackendapplication1/price/repository/PriceUnitScopeAssignmentRepository
instanceKlass com/example/resortbackendapplication1/price/repository/PriceUnitRepository
instanceKlass com/example/resortbackendapplication1/price/repository/PriceUnitLocaleRepository
instanceKlass com/example/resortbackendapplication1/price/repository/PriceTypeScopeAssignmentRepository
instanceKlass com/example/resortbackendapplication1/price/repository/PriceTypeRepository
instanceKlass com/example/resortbackendapplication1/price/repository/PriceTypeLocaleRepository
instanceKlass com/example/resortbackendapplication1/price/repository/PriceScopeRepository
instanceKlass com/example/resortbackendapplication1/price/repository/PriceScopeLocaleRepository
instanceKlass com/example/resortbackendapplication1/locale/repository/LocaleRepository
instanceKlass com/example/resortbackendapplication1/image/hosting/repository/ImageHostingProviderRepository
instanceKlass com/example/resortbackendapplication1/commons/imagehosting/ImageHostingConfigSource
instanceKlass com/example/resortbackendapplication1/image/hosting/repository/ImageHostingProviderConfigRepository
instanceKlass com/example/resortbackendapplication1/image/hosting/repository/ImageHostingProviderConfigFieldRepository
instanceKlass com/example/resortbackendapplication1/facility/repository/FacilityScopeRepository
instanceKlass com/example/resortbackendapplication1/facility/repository/FacilityScopeLocaleRepository
instanceKlass com/example/resortbackendapplication1/facility/repository/FacilityScopeAssignmentRepository
instanceKlass com/example/resortbackendapplication1/facility/repository/FacilityRepository
instanceKlass com/example/resortbackendapplication1/facility/repository/FacilityLocaleRepository
instanceKlass com/example/resortbackendapplication1/facility/repository/FacilityGroupScopeAssignmentRepository
instanceKlass com/example/resortbackendapplication1/facility/repository/FacilityGroupRepository
instanceKlass com/example/resortbackendapplication1/facility/repository/FacilityGroupLocaleRepository
instanceKlass com/example/resortbackendapplication1/facility/repository/FacilityFacilityGroupAssignmentRepository
instanceKlass com/example/resortbackendapplication1/dayofweek/repository/DayOfWeekRepository
instanceKlass com/example/resortbackendapplication1/dayofweek/repository/DayOfWeekLocaleRepository
instanceKlass com/example/resortbackendapplication1/currency/repository/CurrencyRepository
instanceKlass com/example/resortbackendapplication1/currency/repository/CurrencyLocaleRepository
instanceKlass com/example/resortbackendapplication1/contact/repository/ContactTypeRepository
instanceKlass com/example/resortbackendapplication1/contact/repository/ContactTypeLocaleRepository
instanceKlass com/example/resortbackendapplication1/contact/repository/CommunicationChannelRepository
instanceKlass com/example/resortbackendapplication1/contact/repository/CommunicationChannelLocaleRepository
instanceKlass com/example/resortbackendapplication1/bedtype/repository/BedTypeRepository
instanceKlass com/example/resortbackendapplication1/bedtype/repository/BedTypeLocaleRepository
instanceKlass com/example/resortbackendapplication1/auth/repository/UserRepository
instanceKlass com/example/resortbackendapplication1/auth/repository/UserPermissionRepository
instanceKlass com/example/resortbackendapplication1/auth/repository/RoleRepository
instanceKlass com/example/resortbackendapplication1/auth/repository/PermissionRepository
instanceKlass com/example/resortbackendapplication1/address/repository/CountryRepository
instanceKlass com/example/resortbackendapplication1/address/repository/CountryLocaleRepository
instanceKlass com/example/resortbackendapplication1/address/repository/CityRepository
instanceKlass org/springframework/data/jpa/domain/DeleteSpecification
instanceKlass org/springframework/data/jpa/domain/Specification
instanceKlass org/springframework/data/jpa/domain/PredicateSpecification
instanceKlass org/springframework/data/jpa/domain/UpdateSpecification
instanceKlass org/springframework/data/domain/Example
instanceKlass org/springframework/data/domain/Page
instanceKlass org/springframework/data/domain/Slice
instanceKlass  @bci org/springframework/data/core/ReactiveWrappers <clinit> ()V 58 <appendix> argL0 ; # org/springframework/data/core/ReactiveWrappers$$Lambda+0x00000224944f4858
instanceKlass org/springframework/data/core/ReactiveWrappers
instanceKlass  @bci org/springframework/data/repository/core/support/DefaultRepositoryMetadata <init> (Ljava/lang/Class;)V 53 <appendix> member <vmtarget> ; # org/springframework/data/repository/core/support/DefaultRepositoryMetadata$$Lambda+0x00000224944f3fe8
instanceKlass  @bci org/springframework/data/repository/core/support/DefaultRepositoryMetadata <init> (Ljava/lang/Class;)V 38 <appendix> member <vmtarget> ; # org/springframework/data/repository/core/support/DefaultRepositoryMetadata$$Lambda+0x00000224944f3dc0
instanceKlass  @bci org/springframework/data/core/TypeDiscoverer doGetTypeArguments ()Ljava/util/List; 24 <appendix> argL0 ; # org/springframework/data/core/TypeDiscoverer$$Lambda+0x00000224944f3b80
instanceKlass  @bci org/springframework/data/core/TypeDiscoverer getSuperTypeInformation (Ljava/lang/Class;)Lorg/springframework/data/core/TypeInformation; 77 <appendix> argL0 ; # org/springframework/data/core/TypeDiscoverer$$Lambda+0x00000224944f3930
instanceKlass com/example/resortbackendapplication1/commons/model/entity/AuditableEntity
instanceKlass  @bci org/springframework/data/repository/core/support/AbstractRepositoryMetadata <init> (Ljava/lang/Class;)V 38 <appendix> member <vmtarget> ; # org/springframework/data/repository/core/support/AbstractRepositoryMetadata$$Lambda+0x00000224944f3708
instanceKlass org/springframework/util/ConcurrentLruCache$AddTask
instanceKlass  @bci org/springframework/data/core/TypeDiscoverer <init> (Lorg/springframework/core/ResolvableType;)V 104 <appendix> member <vmtarget> ; # org/springframework/data/core/TypeDiscoverer$$Lambda+0x00000224944f2a58
instanceKlass  @bci org/springframework/data/core/TypeDiscoverer <init> (Lorg/springframework/core/ResolvableType;)V 91 <appendix> member <vmtarget> ; # org/springframework/data/core/TypeDiscoverer$$Lambda+0x00000224944f2830
instanceKlass  @bci org/springframework/data/core/TypeDiscoverer <init> (Lorg/springframework/core/ResolvableType;)V 78 <appendix> member <vmtarget> ; # org/springframework/data/core/TypeDiscoverer$$Lambda+0x00000224944f2608
instanceKlass  @bci org/springframework/data/core/TypeDiscoverer <init> (Lorg/springframework/core/ResolvableType;)V 65 <appendix> member <vmtarget> ; # org/springframework/data/core/TypeDiscoverer$$Lambda+0x00000224944f23e0
instanceKlass  @bci org/springframework/data/core/TypeDiscoverer <init> (Lorg/springframework/core/ResolvableType;)V 30 <appendix> member <vmtarget> ; # org/springframework/data/core/TypeDiscoverer$$Lambda+0x00000224944f21b8
instanceKlass  @bci org/springframework/data/core/TypeDiscoverer <init> (Lorg/springframework/core/ResolvableType;)V 17 <appendix> member <vmtarget> ; # org/springframework/data/core/TypeDiscoverer$$Lambda+0x00000224944f1f90
instanceKlass  @bci org/springframework/data/core/ClassTypeInformation <clinit> ()V 25 <appendix> argL0 ; # org/springframework/data/core/ClassTypeInformation$$Lambda+0x00000224944f1d50
instanceKlass  @bci org/springframework/data/core/ClassTypeInformation <clinit> ()V 7 <appendix> argL0 ; # org/springframework/data/core/ClassTypeInformation$$Lambda+0x00000224944f1b10
instanceKlass org/springframework/util/ConcurrentLruCache$WriteOperations
instanceKlass org/springframework/util/ConcurrentLruCache$ReadOperations
instanceKlass org/springframework/util/ConcurrentLruCache$EvictionQueue
instanceKlass  @bci org/springframework/data/core/TypeDiscoverer <clinit> ()V 6 <appendix> argL0 ; # org/springframework/data/core/TypeDiscoverer$$Lambda+0x00000224944f0768
instanceKlass org/springframework/util/ConcurrentLruCache
instanceKlass org/springframework/data/core/TypeDiscoverer
instanceKlass org/springframework/data/core/TypeInformation
instanceKlass  @bci org/springframework/data/repository/core/support/AbstractRepositoryMetadata <init> (Ljava/lang/Class;)V 15 <appendix> member <vmtarget> ; # org/springframework/data/repository/core/support/AbstractRepositoryMetadata$$Lambda+0x00000224944ef8c8
instanceKlass org/springframework/data/repository/core/CrudMethods
instanceKlass org/springframework/data/repository/core/support/AbstractRepositoryMetadata
instanceKlass org/springframework/data/repository/core/RepositoryMetadata
instanceKlass com/example/resortbackendapplication1/address/repository/CityLocaleRepository
instanceKlass org/springframework/data/jpa/repository/JpaSpecificationExecutor
instanceKlass  @bci org/springframework/data/jpa/repository/config/JpaRepositoryConfigExtension$LazyJvmAgent isActive (Ljava/lang/ClassLoader;)Z 9 <appendix> member <vmtarget> ; # org/springframework/data/jpa/repository/config/JpaRepositoryConfigExtension$LazyJvmAgent$$Lambda+0x00000224944ee7a0
instanceKlass org/springframework/data/jpa/repository/config/JpaRepositoryConfigExtension$LazyJvmAgent
instanceKlass  @bci org/springframework/data/repository/config/DefaultRepositoryConfiguration <init> (Lorg/springframework/data/repository/config/RepositoryConfigurationSource;Lorg/springframework/beans/factory/config/BeanDefinition;Lorg/springframework/data/repository/config/RepositoryConfigurationExtension;)V 22 <appendix> member <vmtarget> ; # org/springframework/data/repository/config/DefaultRepositoryConfiguration$$Lambda+0x00000224944ee370
instanceKlass org/springframework/data/repository/config/DefaultRepositoryConfiguration
instanceKlass  @bci org/springframework/data/repository/config/RepositoryConfigurationSourceSupport lambda$getCandidates$0 (Lorg/springframework/data/repository/config/RepositoryComponentProvider;)Ljava/util/stream/Stream; 10 <appendix> member <vmtarget> ; # org/springframework/data/repository/config/RepositoryConfigurationSourceSupport$$Lambda+0x00000224944eddd0
instanceKlass  @bci org/springframework/data/util/Streamable of (Ljava/lang/Iterable;)Lorg/springframework/data/util/Streamable; 12 <appendix> member <vmtarget> ; # org/springframework/data/util/Streamable$$Lambda+0x00000224944eda88
instanceKlass org/springframework/util/MethodInvoker
instanceKlass  @bci org/springframework/core/convert/TypeDescriptor <init> (Lorg/springframework/core/MethodParameter;)V 29 <appendix> member <vmtarget> ; # org/springframework/core/convert/TypeDescriptor$$Lambda+0x00000224944ed5c8
instanceKlass org/springframework/beans/factory/support/ConstructorResolver$ArgumentsHolder
instanceKlass  @bci org/springframework/beans/factory/support/AutowireUtils <clinit> ()V 0 <appendix> argL0 ; # org/springframework/beans/factory/support/AutowireUtils$$Lambda+0x00000224944ed108
instanceKlass org/springframework/beans/factory/support/AutowireUtils
instanceKlass org/springframework/beans/Mergeable
instanceKlass org/springframework/beans/factory/config/RuntimeBeanNameReference
instanceKlass org/springframework/beans/factory/support/ConstructorResolver
instanceKlass  @bci org/springframework/data/repository/config/RepositoryConfigurationSourceSupport getCandidates (Lorg/springframework/core/io/ResourceLoader;)Lorg/springframework/data/util/Streamable; 59 <appendix> member <vmtarget> ; # org/springframework/data/repository/config/RepositoryConfigurationSourceSupport$$Lambda+0x00000224944ea4f8
instanceKlass  @bci org/springframework/data/repository/config/RepositoryConfigurationSourceSupport getCandidates (Lorg/springframework/core/io/ResourceLoader;)Lorg/springframework/data/util/Streamable; 47 <appendix> member <vmtarget> ; # org/springframework/data/repository/config/RepositoryConfigurationSourceSupport$$Lambda+0x00000224944ea2c0
instanceKlass org/springframework/data/repository/NoRepositoryBean
instanceKlass org/springframework/data/repository/RepositoryDefinition
instanceKlass org/springframework/data/util/LazyStreamable
instanceKlass  @bci org/springframework/data/repository/config/AnnotationRepositoryConfigurationSource parseFilters (Ljava/lang/String;)Lorg/springframework/data/util/Streamable; 11 <appendix> member <vmtarget> ; # org/springframework/data/repository/config/AnnotationRepositoryConfigurationSource$$Lambda+0x00000224944e9700
instanceKlass  @bci org/springframework/data/repository/config/RepositoryConfigurationDelegate registerRepositoriesIn (Lorg/springframework/beans/factory/support/BeanDefinitionRegistry;Lorg/springframework/data/repository/config/RepositoryConfigurationExtension;)Ljava/util/List; 176 <appendix> member <vmtarget> ; # org/springframework/data/repository/config/RepositoryConfigurationDelegate$$Lambda+0x00000224944e9210
instanceKlass org/springframework/util/StopWatch
instanceKlass  @bci org/springframework/data/util/Lazy <clinit> ()V 4 <appendix> argL0 ; # org/springframework/data/util/Lazy$$Lambda+0x00000224944e8d38
instanceKlass org/springframework/data/util/Lazy
instanceKlass  @bci org/springframework/data/repository/config/CustomRepositoryImplementationDetector <init> (Lorg/springframework/core/env/Environment;Lorg/springframework/core/io/ResourceLoader;Lorg/springframework/data/repository/config/ImplementationDetectionConfiguration;)V 35 <appendix> member <vmtarget> ; # org/springframework/data/repository/config/CustomRepositoryImplementationDetector$$Lambda+0x00000224944e8898
instanceKlass org/springframework/data/repository/config/ImplementationLookupConfiguration
instanceKlass org/springframework/data/repository/config/CustomRepositoryImplementationDetector
instanceKlass org/springframework/data/repository/config/FragmentMetadata
instanceKlass org/springframework/data/repository/config/RepositoryBeanDefinitionBuilder
instanceKlass  @bci org/springframework/data/repository/config/RepositoryConfigurationSource getRequiredAttribute (Ljava/lang/String;Ljava/lang/Class;)Ljava/lang/Object; 15 <appendix> member <vmtarget> ; # org/springframework/data/repository/config/RepositoryConfigurationSource$$Lambda+0x00000224944e7798
instanceKlass org/springframework/data/jpa/repository/support/JpaEvaluationContextExtension
instanceKlass org/springframework/data/spel/spi/EvaluationContextExtension
instanceKlass org/springframework/data/spel/spi/ExtensionIdAware
instanceKlass  @bci org/springframework/data/jpa/repository/config/JpaRepositoryConfigExtension registerBeansForRoot (Lorg/springframework/beans/factory/support/BeanDefinitionRegistry;Lorg/springframework/data/repository/config/RepositoryConfigurationSource;)V 69 <appendix> member <vmtarget> ; # org/springframework/data/jpa/repository/config/JpaRepositoryConfigExtension$$Lambda+0x00000224944e6ef8
instanceKlass  @bci org/springframework/data/jpa/repository/config/JpaRepositoryConfigExtension registerBeansForRoot (Lorg/springframework/beans/factory/support/BeanDefinitionRegistry;Lorg/springframework/data/repository/config/RepositoryConfigurationSource;)V 56 <appendix> argL0 ; # org/springframework/data/jpa/repository/config/JpaRepositoryConfigExtension$$Lambda+0x00000224944e6cd8
instanceKlass org/springframework/data/jpa/repository/support/DefaultJpaContext
instanceKlass org/springframework/data/jpa/repository/JpaContext
instanceKlass  @bci org/springframework/data/jpa/repository/config/JpaRepositoryConfigExtension registerBeansForRoot (Lorg/springframework/beans/factory/support/BeanDefinitionRegistry;Lorg/springframework/data/repository/config/RepositoryConfigurationSource;)V 43 <appendix> argL0 ; # org/springframework/data/jpa/repository/config/JpaRepositoryConfigExtension$$Lambda+0x00000224944e6688
instanceKlass  @bci org/springframework/data/jpa/repository/config/JpaRepositoryConfigExtension registerBeansForRoot (Lorg/springframework/beans/factory/support/BeanDefinitionRegistry;Lorg/springframework/data/repository/config/RepositoryConfigurationSource;)V 31 <appendix> argL0 ; # org/springframework/data/jpa/repository/config/JpaRepositoryConfigExtension$$Lambda+0x00000224944e6468
instanceKlass  @bci org/springframework/data/jpa/repository/config/JpaRepositoryConfigExtension registerBeansForRoot (Lorg/springframework/beans/factory/support/BeanDefinitionRegistry;Lorg/springframework/data/repository/config/RepositoryConfigurationSource;)V 19 <appendix> argL0 ; # org/springframework/data/jpa/repository/config/JpaRepositoryConfigExtension$$Lambda+0x00000224944e6248
instanceKlass  @bci org/springframework/data/repository/config/AnnotationRepositoryConfigurationSource getAttribute (Ljava/lang/String;Ljava/lang/Class;)Ljava/util/Optional; 54 <appendix> member <vmtarget> ; # org/springframework/data/repository/config/AnnotationRepositoryConfigurationSource$$Lambda+0x00000224944e6020
instanceKlass org/springframework/data/repository/config/RepositoryConfiguration
instanceKlass org/springframework/data/repository/core/support/RepositoryFactorySupport
instanceKlass  @bci org/springframework/data/repository/config/AnnotationRepositoryConfigurationSource hasExplicitFilters (Lorg/springframework/core/annotation/AnnotationAttributes;)Z 18 <appendix> member <vmtarget> ; # org/springframework/data/repository/config/AnnotationRepositoryConfigurationSource$$Lambda+0x00000224944e4760
instanceKlass  @bci org/springframework/data/repository/config/AnnotationRepositoryConfigurationSource <init> (Lorg/springframework/core/type/AnnotationMetadata;Ljava/lang/Class;Lorg/springframework/core/io/ResourceLoader;Lorg/springframework/core/env/Environment;Lorg/springframework/beans/factory/support/BeanDefinitionRegistry;Lorg/springframework/beans/factory/support/BeanNameGenerator;)V 111 <appendix> member <vmtarget> ; # org/springframework/data/repository/config/AnnotationRepositoryConfigurationSource$$Lambda+0x00000224944e4518
instanceKlass org/springframework/data/repository/config/RepositoryBeanNameGenerator
instanceKlass org/springframework/data/repository/config/RepositoryBeanDefinitionRegistrarSupport
instanceKlass org/springframework/data/config/ConfigurationUtils
instanceKlass org/springframework/data/repository/config/ImplementationDetectionConfiguration
instanceKlass org/springframework/data/jpa/repository/query/QueryEnhancerSelector$DefaultQueryEnhancerSelector
instanceKlass org/springframework/data/jpa/repository/query/QueryEnhancerSelector
instanceKlass org/springframework/data/repository/config/DefaultRepositoryBaseClass
instanceKlass org/springframework/data/jpa/repository/config/EnableJpaRepositories
instanceKlass org/springframework/boot/data/jpa/autoconfigure/DataJpaRepositoriesRegistrar$EnableJpaRepositoriesConfiguration
instanceKlass org/springframework/data/repository/config/RepositoryConfigurationDelegate
instanceKlass org/springframework/data/repository/config/RepositoryConfigurationExtensionSupport
instanceKlass org/springframework/data/repository/core/support/RepositoryFactoryBeanSupport
instanceKlass org/springframework/data/repository/core/support/RepositoryFactoryInformation
instanceKlass org/springframework/boot/hibernate/autoconfigure/HibernateJpaAutoConfiguration
instanceKlass org/springframework/beans/factory/support/AbstractAutowireCapableBeanFactory$FactoryBeanMethodTypeFinder
instanceKlass org/springframework/boot/jdbc/autoconfigure/DataSourceTransactionManagerAutoConfiguration
instanceKlass org/springframework/boot/hibernate/autoconfigure/HibernateProperties$Naming
instanceKlass org/hibernate/boot/model/naming/ImplicitNamingStrategy
instanceKlass org/hibernate/boot/model/naming/PhysicalNamingStrategy
instanceKlass org/springframework/orm/jpa/vendor/AbstractJpaVendorAdapter
instanceKlass org/springframework/transaction/support/ResourceTransactionManager
instanceKlass org/springframework/boot/jpa/autoconfigure/EntityManagerFactoryBuilderCustomizer
instanceKlass org/springframework/boot/jpa/EntityManagerFactoryBuilder
instanceKlass org/springframework/boot/jpa/autoconfigure/JpaProperties
instanceKlass org/springframework/orm/jpa/JpaVendorAdapter
instanceKlass org/springframework/boot/jpa/autoconfigure/JpaBaseConfiguration
instanceKlass org/springframework/boot/hibernate/autoconfigure/HibernateJpaConfiguration$Hibernate72RuntimeHints
instanceKlass org/springframework/boot/hibernate/autoconfigure/HibernateJpaConfiguration$HibernateRuntimeHints
instanceKlass org/springframework/boot/hibernate/autoconfigure/HibernateProperties
instanceKlass org/springframework/orm/jpa/persistenceunit/PersistenceManagedTypes
instanceKlass org/springframework/boot/jpa/autoconfigure/JpaBaseConfiguration$PersistenceManagedTypesConfiguration
instanceKlass org/springframework/boot/jpa/autoconfigure/JpaBaseConfiguration$JpaWebConfiguration
instanceKlass org/springframework/orm/jpa/EntityManagerFactoryAccessor
instanceKlass org/springframework/web/context/request/AsyncWebRequestInterceptor
instanceKlass org/springframework/web/context/request/WebRequestInterceptor
instanceKlass org/springframework/boot/jdbc/autoconfigure/DataSourceAutoConfiguration
instanceKlass org/springframework/boot/jdbc/metadata/DataSourcePoolMetadataProvider
instanceKlass org/springframework/boot/jdbc/metadata/DataSourcePoolMetadata
instanceKlass org/springframework/boot/jdbc/autoconfigure/DataSourcePoolMetadataProvidersConfiguration$HikariPoolDataSourceMetadataProviderConfiguration
instanceKlass org/springframework/boot/jdbc/autoconfigure/PropertiesJdbcConnectionDetails
instanceKlass org/springframework/boot/transaction/autoconfigure/TransactionManagerCustomizers
instanceKlass org/springframework/boot/transaction/autoconfigure/ExecutionListenersTransactionManagerCustomizer
instanceKlass org/springframework/boot/transaction/autoconfigure/TransactionProperties
instanceKlass org/springframework/boot/transaction/autoconfigure/TransactionManagerCustomizer
instanceKlass org/springframework/boot/jdbc/autoconfigure/DataSourceProperties$Xa
instanceKlass org/springframework/boot/jdbc/autoconfigure/DataSourceCheckpointRestoreConfiguration
instanceKlass org/springframework/boot/jdbc/autoconfigure/DataSourcePoolMetadataProvidersConfiguration
instanceKlass org/springframework/boot/jdbc/autoconfigure/DataSourceInitializationAutoConfiguration
instanceKlass org/springframework/boot/jdbc/autoconfigure/DataSourcePoolMetadataProvidersConfiguration$HikariDataSourcePoolMetadataRuntimeHints
instanceKlass org/springframework/boot/jdbc/autoconfigure/DataSourceAutoConfiguration$PooledDataSourceConfiguration
instanceKlass org/springframework/boot/jdbc/autoconfigure/DataSourceJmxConfiguration$Hikari
instanceKlass org/springframework/boot/jdbc/autoconfigure/DataSourceJmxConfiguration
instanceKlass org/springframework/boot/jdbc/autoconfigure/DataSourceConfiguration$Generic
instanceKlass org/springframework/boot/jdbc/autoconfigure/DataSourceConfiguration$OracleUcp
instanceKlass org/springframework/boot/jdbc/autoconfigure/DataSourceConfiguration$Dbcp2
instanceKlass org/springframework/boot/jdbc/autoconfigure/DataSourceConfiguration$Tomcat
instanceKlass org/springframework/boot/jdbc/autoconfigure/JdbcConnectionDetailsBeanPostProcessor
instanceKlass org/springframework/boot/jdbc/autoconfigure/JdbcConnectionDetails
instanceKlass org/springframework/boot/autoconfigure/service/connection/ConnectionDetails
instanceKlass org/springframework/boot/jdbc/autoconfigure/DataSourceProperties
instanceKlass org/springframework/boot/jdbc/autoconfigure/DataSourceConfiguration$Hikari
instanceKlass  @bci org/springframework/boot/autoconfigure/condition/OnBeanCondition$SingleCandidateSpec validate (Lorg/springframework/boot/autoconfigure/condition/OnBeanCondition$BeanTypeDeductionException;)V 19 <appendix> member <vmtarget> ; # org/springframework/boot/autoconfigure/condition/OnBeanCondition$SingleCandidateSpec$$Lambda+0x00000224944d8208
instanceKlass javax/sql/XADataSource
# instanceKlass java/lang/invoke/LambdaForm$DMH+0x00000224944dc000
instanceKlass org/springframework/boot/transaction/jta/autoconfigure/JtaAutoConfiguration
instanceKlass org/springframework/boot/transaction/jta/autoconfigure/JndiJtaConfiguration
instanceKlass org/springframework/boot/transaction/autoconfigure/TransactionManagerCustomizationAutoConfiguration
instanceKlass org/springframework/boot/transaction/autoconfigure/TransactionAutoConfiguration
instanceKlass org/springframework/boot/data/autoconfigure/web/DataWebProperties$Sort
instanceKlass org/springframework/boot/data/autoconfigure/web/DataWebProperties$Pageable
instanceKlass org/springframework/data/web/config/SpringDataJackson3Configuration
instanceKlass org/springframework/data/web/config/SpringDataJacksonConfiguration
instanceKlass org/springframework/data/web/OffsetScrollPositionHandlerMethodArgumentResolverSupport
instanceKlass org/springframework/data/web/OffsetScrollPositionArgumentResolver
instanceKlass org/springframework/data/web/config/OffsetScrollPositionHandlerMethodArgumentResolverCustomizer
instanceKlass org/springframework/data/web/config/ProjectingArgumentResolverRegistrar$ProjectingArgumentResolverBeanPostProcessor
instanceKlass org/springframework/data/web/SortHandlerMethodArgumentResolverSupport
instanceKlass org/springframework/data/web/SortArgumentResolver
instanceKlass org/springframework/data/web/config/SortHandlerMethodArgumentResolverCustomizer
instanceKlass org/springframework/data/web/config/PageableHandlerMethodArgumentResolverCustomizer
instanceKlass org/springframework/boot/data/autoconfigure/web/DataWebAutoConfiguration
instanceKlass org/springframework/boot/autoconfigure/task/TaskSchedulingAutoConfiguration
instanceKlass org/springframework/boot/autoconfigure/task/TaskSchedulingProperties$Shutdown
instanceKlass org/springframework/boot/autoconfigure/task/TaskSchedulingProperties$Simple
instanceKlass org/springframework/boot/autoconfigure/task/TaskSchedulingProperties$Pool
instanceKlass org/springframework/boot/autoconfigure/task/TaskSchedulingConfigurations$TaskSchedulerConfiguration
# instanceKlass java/lang/invoke/LambdaForm$MH+0x00000224944d4000
instanceKlass org/springframework/boot/task/SimpleAsyncTaskSchedulerBuilder
instanceKlass org/springframework/boot/autoconfigure/task/TaskSchedulingConfigurations$SimpleAsyncTaskSchedulerBuilderConfiguration
instanceKlass org/springframework/boot/task/ThreadPoolTaskSchedulerBuilder
instanceKlass org/springframework/boot/autoconfigure/task/TaskSchedulingProperties
instanceKlass org/springframework/boot/autoconfigure/task/TaskSchedulingConfigurations$ThreadPoolTaskSchedulerBuilderConfiguration
instanceKlass org/springframework/boot/autoconfigure/ssl/SslProperties$Bundles
instanceKlass org/springframework/boot/autoconfigure/ssl/SslPropertiesBundleRegistrar
instanceKlass org/springframework/boot/autoconfigure/ssl/FileWatcher
instanceKlass org/springframework/boot/autoconfigure/ssl/SslBundleRegistrar
instanceKlass org/springframework/boot/ssl/DefaultSslBundleRegistry
instanceKlass org/springframework/boot/autoconfigure/ssl/SslAutoConfiguration
instanceKlass org/springframework/boot/autoconfigure/info/ProjectInfoAutoConfiguration
instanceKlass org/springframework/context/support/DefaultLifecycleProcessor
instanceKlass org/springframework/boot/autoconfigure/context/LifecycleAutoConfiguration
instanceKlass org/springframework/boot/autoconfigure/context/ConfigurationPropertiesAutoConfiguration
instanceKlass org/springframework/boot/availability/ApplicationAvailabilityBean
instanceKlass org/springframework/boot/ssl/SslBundles
instanceKlass org/springframework/boot/ssl/SslBundleRegistry
instanceKlass org/springframework/boot/autoconfigure/ssl/SslProperties
instanceKlass org/springframework/boot/autoconfigure/info/ProjectInfoProperties$Git
instanceKlass org/springframework/boot/autoconfigure/info/ProjectInfoProperties$Build
instanceKlass org/springframework/boot/autoconfigure/info/ProjectInfoProperties
instanceKlass org/springframework/boot/autoconfigure/context/LifecycleProperties
instanceKlass org/springframework/boot/autoconfigure/availability/ApplicationAvailabilityAutoConfiguration
instanceKlass org/springframework/boot/autoconfigure/aop/AopAutoConfiguration
instanceKlass org/springframework/boot/autoconfigure/aop/AopAutoConfiguration$AspectJAutoProxyingConfiguration
instanceKlass org/springframework/boot/autoconfigure/aop/AopAutoConfiguration$AspectJAutoProxyingConfiguration$CglibAutoProxyConfiguration
instanceKlass org/springframework/boot/availability/ApplicationAvailability
instanceKlass org/springframework/boot/admin/SpringApplicationAdminMXBeanRegistrar
instanceKlass org/springframework/boot/autoconfigure/admin/SpringApplicationAdminJmxAutoConfiguration
instanceKlass org/springframework/jmx/export/naming/MetadataNamingStrategy
instanceKlass org/springframework/jmx/export/metadata/JmxAttributeSource
instanceKlass org/springframework/jmx/export/naming/ObjectNamingStrategy
instanceKlass org/springframework/boot/autoconfigure/jmx/JmxAutoConfiguration
instanceKlass org/springframework/boot/autoconfigure/jmx/JmxProperties
instanceKlass org/springdoc/webmvc/ui/SwaggerWebMvcConfigurer
instanceKlass org/springframework/web/servlet/resource/AbstractResourceResolver
instanceKlass org/springframework/web/servlet/resource/ResourceResolver
instanceKlass org/springdoc/webmvc/ui/SwaggerConfigResource
instanceKlass org/springdoc/ui/AbstractSwaggerWelcome
instanceKlass org/springdoc/webmvc/ui/SwaggerUiHome
instanceKlass org/springdoc/webmvc/ui/SwaggerIndexTransformer
instanceKlass org/springframework/web/servlet/resource/ResourceTransformer
instanceKlass org/springdoc/webmvc/ui/SwaggerConfig
instanceKlass io/swagger/v3/core/filter/SpecFilter
instanceKlass org/springdoc/core/service/GenericResponseService
instanceKlass org/springdoc/core/service/AbstractRequestService
instanceKlass org/springdoc/core/providers/SpringWebProvider
instanceKlass org/springdoc/webmvc/core/configuration/SpringDocWebMvcConfiguration
instanceKlass org/springframework/expression/spel/CodeFlow
instanceKlass org/springdoc/webmvc/core/configuration/SpringDocWebMvcConfiguration$SpringDocWebMvcActuatorConfiguration
instanceKlass org/springdoc/webmvc/core/providers/RouterFunctionWebMvcProvider
instanceKlass org/springdoc/core/providers/RouterFunctionProvider
instanceKlass org/springdoc/webmvc/core/configuration/SpringDocWebMvcConfiguration$SpringDocWebMvcRouterConfiguration
instanceKlass org/springdoc/core/properties/SwaggerUiOAuthProperties
instanceKlass org/springdoc/core/properties/AbstractSwaggerUiConfigProperties
instanceKlass org/springdoc/core/converters/SortOpenAPIConverter
instanceKlass org/springdoc/core/configuration/SpringDocSortConfiguration
instanceKlass org/springdoc/core/configuration/SpringDocSecurityConfiguration
instanceKlass org/springdoc/core/configuration/SpringDocSecurityConfiguration$SpringSecurityLoginEndpointConfiguration
instanceKlass org/springdoc/core/configuration/hints/SpringDocSecurityHints
instanceKlass org/springframework/data/web/PagedModel
instanceKlass org/springdoc/core/converters/PageOpenAPIConverter
instanceKlass org/springdoc/core/converters/PageableOpenAPIConverter
instanceKlass org/springdoc/core/customizers/DataRestDelegatingMethodParameterCustomizer
instanceKlass org/springdoc/core/configuration/SpringDocPageableConfiguration
# instanceKlass java/lang/invoke/LambdaForm$DMH+0x00000224944c8000
instanceKlass org/springdoc/core/events/SpringDocAppInitializer
instanceKlass org/springdoc/core/customizers/SpringDocCustomizers
instanceKlass org/springdoc/core/converters/ResponseSupportConverter
instanceKlass org/springdoc/core/converters/ModelConverterRegistrar
instanceKlass org/springdoc/core/converters/PolymorphicModelConverter
instanceKlass org/springdoc/core/converters/OAS31ModelConverter
instanceKlass org/springdoc/core/extractor/MethodParameterPojoExtractor
instanceKlass org/springdoc/core/converters/PropertyCustomizingConverter
instanceKlass org/springdoc/core/converters/SchemaPropertyDeprecatingConverter
instanceKlass org/springdoc/core/utils/SchemaUtils
instanceKlass org/springdoc/core/providers/SpringDocProviders
instanceKlass org/springdoc/core/service/OperationService
instanceKlass org/springdoc/core/service/RequestBodyService
instanceKlass org/springdoc/core/service/GenericParameterService
instanceKlass org/springdoc/core/utils/PropertyResolverUtils
instanceKlass org/springdoc/core/service/SecurityService
instanceKlass org/springdoc/core/customizers/ParameterObjectNamingStrategyCustomizer
instanceKlass org/springdoc/core/customizers/DelegatingMethodParameterCustomizer
instanceKlass org/springdoc/core/service/OpenAPIService
instanceKlass org/springdoc/core/converters/FileSupportConverter
instanceKlass org/springdoc/core/converters/AdditionalModelsConverter
instanceKlass io/swagger/v3/core/util/ObjectMapperFactory
instanceKlass org/springdoc/core/customizers/GlobalOpenApiCustomizer
instanceKlass org/springdoc/core/customizers/PropertyCustomizer
instanceKlass org/springdoc/core/configuration/SpringDocConfiguration
instanceKlass org/springdoc/core/providers/WebConversionServiceProvider
instanceKlass org/springdoc/core/configuration/SpringDocConfiguration$WebConversionServiceConfiguration
instanceKlass org/springdoc/core/models/GroupedOpenApi
instanceKlass org/springdoc/core/providers/SpringDataWebPropertiesProvider
instanceKlass org/springdoc/core/configuration/SpringDocConfiguration$SpringDocSpringDataWebPropertiesProvider
instanceKlass org/springdoc/core/configuration/SpringDocConfiguration$OpenApiResourceAdvice
instanceKlass org/springdoc/core/customizers/QuerydslPredicateOperationCustomizer
instanceKlass org/springdoc/core/customizers/GlobalOperationCustomizer
instanceKlass org/springdoc/core/customizers/OperationCustomizer
instanceKlass org/springdoc/core/configuration/SpringDocConfiguration$QuerydslProvider
instanceKlass org/springframework/boot/webmvc/autoconfigure/WebMvcAutoConfiguration$ResourceChainResourceHandlerRegistrationCustomizer
instanceKlass org/springframework/boot/webmvc/autoconfigure/WebMvcAutoConfiguration$ResourceHandlerRegistrationCustomizer
instanceKlass org/springframework/boot/webmvc/autoconfigure/WebMvcAutoConfiguration$ResourceChainCustomizerConfiguration
instanceKlass org/springframework/boot/autoconfigure/web/WebResourcesRuntimeHints
instanceKlass org/springframework/aot/hint/RuntimeHintsRegistrar
instanceKlass org/springframework/core/ResolvableType$WildcardBounds
instanceKlass org/springframework/web/context/request/RequestContextListener
instanceKlass jakarta/servlet/ServletRequestListener
instanceKlass org/springframework/web/method/support/CompositeUriComponentsContributor
instanceKlass org/springframework/web/method/support/UriComponentsContributor
instanceKlass org/springframework/web/servlet/mvc/SimpleControllerHandlerAdapter
instanceKlass org/springframework/web/servlet/handler/HandlerMappingIntrospector
instanceKlass org/springframework/web/cors/PreFlightRequestHandler
instanceKlass org/springframework/web/servlet/mvc/HttpRequestHandlerAdapter
instanceKlass org/springframework/web/servlet/function/support/HandlerFunctionAdapter
instanceKlass org/springframework/web/util/pattern/PathPatternParser
instanceKlass org/springframework/web/util/UrlPathHelper
instanceKlass org/springframework/web/accept/ContentNegotiationManager
instanceKlass org/springframework/web/accept/MediaTypeFileExtensionResolver
instanceKlass org/springframework/web/accept/ContentNegotiationStrategy
instanceKlass org/springframework/boot/webmvc/autoconfigure/WebMvcAutoConfiguration$WelcomePageHandlerMappingFactory
instanceKlass org/springframework/web/accept/ApiVersionStrategy
instanceKlass org/springframework/web/bind/support/ConfigurableWebBindingInitializer
instanceKlass org/springframework/web/servlet/handler/AbstractHandlerExceptionResolver
instanceKlass org/springframework/web/servlet/HandlerAdapter
instanceKlass org/springframework/web/servlet/resource/ResourceUrlProvider
instanceKlass org/springframework/web/bind/support/WebBindingInitializer
instanceKlass org/springframework/web/servlet/handler/MatchableHandlerMapping
instanceKlass org/springframework/web/servlet/HandlerInterceptor
instanceKlass org/springframework/web/servlet/FlashMapManager
instanceKlass org/springframework/web/servlet/RequestToViewNameTranslator
instanceKlass org/springframework/web/servlet/LocaleResolver
instanceKlass org/springframework/web/accept/ApiVersionResolver
instanceKlass org/springframework/boot/webmvc/autoconfigure/WebMvcProperties$Apiversion$Use
instanceKlass org/springframework/boot/http/converter/autoconfigure/ServerHttpMessageConvertersCustomizer
instanceKlass org/springframework/web/servlet/config/annotation/ResourceHandlerRegistration
instanceKlass org/springframework/boot/servlet/filter/OrderedFilter
instanceKlass org/springframework/boot/webmvc/autoconfigure/WebMvcAutoConfiguration$WebMvcAutoConfigurationAdapter
instanceKlass org/springframework/web/servlet/config/annotation/WebMvcConfigurationSupport
instanceKlass org/springframework/boot/autoconfigure/web/ErrorProperties
instanceKlass org/springframework/boot/autoconfigure/web/WebProperties$Resources
instanceKlass org/springframework/boot/webmvc/autoconfigure/error/AbstractErrorController
instanceKlass org/springframework/boot/webmvc/autoconfigure/error/ErrorMvcAutoConfiguration$ErrorPageCustomizer
instanceKlass org/springframework/boot/web/error/ErrorPageRegistrar
instanceKlass org/springframework/boot/webmvc/error/DefaultErrorAttributes
instanceKlass org/springframework/web/servlet/HandlerExceptionResolver
instanceKlass org/springframework/boot/webmvc/autoconfigure/error/ErrorMvcAutoConfiguration$PreserveErrorControllerTargetClassPostProcessor
instanceKlass org/springframework/boot/webmvc/error/ErrorController
instanceKlass org/springframework/boot/webmvc/autoconfigure/error/ErrorMvcAutoConfiguration
instanceKlass org/springframework/boot/webmvc/autoconfigure/error/DefaultErrorViewResolver
instanceKlass org/springframework/boot/webmvc/error/ErrorAttributes
instanceKlass org/springframework/boot/autoconfigure/web/WebProperties
instanceKlass org/springframework/boot/webmvc/autoconfigure/WebMvcAutoConfiguration
instanceKlass org/springframework/boot/webmvc/autoconfigure/error/ErrorViewResolver
instanceKlass org/springframework/boot/webmvc/autoconfigure/error/ErrorMvcAutoConfiguration$DefaultErrorViewResolverConfiguration
instanceKlass org/springframework/web/servlet/ViewResolver
instanceKlass org/springframework/web/servlet/View
instanceKlass org/springframework/boot/webmvc/autoconfigure/error/ErrorMvcAutoConfiguration$WhitelabelErrorViewConfiguration
instanceKlass org/springframework/boot/validation/autoconfigure/ValidationConfigurationCustomizer
instanceKlass org/springframework/validation/beanvalidation/SpringValidatorAdapter
instanceKlass org/springframework/validation/SmartValidator
instanceKlass org/springframework/boot/validation/autoconfigure/ValidationAutoConfiguration
instanceKlass org/springframework/boot/autoconfigure/task/TaskExecutionAutoConfiguration
instanceKlass org/springframework/boot/autoconfigure/task/TaskExecutorConfigurations$ApplicationTaskExecutorAsyncConfigurer
instanceKlass org/springframework/boot/autoconfigure/task/TaskExecutionProperties$Shutdown
instanceKlass org/springframework/boot/autoconfigure/task/TaskExecutionProperties$Simple
instanceKlass org/springframework/boot/autoconfigure/task/TaskExecutionProperties$Pool
instanceKlass org/springframework/boot/autoconfigure/task/TaskExecutorConfigurations$BootstrapExecutorConfiguration
instanceKlass org/springframework/boot/autoconfigure/task/TaskExecutorConfigurations$TaskExecutorConfiguration
instanceKlass org/springframework/boot/autoconfigure/task/TaskExecutorConfigurations$AsyncConfigurerConfiguration
instanceKlass org/springframework/boot/autoconfigure/task/TaskExecutorConfigurations$AsyncConfigurerWrapperConfiguration
instanceKlass  @bci org/springframework/context/annotation/ConfigurationClassParser removeKnownSuperclass (Ljava/lang/String;Z)V 54 <appendix> member <vmtarget> ; # org/springframework/context/annotation/ConfigurationClassParser$$Lambda+0x00000224944aaf38
instanceKlass  @bci org/springframework/boot/autoconfigure/condition/OnBeanCondition appendMessageForMatches (Ljava/lang/StringBuilder;Ljava/util/Map;Ljava/lang/String;)V 12 <appendix> member <vmtarget> ; # org/springframework/boot/autoconfigure/condition/OnBeanCondition$$Lambda+0x00000224944aad00
instanceKlass org/springframework/boot/task/SimpleAsyncTaskExecutorBuilder
instanceKlass org/springframework/boot/autoconfigure/task/TaskExecutorConfigurations$SimpleAsyncTaskExecutorBuilderConfiguration
instanceKlass org/springframework/boot/webmvc/autoconfigure/DispatcherServletAutoConfiguration
instanceKlass  @bci org/springframework/util/ReflectionUtils getAllDeclaredMethods (Ljava/lang/Class;)[Ljava/lang/reflect/Method; 17 <appendix> member <vmtarget> ; # org/springframework/util/ReflectionUtils$$Lambda+0x00000224944afb70
instanceKlass org/springframework/boot/task/ThreadPoolTaskExecutorBuilder
instanceKlass org/springframework/boot/autoconfigure/task/TaskExecutionProperties
instanceKlass org/springframework/boot/autoconfigure/task/TaskExecutorConfigurations$ThreadPoolTaskExecutorBuilderConfiguration
instanceKlass org/springframework/aop/scope/ScopedProxyUtils
instanceKlass org/springframework/boot/webmvc/autoconfigure/DispatcherServletAutoConfiguration$DispatcherServletRegistrationConfiguration
instanceKlass org/springframework/boot/context/properties/BindMethodAttribute
instanceKlass org/springframework/boot/webmvc/autoconfigure/WebMvcProperties$Apiversion
instanceKlass org/springframework/boot/webmvc/autoconfigure/WebMvcProperties$Problemdetails
instanceKlass org/springframework/boot/webmvc/autoconfigure/WebMvcProperties$Pathmatch
instanceKlass org/springframework/boot/webmvc/autoconfigure/WebMvcProperties$Contentnegotiation
instanceKlass org/springframework/boot/webmvc/autoconfigure/WebMvcProperties$View
instanceKlass org/springframework/boot/webmvc/autoconfigure/WebMvcProperties$Servlet
instanceKlass org/springframework/boot/webmvc/autoconfigure/WebMvcProperties$Async
instanceKlass org/springframework/boot/webmvc/autoconfigure/WebMvcProperties$Format
instanceKlass org/springframework/validation/MessageCodeFormatter
instanceKlass org/springframework/boot/context/properties/ConfigurationPropertiesBean
instanceKlass  @bci org/springframework/boot/context/properties/ConfigurationPropertiesBeanRegistrar registerBeanDefinition (Ljava/lang/String;Ljava/lang/Class;Lorg/springframework/core/annotation/MergedAnnotation;)V 7 <appendix> member <vmtarget> ; # org/springframework/boot/context/properties/ConfigurationPropertiesBeanRegistrar$$Lambda+0x00000224944ad408
instanceKlass  @bci org/springframework/boot/context/properties/EnableConfigurationPropertiesRegistrar registerBeanDefinitions (Lorg/springframework/core/type/AnnotationMetadata;Lorg/springframework/beans/factory/support/BeanDefinitionRegistry;)V 28 <appendix> member <vmtarget> ; # org/springframework/boot/context/properties/EnableConfigurationPropertiesRegistrar$$Lambda+0x00000224944acf60
instanceKlass  @bci org/springframework/boot/context/properties/EnableConfigurationPropertiesRegistrar getTypes (Lorg/springframework/core/type/AnnotationMetadata;)Ljava/util/Set; 23 <appendix> argL0 ; # org/springframework/boot/context/properties/EnableConfigurationPropertiesRegistrar$$Lambda+0x00000224944acd10
instanceKlass  @bci org/springframework/boot/context/properties/EnableConfigurationPropertiesRegistrar getTypes (Lorg/springframework/core/type/AnnotationMetadata;)Ljava/util/Set; 13 <appendix> argL0 ; # org/springframework/boot/context/properties/EnableConfigurationPropertiesRegistrar$$Lambda+0x00000224944acad0
instanceKlass org/springframework/boot/context/properties/ConfigurationPropertiesBeanRegistrar
instanceKlass org/springframework/boot/validation/beanvalidation/MethodValidationExcludeFilter
instanceKlass org/springframework/boot/context/properties/BoundConfigurationProperties
instanceKlass org/springframework/boot/context/properties/ConfigurationPropertiesBinder$ConfigurationPropertiesBinderFactory
instanceKlass org/springframework/boot/context/properties/ConfigurationPropertiesBinder
instanceKlass org/springframework/boot/context/properties/ConfigurationPropertiesBindingPostProcessor
instanceKlass org/springframework/boot/webmvc/autoconfigure/DispatcherServletAutoConfiguration$DispatcherServletConfiguration
instanceKlass org/springframework/boot/webmvc/autoconfigure/WebMvcProperties
instanceKlass  @bci org/springframework/boot/autoconfigure/condition/OnBeanCondition getMatchingBeans (Lorg/springframework/boot/autoconfigure/condition/OnBeanCondition$Spec;)Lorg/springframework/boot/autoconfigure/condition/OnBeanCondition$MatchResult; 116 <appendix> member <vmtarget> ; # org/springframework/boot/autoconfigure/condition/OnBeanCondition$$Lambda+0x00000224944a71c8
instanceKlass  @cpi org/springframework/boot/autoconfigure/condition/OnBeanCondition 842 form vmentry <vmtarget> ; # java/lang/invoke/LambdaForm$DMH+0x00000224944a8000
instanceKlass io/swagger/v3/core/jackson/AbstractModelConverter
instanceKlass io/swagger/v3/core/converter/ModelConverter
instanceKlass io/swagger/v3/oas/models/Operation
instanceKlass io/swagger/v3/oas/models/PathItem
instanceKlass org/springdoc/core/customizers/OpenApiCustomizer
instanceKlass io/swagger/v3/oas/models/media/Schema
instanceKlass org/springframework/data/mapping/context/AbstractMappingContext
instanceKlass org/springframework/data/auditing/AuditableBeanWrapper
instanceKlass org/springframework/data/auditing/Auditor
instanceKlass org/springframework/data/mapping/context/MappingContext
instanceKlass org/springframework/data/auditing/AuditableBeanWrapperFactory
instanceKlass org/springframework/data/auditing/DateTimeProvider
instanceKlass org/aspectj/lang/JoinPoint
instanceKlass org/springframework/beans/factory/aspectj/AbstractInterfaceDrivenDependencyInjectionAspect$ConfigurableDeserializationSupport
instanceKlass org/springframework/beans/factory/annotation/Configurable
instanceKlass org/springframework/beans/factory/wiring/BeanWiringInfoResolver
instanceKlass  @bci org/springframework/beans/factory/config/ConstructorArgumentValues addArgumentValues (Lorg/springframework/beans/factory/config/ConstructorArgumentValues;)V 40 <appendix> member <vmtarget> ; # org/springframework/beans/factory/config/ConstructorArgumentValues$$Lambda+0x00000224944a2d18
instanceKlass  @bci org/springframework/beans/factory/config/ConstructorArgumentValues addArgumentValues (Lorg/springframework/beans/factory/config/ConstructorArgumentValues;)V 29 <appendix> member <vmtarget> ; # org/springframework/beans/factory/config/ConstructorArgumentValues$$Lambda+0x00000224944a2ac0
instanceKlass  @bci org/springframework/beans/factory/config/ConstructorArgumentValues addArgumentValues (Lorg/springframework/beans/factory/config/ConstructorArgumentValues;)V 9 <appendix> member <vmtarget> ; # org/springframework/beans/factory/config/ConstructorArgumentValues$$Lambda+0x00000224944a2888
instanceKlass org/springframework/security/config/annotation/web/AbstractRequestMatcherRegistry
instanceKlass org/springframework/security/config/annotation/SecurityConfigurerAdapter
instanceKlass org/springframework/security/config/annotation/SecurityConfigurer
instanceKlass org/springframework/security/config/annotation/AbstractSecurityBuilder
instanceKlass org/springframework/security/config/annotation/web/HttpSecurityBuilder
instanceKlass org/springframework/security/config/annotation/SecurityBuilder
instanceKlass org/springframework/security/authorization/method/MethodInvocationResult
instanceKlass org/aopalliance/intercept/MethodInvocation
instanceKlass org/aopalliance/intercept/Invocation
instanceKlass org/aopalliance/intercept/Joinpoint
instanceKlass org/springframework/security/authorization/AuthorizationManager
instanceKlass org/springframework/security/config/ObjectPostProcessor
instanceKlass org/springframework/web/servlet/config/annotation/ViewControllerRegistry
instanceKlass org/springframework/web/servlet/config/annotation/CorsRegistry
instanceKlass org/springframework/web/servlet/config/annotation/InterceptorRegistry
instanceKlass org/springframework/web/servlet/config/annotation/PathMatchConfigurer
instanceKlass org/springframework/web/servlet/config/annotation/DefaultServletHandlerConfigurer
instanceKlass org/springframework/web/servlet/config/annotation/ContentNegotiationConfigurer
instanceKlass org/springframework/validation/Validator
instanceKlass org/springframework/web/servlet/config/annotation/ResourceHandlerRegistry
instanceKlass org/springframework/web/servlet/config/annotation/AsyncSupportConfigurer
instanceKlass org/springframework/web/servlet/config/annotation/ApiVersionConfigurer
instanceKlass org/springframework/web/servlet/config/annotation/ViewResolverRegistry
instanceKlass org/springframework/validation/MessageCodesResolver
instanceKlass org/springframework/security/authorization/method/AuthorizationAdvisorProxyFactory$TargetVisitor
instanceKlass org/springframework/security/config/Customizer
instanceKlass org/springframework/security/authorization/method/AuthorizationAdvisorProxyFactory
instanceKlass org/springframework/security/authorization/AuthorizationProxyFactory
instanceKlass org/springframework/security/access/hierarchicalroles/RoleHierarchy
instanceKlass org/springframework/security/authorization/AuthorizationEventPublisher
instanceKlass org/springframework/security/core/context/SecurityContextHolderStrategy
instanceKlass org/springframework/security/config/core/GrantedAuthorityDefaults
instanceKlass org/springframework/security/authorization/AuthorizationManagerFactory
instanceKlass org/springframework/security/authorization/method/AuthorizationManagerAfterMethodInterceptor
instanceKlass org/springframework/security/authorization/method/AuthorizationManagerBeforeMethodInterceptor
instanceKlass org/springframework/security/authorization/method/PreFilterAuthorizationMethodInterceptor
instanceKlass org/springframework/security/authorization/method/PostFilterAuthorizationMethodInterceptor
instanceKlass org/springframework/security/authorization/method/AuthorizationAdvisor
instanceKlass org/springframework/security/core/annotation/AnnotationTemplateExpressionDefaults
instanceKlass org/springframework/security/aot/hint/SecurityHintsRegistrar
instanceKlass org/springframework/security/access/expression/method/MethodSecurityExpressionHandler
instanceKlass org/springframework/security/access/expression/SecurityExpressionHandler
instanceKlass org/springframework/security/crypto/password/PasswordEncoder
instanceKlass org/springframework/core/annotation/AnnotatedElementUtils
instanceKlass org/springframework/context/annotation/BeanAnnotationHelper
instanceKlass org/springframework/web/cors/CorsConfigurationSource
instanceKlass  @bci org/springframework/util/ReflectionUtils getUniqueDeclaredMethods (Ljava/lang/Class;Lorg/springframework/util/ReflectionUtils$MethodFilter;)[Ljava/lang/reflect/Method; 12 <appendix> member <vmtarget> ; # org/springframework/util/ReflectionUtils$$Lambda+0x000002249449adf0
instanceKlass  @bci org/springframework/beans/factory/support/AbstractAutowireCapableBeanFactory getTypeForFactoryMethod (Ljava/lang/String;Lorg/springframework/beans/factory/support/RootBeanDefinition;[Ljava/lang/Class;)Ljava/lang/Class; 133 <appendix> argL0 ; # org/springframework/beans/factory/support/AbstractAutowireCapableBeanFactory$$Lambda+0x000002249449abb0
instanceKlass org/springframework/boot/autoconfigure/condition/OnBeanCondition$MatchResult
instanceKlass  @bci org/springframework/boot/autoconfigure/condition/OnBeanCondition$Spec isParameterizedContainer (Ljava/lang/Class;)Z 24 <appendix> member <vmtarget> ; # org/springframework/boot/autoconfigure/condition/OnBeanCondition$Spec$$Lambda+0x000002249449a748
instanceKlass  @bci org/springframework/boot/autoconfigure/condition/OnBeanCondition$Spec isParameterizedContainer (Ljava/lang/Class;)Z 13 <appendix> argL0 ; # org/springframework/boot/autoconfigure/condition/OnBeanCondition$Spec$$Lambda+0x000002249449a508
instanceKlass org/springframework/core/io/support/PropertiesLoaderSupport
instanceKlass org/springframework/boot/autoconfigure/context/PropertyPlaceholderAutoConfiguration
instanceKlass  @bci org/springframework/core/annotation/MergedAnnotationCollectors toMultiValueMap ([Lorg/springframework/core/annotation/MergedAnnotation$Adapt;)Ljava/util/stream/Collector; 0 <appendix> argL0 ; # org/springframework/core/annotation/MergedAnnotationCollectors$$Lambda+0x0000022494499200
instanceKlass  @bci org/springframework/boot/autoconfigure/condition/OnBeanCondition$Spec <init> (Lorg/springframework/context/annotation/ConditionContext;Lorg/springframework/core/type/AnnotatedTypeMetadata;Lorg/springframework/core/annotation/MergedAnnotations;Ljava/lang/Class;)V 12 <appendix> argL0 ; # org/springframework/boot/autoconfigure/condition/OnBeanCondition$Spec$$Lambda+0x0000022494498fc0
instanceKlass org/springframework/boot/autoconfigure/AutoConfigurationPackages$BasePackages
instanceKlass org/springframework/boot/autoconfigure/AutoConfigurationPackages
instanceKlass org/springframework/boot/autoconfigure/AutoConfigurationPackages$PackageImports
instanceKlass org/springframework/data/jpa/domain/support/AuditingBeanFactoryPostProcessor
instanceKlass org/springframework/data/config/ParsingUtils
instanceKlass org/springframework/data/jpa/domain/support/AuditingEntityListener
instanceKlass org/springframework/beans/factory/aspectj/ConfigurableObject
instanceKlass org/springframework/beans/factory/config/AbstractFactoryBean
instanceKlass org/springframework/aop/target/AbstractBeanFactoryBasedTargetSource
instanceKlass org/springframework/data/auditing/AuditingHandlerSupport
instanceKlass org/springframework/data/auditing/config/AnnotationAuditingConfiguration
instanceKlass org/springframework/beans/factory/parsing/ComponentDefinition
instanceKlass org/springframework/beans/factory/aspectj/AbstractDependencyInjectionAspect
instanceKlass org/springframework/beans/factory/config/ConstructorArgumentValues$ValueHolder
instanceKlass org/springframework/beans/factory/config/ConstructorArgumentValues
instanceKlass org/springframework/security/config/annotation/method/configuration/MethodSecurityAdvisorRegistrar$AdvisorWrapper
instanceKlass org/aopalliance/intercept/MethodInterceptor
instanceKlass org/aopalliance/intercept/Interceptor
instanceKlass org/aopalliance/aop/Advice
instanceKlass org/springframework/aop/PointcutAdvisor
instanceKlass org/springframework/aop/Advisor
instanceKlass org/springframework/aop/config/AopConfigUtils
instanceKlass org/springframework/core/type/StandardMethodMetadata
instanceKlass org/springframework/context/annotation/ConfigurationBeanNameGenerator
instanceKlass  @bci org/springframework/context/annotation/ConfigurationClassBeanDefinitionReader loadBeanDefinitionsFromBeanRegistrars (Lorg/springframework/util/MultiValueMap;)V 53 <appendix> member <vmtarget> ; # org/springframework/context/annotation/ConfigurationClassBeanDefinitionReader$$Lambda+0x0000022494490aa0
instanceKlass  @bci org/springframework/context/annotation/ConfigurationClassBeanDefinitionReader loadBeanDefinitionsFromImportBeanDefinitionRegistrars (Ljava/util/Map;)V 2 <appendix> member <vmtarget> ; # org/springframework/context/annotation/ConfigurationClassBeanDefinitionReader$$Lambda+0x0000022494490868
instanceKlass  @bci org/springframework/context/annotation/ConfigurationClassBeanDefinitionReader loadBeanDefinitionsFromImportedResources (Ljava/util/Map;)V 11 <appendix> member <vmtarget> ; # org/springframework/context/annotation/ConfigurationClassBeanDefinitionReader$$Lambda+0x0000022494490630
instanceKlass org/springframework/context/annotation/ConfigurationClassBeanDefinitionReader$TrackedConditionEvaluator
instanceKlass org/springframework/beans/factory/BeanRegistry
instanceKlass org/springframework/context/annotation/ConfigurationClassBeanDefinitionReader
instanceKlass org/springframework/transaction/annotation/AbstractTransactionManagementConfiguration
instanceKlass org/springframework/transaction/annotation/TransactionManagementConfigurationSelector$1
instanceKlass org/springframework/transaction/annotation/EnableTransactionManagement
instanceKlass org/springframework/transaction/interceptor/TransactionAspectSupport
instanceKlass org/apache/tomcat/websocket/server/WsSci
instanceKlass jakarta/servlet/ServletContainerInitializer
instanceKlass org/springframework/boot/autoconfigure/condition/ConditionalOnWarDeployment
instanceKlass org/springframework/boot/web/server/autoconfigure/servlet/ServletWebServerConfiguration$BeanPostProcessorsRegistrar
instanceKlass org/springframework/boot/autoconfigure/condition/ConditionalOnNotWarDeployment
instanceKlass jakarta/mail/Session
instanceKlass org/springframework/boot/sql/autoconfigure/init/ConditionalOnSqlInitialization
instanceKlass org/springframework/boot/sql/init/dependency/DatabaseInitializationDependencyConfigurer
instanceKlass org/flywaydb/database/postgresql/PostgreSQLConfigurationExtension
instanceKlass org/flywaydb/core/extensibility/ConfigurationExtension
instanceKlass org/flywaydb/core/extensibility/Plugin
instanceKlass org/springframework/jdbc/support/JdbcUtils
# instanceKlass java/lang/invoke/LambdaForm$MH+0x000002249448c000
instanceKlass org/springframework/boot/context/properties/ConfigurationPropertiesBinding
instanceKlass org/springframework/boot/webmvc/autoconfigure/DispatcherServletPath
instanceKlass org/springframework/security/config/annotation/web/configuration/ObservationConfiguration
instanceKlass org/springframework/boot/security/autoconfigure/web/servlet/ConditionalOnDefaultWebSecurity
instanceKlass org/springframework/security/config/annotation/authentication/configuration/AuthenticationConfiguration
instanceKlass org/springframework/security/config/annotation/authentication/configuration/EnableGlobalAuthentication
instanceKlass org/springframework/security/config/annotation/web/configuration/ObservationImportSelector
instanceKlass org/springframework/security/config/annotation/web/configuration/HttpSecurityConfiguration
instanceKlass org/springframework/security/config/annotation/web/configuration/OAuth2ImportSelector
instanceKlass org/springframework/security/config/annotation/web/configuration/SpringWebMvcImportSelector
instanceKlass org/springframework/security/config/annotation/web/configuration/WebSecurityConfiguration
instanceKlass org/springframework/boot/devtools/restart/RestartScope
instanceKlass org/springframework/boot/devtools/restart/ConditionalOnInitializedRestarter
instanceKlass org/springframework/boot/autoconfigure/AbstractDependsOnBeanFactoryPostProcessor
instanceKlass org/springframework/boot/devtools/autoconfigure/ConditionalOnEnabledDevTools
instanceKlass org/springframework/data/repository/config/RepositoryConfigurationExtension
instanceKlass org/springframework/data/repository/config/RepositoryConfigurationSourceSupport
instanceKlass org/springframework/data/repository/config/RepositoryConfigurationSource
instanceKlass org/springframework/boot/autoconfigure/data/AbstractRepositoryConfigurationSourceSupport
instanceKlass org/springframework/boot/data/jpa/autoconfigure/DataJpaRepositoriesAutoConfiguration$JpaRepositoriesImportSelector
instanceKlass org/springframework/boot/autoconfigure/condition/ConditionalOnCheckpointRestore
instanceKlass  @bci org/springframework/boot/autoconfigure/condition/NoneNestedConditions getFinalMatchOutcome (Lorg/springframework/boot/autoconfigure/condition/AbstractNestedCondition$MemberMatchOutcomes;)Lorg/springframework/boot/autoconfigure/condition/ConditionOutcome; 46 <appendix> form vmentry <vmtarget> ; # java/lang/invoke/LambdaForm$MH+0x0000022494486400
instanceKlass  @bci org/springframework/boot/autoconfigure/condition/NoneNestedConditions getFinalMatchOutcome (Lorg/springframework/boot/autoconfigure/condition/AbstractNestedCondition$MemberMatchOutcomes;)Lorg/springframework/boot/autoconfigure/condition/ConditionOutcome; 46 <appendix> argL3 form vmentry <vmtarget> ; # java/lang/invoke/LambdaForm$MH+0x0000022494486000
# instanceKlass java/lang/invoke/LambdaForm$MH+0x0000022494485c00
# instanceKlass java/lang/invoke/LambdaForm$MH+0x0000022494485800
# instanceKlass java/lang/invoke/LambdaForm$MH+0x0000022494485400
# instanceKlass java/lang/invoke/LambdaForm$MH+0x0000022494485000
instanceKlass  @bci org/springframework/boot/autoconfigure/condition/NoneNestedConditions getFinalMatchOutcome (Lorg/springframework/boot/autoconfigure/condition/AbstractNestedCondition$MemberMatchOutcomes;)Lorg/springframework/boot/autoconfigure/condition/ConditionOutcome; 46 <appendix> argL1 form vmentry <vmtarget> ; # java/lang/invoke/LambdaForm$MH+0x0000022494484c00
# instanceKlass java/lang/invoke/LambdaForm$MH+0x0000022494484800
# instanceKlass java/lang/invoke/LambdaForm$MH+0x0000022494484400
# instanceKlass java/lang/invoke/LambdaForm$MH+0x0000022494484000
instanceKlass  @bci org/springframework/boot/jdbc/DataSourceBuilder$MappedDataSourceProperties lookupPooled (Ljava/lang/ClassLoader;Ljava/lang/Class;)Lorg/springframework/boot/jdbc/DataSourceBuilder$MappedDataSourceProperties; 102 <appendix> argL0 ; # org/springframework/boot/jdbc/DataSourceBuilder$MappedDataSourceProperties$$Lambda+0x00000224944827b0
instanceKlass  @bci org/springframework/boot/jdbc/DataSourceBuilder$MappedDataSourceProperties lookupPooled (Ljava/lang/ClassLoader;Ljava/lang/Class;)Lorg/springframework/boot/jdbc/DataSourceBuilder$MappedDataSourceProperties; 84 <appendix> argL0 ; # org/springframework/boot/jdbc/DataSourceBuilder$MappedDataSourceProperties$$Lambda+0x0000022494482320
instanceKlass  @bci org/springframework/boot/jdbc/DataSourceBuilder$MappedDataSourceProperties lookupPooled (Ljava/lang/ClassLoader;Ljava/lang/Class;)Lorg/springframework/boot/jdbc/DataSourceBuilder$MappedDataSourceProperties; 61 <appendix> argL0 ; # org/springframework/boot/jdbc/DataSourceBuilder$MappedDataSourceProperties$$Lambda+0x0000022494481e90
instanceKlass  @bci org/springframework/boot/jdbc/DataSourceBuilder$MappedDataSourceProperties lookupPooled (Ljava/lang/ClassLoader;Ljava/lang/Class;)Lorg/springframework/boot/jdbc/DataSourceBuilder$MappedDataSourceProperties; 43 <appendix> argL0 ; # org/springframework/boot/jdbc/DataSourceBuilder$MappedDataSourceProperties$$Lambda+0x0000022494481a00
instanceKlass  @bci org/springframework/boot/jdbc/DataSourceBuilder$MappedDataSourceProperties lookupPooled (Ljava/lang/ClassLoader;Ljava/lang/Class;)Lorg/springframework/boot/jdbc/DataSourceBuilder$MappedDataSourceProperties; 25 <appendix> argL0 ; # org/springframework/boot/jdbc/DataSourceBuilder$MappedDataSourceProperties$$Lambda+0x0000022494481570
instanceKlass  @bci org/springframework/boot/jdbc/DataSourceBuilder$HikariDataSourceProperties <init> ()V 64 <appendix> argL0 ; # org/springframework/boot/jdbc/DataSourceBuilder$HikariDataSourceProperties$$Lambda+0x00000224944810e0
instanceKlass  @bci org/springframework/boot/jdbc/DataSourceBuilder$HikariDataSourceProperties <init> ()V 59 <appendix> argL0 ; # org/springframework/boot/jdbc/DataSourceBuilder$HikariDataSourceProperties$$Lambda+0x0000022494480ec0
instanceKlass  @bci org/springframework/boot/jdbc/DataSourceBuilder$HikariDataSourceProperties <init> ()V 47 <appendix> argL0 ; # org/springframework/boot/jdbc/DataSourceBuilder$HikariDataSourceProperties$$Lambda+0x0000022494480ca0
instanceKlass  @bci org/springframework/boot/jdbc/DataSourceBuilder$HikariDataSourceProperties <init> ()V 42 <appendix> argL0 ; # org/springframework/boot/jdbc/DataSourceBuilder$HikariDataSourceProperties$$Lambda+0x0000022494480a80
instanceKlass  @bci org/springframework/boot/jdbc/DataSourceBuilder$HikariDataSourceProperties <init> ()V 30 <appendix> argL0 ; # org/springframework/boot/jdbc/DataSourceBuilder$HikariDataSourceProperties$$Lambda+0x0000022494480860
instanceKlass  @bci org/springframework/boot/jdbc/DataSourceBuilder$HikariDataSourceProperties <init> ()V 25 <appendix> argL0 ; # org/springframework/boot/jdbc/DataSourceBuilder$HikariDataSourceProperties$$Lambda+0x0000022494480640
instanceKlass org/springframework/boot/jdbc/DataSourceBuilder$MappedDataSourceProperty
instanceKlass  @bci org/springframework/boot/jdbc/DataSourceBuilder$HikariDataSourceProperties <init> ()V 13 <appendix> argL0 ; # org/springframework/boot/jdbc/DataSourceBuilder$HikariDataSourceProperties$$Lambda+0x0000022494480200
instanceKlass org/springframework/boot/jdbc/DataSourceBuilder$Setter
instanceKlass  @bci org/springframework/boot/jdbc/DataSourceBuilder$HikariDataSourceProperties <init> ()V 8 <appendix> argL0 ; # org/springframework/boot/jdbc/DataSourceBuilder$HikariDataSourceProperties$$Lambda+0x000002249447fc50
instanceKlass org/springframework/boot/jdbc/DataSourceBuilder$Getter
instanceKlass com/zaxxer/hikari/HikariConfig
instanceKlass com/zaxxer/hikari/HikariConfigMXBean
instanceKlass  @bci org/springframework/boot/jdbc/DataSourceBuilder$MappedDataSourceProperties lookupPooled (Ljava/lang/ClassLoader;Ljava/lang/Class;)Lorg/springframework/boot/jdbc/DataSourceBuilder$MappedDataSourceProperties; 7 <appendix> argL0 ; # org/springframework/boot/jdbc/DataSourceBuilder$MappedDataSourceProperties$$Lambda+0x000002249447e5c0
instanceKlass org/springframework/boot/jdbc/DataSourceBuilder$MappedDataSourceProperties
instanceKlass org/springframework/boot/jdbc/DataSourceBuilder$DataSourceProperties
instanceKlass org/springframework/boot/jdbc/DataSourceBuilder
instanceKlass org/springframework/boot/autoconfigure/condition/AbstractNestedCondition$MemberOutcomes
instanceKlass  @bci org/springframework/boot/autoconfigure/condition/AbstractNestedCondition$MemberConditions getMatchOutcomes ()Ljava/util/List; 14 <appendix> member <vmtarget> ; # org/springframework/boot/autoconfigure/condition/AbstractNestedCondition$MemberConditions$$Lambda+0x000002249447d880
instanceKlass org/springframework/boot/autoconfigure/condition/AbstractNestedCondition$MemberMatchOutcomes
instanceKlass org/springframework/boot/autoconfigure/condition/AbstractNestedCondition$MemberConditions
instanceKlass org/springframework/transaction/support/AbstractPlatformTransactionManager
instanceKlass org/springframework/transaction/ConfigurableTransactionManager
instanceKlass org/springframework/transaction/jta/TransactionFactory
instanceKlass org/springframework/boot/autoconfigure/condition/ConditionalOnJndi
instanceKlass org/springframework/data/querydsl/QuerydslUtils
instanceKlass  @bci org/springframework/data/web/config/EnableSpringDataWebSupport$SpringDataWebConfigurationImportSelector selectImports (Lorg/springframework/core/type/AnnotationMetadata;)[Ljava/lang/String; 118 <appendix> member <vmtarget> ; # org/springframework/data/web/config/EnableSpringDataWebSupport$SpringDataWebConfigurationImportSelector$$Lambda+0x000002249447bbf0
instanceKlass org/springframework/data/web/config/SpringDataJackson3Modules
instanceKlass  @bci org/springframework/data/web/config/EnableSpringDataWebSupport$SpringDataWebConfigurationImportSelector selectImports (Lorg/springframework/core/type/AnnotationMetadata;)[Ljava/lang/String; 104 <appendix> argL0 ; # org/springframework/data/web/config/EnableSpringDataWebSupport$SpringDataWebConfigurationImportSelector$$Lambda+0x000002249447b7b0
instanceKlass  @bci org/springframework/data/web/config/EnableSpringDataWebSupport$SpringDataWebConfigurationImportSelector selectImports (Lorg/springframework/core/type/AnnotationMetadata;)[Ljava/lang/String; 96 <appendix> argL0 ; # org/springframework/data/web/config/EnableSpringDataWebSupport$SpringDataWebConfigurationImportSelector$$Lambda+0x000002249447b560
instanceKlass  @bci org/springframework/data/web/config/EnableSpringDataWebSupport$SpringDataWebConfigurationImportSelector selectImports (Lorg/springframework/core/type/AnnotationMetadata;)[Ljava/lang/String; 84 <appendix> member <vmtarget> ; # org/springframework/data/web/config/EnableSpringDataWebSupport$SpringDataWebConfigurationImportSelector$$Lambda+0x000002249447b328
instanceKlass org/springframework/data/web/config/SpringDataJacksonModules
instanceKlass  @bci org/springframework/data/web/config/EnableSpringDataWebSupport$SpringDataWebConfigurationImportSelector selectImports (Lorg/springframework/core/type/AnnotationMetadata;)[Ljava/lang/String; 70 <appendix> argL0 ; # org/springframework/data/web/config/EnableSpringDataWebSupport$SpringDataWebConfigurationImportSelector$$Lambda+0x000002249447aee8
instanceKlass  @bci org/springframework/data/web/config/EnableSpringDataWebSupport$SpringDataWebConfigurationImportSelector selectImports (Lorg/springframework/core/type/AnnotationMetadata;)[Ljava/lang/String; 62 <appendix> argL0 ; # org/springframework/data/web/config/EnableSpringDataWebSupport$SpringDataWebConfigurationImportSelector$$Lambda+0x000002249447ac98
instanceKlass org/springframework/data/web/config/SpringDataWebConfiguration
instanceKlass  @bci org/springframework/data/web/config/EnableSpringDataWebSupport$SpringDataWebConfigurationImportSelector selectImports (Lorg/springframework/core/type/AnnotationMetadata;)[Ljava/lang/String; 41 <appendix> argL0 ; # org/springframework/data/web/config/EnableSpringDataWebSupport$SpringDataWebConfigurationImportSelector$$Lambda+0x000002249447a6b8
instanceKlass  @bci org/springframework/data/web/config/EnableSpringDataWebSupport$SpringDataWebConfigurationImportSelector selectImports (Lorg/springframework/core/type/AnnotationMetadata;)[Ljava/lang/String; 33 <appendix> argL0 ; # org/springframework/data/web/config/EnableSpringDataWebSupport$SpringDataWebConfigurationImportSelector$$Lambda+0x000002249447a478
instanceKlass  @bci org/springframework/data/web/config/EnableSpringDataWebSupport$SpringDataWebConfigurationImportSelector selectImports (Lorg/springframework/core/type/AnnotationMetadata;)[Ljava/lang/String; 25 <appendix> argL0 ; # org/springframework/data/web/config/EnableSpringDataWebSupport$SpringDataWebConfigurationImportSelector$$Lambda+0x000002249447a228
instanceKlass org/springframework/data/web/config/ProjectingArgumentResolverRegistrar
instanceKlass  @bci org/springframework/data/web/config/EnableSpringDataWebSupport$SpringDataWebConfigurationImportSelector setResourceLoader (Lorg/springframework/core/io/ResourceLoader;)V 5 <appendix> argL0 ; # org/springframework/data/web/config/EnableSpringDataWebSupport$SpringDataWebConfigurationImportSelector$$Lambda+0x0000022494479de0
instanceKlass org/springframework/data/web/config/EnableSpringDataWebSupport$SpringDataWebSettingsRegistrar
instanceKlass org/springframework/data/web/config/EnableSpringDataWebSupport$QuerydslActivator
instanceKlass org/springframework/data/web/config/EnableSpringDataWebSupport$SpringDataWebConfigurationImportSelector
instanceKlass org/springframework/data/web/config/EnableSpringDataWebSupport
instanceKlass org/springframework/context/annotation/AspectJAutoProxyRegistrar
instanceKlass org/springframework/context/annotation/EnableAspectJAutoProxy
instanceKlass org/aspectj/weaver/ShadowMunger
instanceKlass org/aspectj/weaver/IHasPosition
instanceKlass org/aspectj/util/PartialOrder$PartialComparable
instanceKlass org/springframework/web/servlet/function/RouterFunction
instanceKlass org/springframework/context/support/ApplicationObjectSupport
instanceKlass org/springframework/web/servlet/HandlerMapping
instanceKlass org/springdoc/core/properties/SpringDocConfigProperties$GroupConfig
instanceKlass io/swagger/v3/oas/models/OpenAPI
instanceKlass org/springdoc/core/properties/SpringDocConfigProperties$SortConverter
instanceKlass org/springdoc/core/properties/SpringDocConfigProperties$ModelConverters
instanceKlass org/springdoc/core/properties/SpringDocConfigProperties$Cache
instanceKlass org/springdoc/core/properties/SpringDocConfigProperties$ApiDocs
instanceKlass org/springdoc/core/properties/SpringDocConfigProperties$Webjars
instanceKlass org/springdoc/core/properties/SpringDocConfigProperties
instanceKlass org/springdoc/core/conditions/SpecPropertiesCondition
instanceKlass org/springframework/data/domain/Sort
instanceKlass org/springframework/data/util/Streamable
instanceKlass org/springframework/expression/common/ExpressionUtils
instanceKlass org/springframework/expression/spel/ExpressionState
instanceKlass org/springframework/expression/spel/standard/SpelExpression
instanceKlass org/springframework/expression/spel/standard/Token
instanceKlass org/springframework/expression/spel/standard/Tokenizer
instanceKlass  @bci java/util/regex/Pattern union (Ljava/util/regex/Pattern$CharPredicate;Ljava/util/regex/Pattern$CharPredicate;Z)Ljava/util/regex/Pattern$CharPredicate; 14 <appendix> member <vmtarget> ; # java/util/regex/Pattern$$Lambda+0x00000224943c7300
instanceKlass  @bci java/util/regex/CharPredicates category (I)Ljava/util/regex/Pattern$CharPredicate; 1 <appendix> member <vmtarget> ; # java/util/regex/CharPredicates$$Lambda+0x00000224943c70a0
instanceKlass org/springframework/expression/spel/ast/SpelNodeImpl
instanceKlass org/springframework/expression/spel/SpelNode
instanceKlass  @bci org/springframework/util/PlaceholderParser replacePlaceholders (Ljava/lang/String;Lorg/springframework/util/PropertyPlaceholderHelper$PlaceholderResolver;)Ljava/lang/String; 42 <appendix> member <vmtarget> ; # org/springframework/util/PlaceholderParser$$Lambda+0x0000022494469798
instanceKlass org/springframework/util/PlaceholderParser$PartResolutionContext
instanceKlass org/springframework/util/PlaceholderParser$AbstractPart
instanceKlass org/springframework/util/PlaceholderParser$Part
instanceKlass org/springframework/security/web/SecurityFilterChain
instanceKlass org/springframework/data/domain/Pageable
instanceKlass org/springframework/boot/data/autoconfigure/web/DataWebProperties
instanceKlass org/springframework/data/querydsl/binding/QuerydslBindingsFactory
instanceKlass org/springframework/http/HttpStatusCode
instanceKlass org/springframework/web/bind/annotation/ResponseStatus
instanceKlass io/swagger/v3/oas/annotations/Hidden
instanceKlass org/webjars/WebJarVersionLocator
instanceKlass org/springframework/boot/autoconfigure/web/WebProperties$Resources$Chain
instanceKlass org/springframework/boot/autoconfigure/condition/ConditionalOnMissingFilterBean
instanceKlass org/springframework/boot/autoconfigure/web/ConditionalOnEnabledResourceChain
instanceKlass org/springframework/boot/webmvc/autoconfigure/JspTemplateAvailabilityProvider
instanceKlass org/springframework/boot/autoconfigure/template/TemplateAvailabilityProviders$NoTemplateAvailabilityProvider
instanceKlass org/springframework/boot/autoconfigure/template/TemplateAvailabilityProvider
instanceKlass org/springframework/boot/autoconfigure/template/TemplateAvailabilityProviders
instanceKlass  @bci org/springframework/boot/autoconfigure/condition/OnPropertyCondition$Spec getNames (Lorg/springframework/core/annotation/AnnotationAttributes;)[Ljava/lang/String; 88 <appendix> member <vmtarget> ; # org/springframework/boot/autoconfigure/condition/OnPropertyCondition$Spec$$Lambda+0x0000022494464438
instanceKlass  @bci org/springframework/boot/autoconfigure/condition/OnPropertyCondition$Spec getNames (Lorg/springframework/core/annotation/AnnotationAttributes;)[Ljava/lang/String; 64 <appendix> member <vmtarget> ; # org/springframework/boot/autoconfigure/condition/OnPropertyCondition$Spec$$Lambda+0x0000022494464210
instanceKlass org/springframework/boot/autoconfigure/condition/OnPropertyCondition$Spec
instanceKlass  @bci java/util/stream/StreamSpliterators$WrappingSpliterator forEachRemaining (Ljava/util/function/Consumer;)V 33 <appendix> member <vmtarget> ; # java/util/stream/StreamSpliterators$WrappingSpliterator$$Lambda+0x00000224943c6df0
instanceKlass java/util/stream/Streams$2
instanceKlass java/util/stream/Streams$ConcatSpliterator
instanceKlass  @bci org/springframework/boot/autoconfigure/condition/OnPropertyCondition streamRepeated (Lorg/springframework/core/annotation/MergedAnnotations;Ljava/lang/Class;Ljava/lang/Class;)Ljava/util/stream/Stream; 8 <appendix> member <vmtarget> ; # org/springframework/boot/autoconfigure/condition/OnPropertyCondition$$Lambda+0x000002249444bbc8
instanceKlass  @bci org/springframework/boot/autoconfigure/condition/OnPropertyCondition stream (Lorg/springframework/core/annotation/MergedAnnotations;Ljava/lang/Class;)Ljava/util/stream/Stream; 10 <appendix> argL0 ; # org/springframework/boot/autoconfigure/condition/OnPropertyCondition$$Lambda+0x000002249444b988
instanceKlass org/springframework/boot/autoconfigure/condition/ConditionalOnBooleanProperties
instanceKlass org/springframework/boot/autoconfigure/condition/ConditionalOnBooleanProperty
instanceKlass org/springframework/boot/validation/autoconfigure/PrimaryDefaultValidatorPostProcessor
instanceKlass org/springframework/boot/autoconfigure/condition/ConditionalOnResource
instanceKlass org/springframework/scheduling/annotation/AsyncConfigurer
instanceKlass org/springframework/boot/autoconfigure/condition/ConditionalOnThreading
instanceKlass com/example/resortbackendapplication1/unit/serviceImpl/UnitTypeServiceImpl
instanceKlass com/example/resortbackendapplication1/unit/service/UnitTypeService
instanceKlass com/example/resortbackendapplication1/unit/serviceImpl/UnitTypeLocaleServiceImpl
instanceKlass com/example/resortbackendapplication1/unit/service/UnitTypeLocaleService
instanceKlass com/example/resortbackendapplication1/unit/serviceImpl/UnitServiceImpl
instanceKlass com/example/resortbackendapplication1/unit/service/UnitService
instanceKlass com/example/resortbackendapplication1/unit/serviceImpl/UnitLocaleServiceImpl
instanceKlass com/example/resortbackendapplication1/unit/service/UnitLocaleService
instanceKlass com/example/resortbackendapplication1/unit/controller/UnitTypeLocaleController
instanceKlass com/example/resortbackendapplication1/unit/controller/UnitTypeController
instanceKlass com/example/resortbackendapplication1/unit/controller/UnitLocaleController
instanceKlass com/example/resortbackendapplication1/unit/controller/UnitController
instanceKlass com/example/resortbackendapplication1/roomcategory/serviceImpl/RoomCategoryServiceImpl
instanceKlass com/example/resortbackendapplication1/roomcategory/service/RoomCategoryService
instanceKlass com/example/resortbackendapplication1/roomcategory/serviceImpl/RoomCategoryLocaleServiceImpl
instanceKlass com/example/resortbackendapplication1/roomcategory/service/RoomCategoryLocaleService
instanceKlass com/example/resortbackendapplication1/roomcategory/controller/RoomCategoryLocaleController
instanceKlass com/example/resortbackendapplication1/roomcategory/controller/RoomCategoryController
instanceKlass com/example/resortbackendapplication1/price/serviceImpl/PriceUnitServiceImpl
instanceKlass com/example/resortbackendapplication1/price/service/PriceUnitService
instanceKlass com/example/resortbackendapplication1/price/serviceImpl/PriceUnitScopeAssignmentServiceImpl
instanceKlass com/example/resortbackendapplication1/price/service/PriceUnitScopeAssignmentService
instanceKlass com/example/resortbackendapplication1/price/serviceImpl/PriceUnitLocaleServiceImpl
instanceKlass com/example/resortbackendapplication1/price/service/PriceUnitLocaleService
instanceKlass com/example/resortbackendapplication1/price/serviceImpl/PriceTypeServiceImpl
instanceKlass com/example/resortbackendapplication1/price/service/PriceTypeService
instanceKlass com/example/resortbackendapplication1/price/serviceImpl/PriceTypeScopeAssignmentServiceImpl
instanceKlass com/example/resortbackendapplication1/price/service/PriceTypeScopeAssignmentService
instanceKlass com/example/resortbackendapplication1/price/serviceImpl/PriceTypeLocaleServiceImpl
instanceKlass com/example/resortbackendapplication1/price/service/PriceTypeLocaleService
instanceKlass com/example/resortbackendapplication1/price/serviceImpl/PriceScopeServiceImpl
instanceKlass com/example/resortbackendapplication1/price/service/PriceScopeService
instanceKlass com/example/resortbackendapplication1/price/serviceImpl/PriceScopeLocaleServiceImpl
instanceKlass com/example/resortbackendapplication1/price/service/PriceScopeLocaleService
instanceKlass com/example/resortbackendapplication1/price/controller/PriceUnitScopeAssignmentController
instanceKlass com/example/resortbackendapplication1/price/controller/PriceUnitLocaleController
instanceKlass com/example/resortbackendapplication1/price/controller/PriceUnitController
instanceKlass com/example/resortbackendapplication1/price/controller/PriceTypeScopeAssignmentController
instanceKlass com/example/resortbackendapplication1/price/controller/PriceTypeLocaleController
instanceKlass com/example/resortbackendapplication1/price/controller/PriceTypeController
instanceKlass com/example/resortbackendapplication1/price/controller/PriceScopeLocaleController
instanceKlass com/example/resortbackendapplication1/price/controller/PriceScopeController
instanceKlass com/example/resortbackendapplication1/locale/serviceImpl/LocaleServiceImpl
instanceKlass com/example/resortbackendapplication1/locale/service/LocaleService
instanceKlass com/example/resortbackendapplication1/locale/controller/LocaleController
instanceKlass com/example/resortbackendapplication1/image/upload/strategy/S3HostingStrategy
instanceKlass com/example/resortbackendapplication1/image/upload/strategy/ImageHostingStrategyRegistry
instanceKlass com/example/resortbackendapplication1/image/upload/strategy/CloudinaryHostingStrategy
instanceKlass com/example/resortbackendapplication1/image/upload/strategy/ImageHostingStrategy
instanceKlass com/example/resortbackendapplication1/image/upload/serviceImpl/ImageUploadServiceImpl
instanceKlass com/example/resortbackendapplication1/image/upload/service/ImageUploadService
instanceKlass com/example/resortbackendapplication1/image/hosting/serviceImpl/ImageHostingProviderServiceImpl
instanceKlass com/example/resortbackendapplication1/image/hosting/service/ImageHostingProviderService
instanceKlass com/example/resortbackendapplication1/image/hosting/serviceImpl/ImageHostingProviderConfigServiceImpl
instanceKlass com/example/resortbackendapplication1/image/hosting/service/ImageHostingProviderConfigService
instanceKlass com/example/resortbackendapplication1/image/hosting/serviceImpl/ImageHostingProviderConfigFieldServiceImpl
instanceKlass com/example/resortbackendapplication1/image/hosting/service/ImageHostingProviderConfigFieldService
instanceKlass com/example/resortbackendapplication1/image/hosting/controller/ImageHostingProviderController
instanceKlass com/example/resortbackendapplication1/image/hosting/controller/ImageHostingProviderConfigFieldController
instanceKlass com/example/resortbackendapplication1/image/hosting/controller/ImageHostingProviderConfigController
instanceKlass com/example/resortbackendapplication1/facility/serviceImpl/FacilityServiceImpl
instanceKlass com/example/resortbackendapplication1/facility/service/FacilityService
instanceKlass com/example/resortbackendapplication1/facility/serviceImpl/FacilityScopeServiceImpl
instanceKlass com/example/resortbackendapplication1/facility/service/FacilityScopeService
instanceKlass com/example/resortbackendapplication1/facility/serviceImpl/FacilityScopeLocaleServiceImpl
instanceKlass com/example/resortbackendapplication1/facility/service/FacilityScopeLocaleService
instanceKlass com/example/resortbackendapplication1/facility/serviceImpl/FacilityScopeAssignmentServiceImpl
instanceKlass com/example/resortbackendapplication1/facility/service/FacilityScopeAssignmentService
instanceKlass com/example/resortbackendapplication1/facility/serviceImpl/FacilityLocaleServiceImpl
instanceKlass com/example/resortbackendapplication1/facility/service/FacilityLocaleService
instanceKlass com/example/resortbackendapplication1/facility/serviceImpl/FacilityGroupServiceImpl
instanceKlass com/example/resortbackendapplication1/facility/service/FacilityGroupService
instanceKlass com/example/resortbackendapplication1/facility/serviceImpl/FacilityGroupScopeAssignmentServiceImpl
instanceKlass com/example/resortbackendapplication1/facility/service/FacilityGroupScopeAssignmentService
instanceKlass com/example/resortbackendapplication1/facility/serviceImpl/FacilityGroupLocaleServiceImpl
instanceKlass com/example/resortbackendapplication1/facility/service/FacilityGroupLocaleService
instanceKlass com/example/resortbackendapplication1/facility/serviceImpl/FacilityFacilityGroupAssignmentServiceImpl
instanceKlass com/example/resortbackendapplication1/facility/service/FacilityFacilityGroupAssignmentService
instanceKlass com/example/resortbackendapplication1/facility/controller/FacilityScopeLocaleController
instanceKlass com/example/resortbackendapplication1/facility/controller/FacilityScopeController
instanceKlass com/example/resortbackendapplication1/facility/controller/FacilityScopeAssignmentController
instanceKlass com/example/resortbackendapplication1/facility/controller/FacilityLocaleController
instanceKlass com/example/resortbackendapplication1/facility/controller/FacilityGroupScopeAssignmentController
instanceKlass com/example/resortbackendapplication1/facility/controller/FacilityGroupLocaleController
instanceKlass com/example/resortbackendapplication1/facility/controller/FacilityGroupController
instanceKlass com/example/resortbackendapplication1/facility/controller/FacilityFacilityGroupAssignmentController
instanceKlass com/example/resortbackendapplication1/facility/controller/FacilityController
instanceKlass com/example/resortbackendapplication1/dayofweek/serviceImpl/DayOfWeekServiceImpl
instanceKlass com/example/resortbackendapplication1/dayofweek/service/DayOfWeekService
instanceKlass com/example/resortbackendapplication1/dayofweek/serviceImpl/DayOfWeekLocaleServiceImpl
instanceKlass com/example/resortbackendapplication1/dayofweek/service/DayOfWeekLocaleService
instanceKlass com/example/resortbackendapplication1/dayofweek/controller/DayOfWeekLocaleController
instanceKlass com/example/resortbackendapplication1/dayofweek/controller/DayOfWeekController
instanceKlass com/example/resortbackendapplication1/currency/serviceImpl/CurrencyServiceImpl
instanceKlass com/example/resortbackendapplication1/currency/service/CurrencyService
instanceKlass com/example/resortbackendapplication1/currency/serviceImpl/CurrencyLocaleServiceImpl
instanceKlass com/example/resortbackendapplication1/currency/service/CurrencyLocaleService
instanceKlass com/example/resortbackendapplication1/currency/controller/CurrencyLocaleController
instanceKlass com/example/resortbackendapplication1/currency/controller/CurrencyController
instanceKlass com/example/resortbackendapplication1/contact/serviceImpl/ContactTypeServiceImpl
instanceKlass com/example/resortbackendapplication1/contact/service/ContactTypeService
instanceKlass com/example/resortbackendapplication1/contact/serviceImpl/ContactTypeLocaleServiceImpl
instanceKlass com/example/resortbackendapplication1/contact/service/ContactTypeLocaleService
instanceKlass com/example/resortbackendapplication1/contact/serviceImpl/CommunicationChannelServiceImpl
instanceKlass com/example/resortbackendapplication1/contact/service/CommunicationChannelService
instanceKlass com/example/resortbackendapplication1/contact/serviceImpl/CommunicationChannelLocaleServiceImpl
instanceKlass com/example/resortbackendapplication1/contact/service/CommunicationChannelLocaleService
instanceKlass com/example/resortbackendapplication1/contact/controller/ContactTypeLocaleController
instanceKlass com/example/resortbackendapplication1/contact/controller/ContactTypeController
instanceKlass com/example/resortbackendapplication1/contact/controller/CommunicationChannelLocaleController
instanceKlass com/example/resortbackendapplication1/contact/controller/CommunicationChannelController
instanceKlass com/example/resortbackendapplication1/commons/exception/GlobalExceptionHandler
instanceKlass com/example/resortbackendapplication1/commons/config/SpringDocJackson2Config
instanceKlass com/example/resortbackendapplication1/commons/config/OpenApiConfig
instanceKlass com/example/resortbackendapplication1/commons/config/JpaAuditingConfig
instanceKlass com/example/resortbackendapplication1/commons/config/AuditorAwareImpl
instanceKlass org/springframework/data/domain/AuditorAware
instanceKlass com/example/resortbackendapplication1/bedtype/serviceImpl/BedTypeServiceImpl
instanceKlass com/example/resortbackendapplication1/bedtype/service/BedTypeService
instanceKlass com/example/resortbackendapplication1/bedtype/serviceImpl/BedTypeLocaleServiceImpl
instanceKlass com/example/resortbackendapplication1/bedtype/service/BedTypeLocaleService
instanceKlass com/example/resortbackendapplication1/bedtype/controller/BedTypeLocaleController
instanceKlass com/example/resortbackendapplication1/bedtype/controller/BedTypeController
instanceKlass com/example/resortbackendapplication1/auth/serviceImpl/UserServiceImpl
instanceKlass com/example/resortbackendapplication1/auth/service/UserService
instanceKlass org/springframework/security/core/userdetails/UserDetailsService
instanceKlass com/example/resortbackendapplication1/auth/serviceImpl/RoleServiceImpl
instanceKlass com/example/resortbackendapplication1/auth/service/RoleService
instanceKlass com/example/resortbackendapplication1/auth/serviceImpl/PermissionServiceImpl
instanceKlass com/example/resortbackendapplication1/auth/service/PermissionService
instanceKlass com/example/resortbackendapplication1/auth/exception/CustomAuthenticationEntryPoint
instanceKlass org/springframework/security/web/AuthenticationEntryPoint
instanceKlass com/example/resortbackendapplication1/auth/exception/CustomAccessDeniedHandler
instanceKlass org/springframework/security/web/access/AccessDeniedHandler
instanceKlass com/example/resortbackendapplication1/auth/controller/TestAuthController
instanceKlass com/example/resortbackendapplication1/auth/controller/RegistrationController
instanceKlass com/example/resortbackendapplication1/auth/controller/LoginController
instanceKlass com/example/resortbackendapplication1/auth/controller/AdminController
instanceKlass com/example/resortbackendapplication1/auth/config/SecurityConfig
instanceKlass com/example/resortbackendapplication1/auth/config/PasswordConfig
instanceKlass com/example/resortbackendapplication1/auth/config/JwtTokenProvider
instanceKlass com/example/resortbackendapplication1/auth/config/CorsConfig
instanceKlass com/example/resortbackendapplication1/auth/config/AdminBootstrapRunner
instanceKlass org/springframework/boot/ApplicationRunner
instanceKlass org/springframework/boot/Runner
instanceKlass com/example/resortbackendapplication1/address/serviceImpl/CountryServiceImpl
instanceKlass com/example/resortbackendapplication1/address/service/CountryService
instanceKlass com/example/resortbackendapplication1/address/serviceImpl/CountryLocaleServiceImpl
instanceKlass com/example/resortbackendapplication1/address/service/CountryLocaleService
instanceKlass com/example/resortbackendapplication1/address/serviceImpl/CityServiceImpl
instanceKlass com/example/resortbackendapplication1/address/service/CityService
instanceKlass com/example/resortbackendapplication1/address/serviceImpl/CityLocaleServiceImpl
instanceKlass com/example/resortbackendapplication1/address/service/CityLocaleService
instanceKlass com/example/resortbackendapplication1/address/controller/CountryLocaleController
instanceKlass com/example/resortbackendapplication1/address/controller/CountryImageController
instanceKlass com/example/resortbackendapplication1/address/controller/CountryController
instanceKlass com/example/resortbackendapplication1/address/controller/CityLocaleController
instanceKlass com/example/resortbackendapplication1/address/controller/CityController
instanceKlass org/springframework/boot/web/servlet/RegistrationBean
instanceKlass org/springframework/boot/web/servlet/ServletContextInitializer
instanceKlass jakarta/servlet/ServletRegistration
instanceKlass jakarta/servlet/Registration
instanceKlass org/springframework/boot/autoconfigure/condition/OnWebApplicationCondition$1
instanceKlass org/springframework/boot/context/properties/EnableConfigurationPropertiesRegistrar
instanceKlass org/springframework/boot/context/properties/EnableConfigurationProperties
instanceKlass  @bci org/springframework/context/annotation/ConfigurationClassParser$DeferredImportSelectorGroupingHandler processGroupImports ()V 45 <appendix> member <vmtarget> ; # org/springframework/context/annotation/ConfigurationClassParser$DeferredImportSelectorGroupingHandler$$Lambda+0x0000022494446608
instanceKlass  @bci org/springframework/boot/autoconfigure/AutoConfigurationImportSelector$AutoConfigurationGroup selectImports ()Ljava/lang/Iterable; 126 <appendix> member <vmtarget> ; # org/springframework/boot/autoconfigure/AutoConfigurationImportSelector$AutoConfigurationGroup$$Lambda+0x00000224944463c0
instanceKlass org/springframework/context/annotation/DeferredImportSelector$Group$Entry
instanceKlass  @bci org/springframework/boot/autoconfigure/AutoConfigurationSorter checkForCycles (Ljava/util/Set;Ljava/lang/String;Ljava/lang/String;)V 17 <appendix> member <vmtarget> ; # org/springframework/boot/autoconfigure/AutoConfigurationSorter$$Lambda+0x0000022494445f78
instanceKlass  @bci org/springframework/boot/autoconfigure/AutoConfigurationSorter$AutoConfigurationClasses getClassesRequestedAfter (Ljava/lang/String;)Ljava/util/Set; 22 <appendix> member <vmtarget> ; # org/springframework/boot/autoconfigure/AutoConfigurationSorter$AutoConfigurationClasses$$Lambda+0x0000022494445d40
instanceKlass  @bci org/springframework/boot/autoconfigure/AutoConfigurationSorter doSortByAfterAnnotation (Lorg/springframework/boot/autoconfigure/AutoConfigurationSorter$AutoConfigurationClasses;Ljava/util/List;Ljava/util/Set;Ljava/util/Set;Ljava/lang/String;)V 37 <appendix> member <vmtarget> ; # org/springframework/boot/autoconfigure/AutoConfigurationSorter$$Lambda+0x0000022494445af8
instanceKlass org/springframework/boot/autoconfigure/AutoConfigureOrder
instanceKlass  @bci org/springframework/boot/autoconfigure/AutoConfigurationSorter getInPriorityOrder (Ljava/util/Collection;)Ljava/util/List; 49 <appendix> member <vmtarget> ; # org/springframework/boot/autoconfigure/AutoConfigurationSorter$$Lambda+0x0000022494445658
instanceKlass org/springframework/boot/context/properties/ConfigurationProperties
instanceKlass org/springframework/context/annotation/ImportRuntimeHints
instanceKlass org/springframework/boot/autoconfigure/condition/ConditionalOnExpression
instanceKlass org/springframework/boot/autoconfigure/AutoConfigureAfter
instanceKlass org/springframework/boot/autoconfigure/AutoConfigureBefore
instanceKlass org/springframework/boot/autoconfigure/condition/ConditionalOnMissingBean
instanceKlass org/springframework/boot/autoconfigure/condition/ConditionalOnMissingClass
instanceKlass org/springframework/boot/autoconfigure/condition/ConditionalOnProperties
instanceKlass org/springframework/boot/autoconfigure/condition/ConditionalOnProperty
instanceKlass org/springframework/boot/autoconfigure/AutoConfigurationSorter$AutoConfigurationClass
instanceKlass org/springframework/boot/autoconfigure/AutoConfigurationSorter$AutoConfigurationClasses
instanceKlass  @bci org/springframework/boot/autoconfigure/AutoConfigurationImportSelector$AutoConfigurationGroup sortAutoConfigurations (Ljava/util/Set;Lorg/springframework/boot/autoconfigure/AutoConfigurationMetadata;)Ljava/util/List; 35 <appendix> member <vmtarget> ; # org/springframework/boot/autoconfigure/AutoConfigurationImportSelector$AutoConfigurationGroup$$Lambda+0x0000022494443700
instanceKlass org/springframework/boot/autoconfigure/AutoConfigurationSorter
instanceKlass  @bci org/springframework/boot/autoconfigure/AutoConfigurationImportSelector$AutoConfigurationGroup selectImports ()Ljava/lang/Iterable; 86 <appendix> argL0 ; # org/springframework/boot/autoconfigure/AutoConfigurationImportSelector$AutoConfigurationGroup$$Lambda+0x00000224944432c8
instanceKlass  @bci org/springframework/boot/autoconfigure/AutoConfigurationImportSelector$AutoConfigurationGroup selectImports ()Ljava/lang/Iterable; 76 <appendix> argL0 ; # org/springframework/boot/autoconfigure/AutoConfigurationImportSelector$AutoConfigurationGroup$$Lambda+0x0000022494443088
instanceKlass  @bci org/springframework/boot/autoconfigure/AutoConfigurationImportSelector$AutoConfigurationGroup selectImports ()Ljava/lang/Iterable; 66 <appendix> argL0 ; # org/springframework/boot/autoconfigure/AutoConfigurationImportSelector$AutoConfigurationGroup$$Lambda+0x0000022494442e48
instanceKlass  @bci org/springframework/boot/autoconfigure/AutoConfigurationImportSelector$AutoConfigurationGroup selectImports ()Ljava/lang/Iterable; 35 <appendix> argL0 ; # org/springframework/boot/autoconfigure/AutoConfigurationImportSelector$AutoConfigurationGroup$$Lambda+0x0000022494442c08
instanceKlass  @bci org/springframework/boot/autoconfigure/AutoConfigurationImportSelector$AutoConfigurationGroup selectImports ()Ljava/lang/Iterable; 25 <appendix> argL0 ; # org/springframework/boot/autoconfigure/AutoConfigurationImportSelector$AutoConfigurationGroup$$Lambda+0x00000224944429c8
instanceKlass org/springframework/boot/autoconfigure/condition/ConditionEvaluationReportAutoConfigurationImportListener
instanceKlass org/springframework/boot/autoconfigure/AutoConfigurationImportListener
instanceKlass org/springframework/mail/javamail/JavaMailSenderImpl
instanceKlass org/springframework/mail/javamail/JavaMailSender
instanceKlass org/springframework/boot/jdbc/XADataSourceWrapper
instanceKlass org/springframework/jdbc/core/namedparam/NamedParameterJdbcTemplate
instanceKlass org/springframework/jdbc/core/namedparam/NamedParameterJdbcOperations
instanceKlass org/springframework/boot/autoconfigure/condition/ConditionalOnSingleCandidate
instanceKlass org/springframework/boot/autoconfigure/condition/ConditionalOnBean
instanceKlass org/springframework/boot/autoconfigure/condition/ConditionalOnWebApplication
instanceKlass org/springframework/boot/autoconfigure/condition/ConditionEvaluationReport$ConditionAndOutcome
instanceKlass  @bci org/springframework/boot/autoconfigure/condition/ConditionEvaluationReport recordConditionEvaluation (Ljava/lang/String;Lorg/springframework/context/annotation/Condition;Lorg/springframework/boot/autoconfigure/condition/ConditionOutcome;)V 34 <appendix> argL0 ; # org/springframework/boot/autoconfigure/condition/ConditionEvaluationReport$$Lambda+0x00000224944406c0
instanceKlass org/springframework/boot/autoconfigure/condition/ConditionEvaluationReport$ConditionAndOutcomes
instanceKlass org/springframework/web/multipart/support/StandardServletMultipartResolver
instanceKlass org/springframework/web/multipart/MultipartResolver
instanceKlass jakarta/servlet/MultipartConfigElement
instanceKlass org/springframework/web/filter/GenericFilterBean
instanceKlass io/micrometer/observation/Observation
instanceKlass io/micrometer/observation/ObservationView
instanceKlass org/springframework/boot/web/server/servlet/ConfigurableServletWebServerFactory
instanceKlass org/springframework/boot/web/server/servlet/WebListenerRegistry
instanceKlass org/springframework/boot/web/server/servlet/ServletWebServerFactory
instanceKlass org/apache/coyote/UpgradeProtocol
instanceKlass org/springframework/http/ReactiveHttpInputMessage
instanceKlass org/springframework/boot/web/server/AbstractConfigurableWebServerFactory
instanceKlass org/springframework/boot/web/server/reactive/ConfigurableReactiveWebServerFactory
instanceKlass org/springframework/boot/web/server/reactive/ReactiveWebServerFactory
instanceKlass org/springframework/boot/tomcat/ConfigurableTomcatWebServerFactory
instanceKlass org/springframework/boot/web/server/ConfigurableWebServerFactory
instanceKlass org/springframework/boot/web/error/ErrorPageRegistry
instanceKlass org/springframework/boot/web/server/WebServerFactory
instanceKlass org/apache/catalina/startup/Tomcat
instanceKlass org/springframework/security/config/annotation/web/configuration/EnableWebSecurity
instanceKlass org/springframework/security/web/context/AbstractSecurityWebApplicationInitializer
instanceKlass org/springframework/web/WebApplicationInitializer
instanceKlass org/springframework/security/authentication/AuthenticationManager
instanceKlass org/springframework/security/authentication/DefaultAuthenticationEventPublisher
instanceKlass org/springframework/security/authentication/AuthenticationEventPublisher
instanceKlass org/springframework/security/authentication/ReactiveAuthenticationManager
instanceKlass jakarta/transaction/Transaction
instanceKlass org/springframework/mail/MailSender
instanceKlass org/springframework/transaction/PlatformTransactionManager
instanceKlass jakarta/mail/Message
instanceKlass jakarta/mail/internet/MimePart
instanceKlass jakarta/mail/Part
instanceKlass jakarta/activation/MimeType
instanceKlass jakarta/transaction/TransactionManager
instanceKlass org/springframework/transaction/TransactionManager
instanceKlass org/flywaydb/core/Flyway
instanceKlass org/springframework/jdbc/support/JdbcAccessor
instanceKlass org/springframework/jdbc/core/JdbcOperations
instanceKlass org/springframework/jdbc/datasource/init/DatabasePopulator
instanceKlass org/springframework/scheduling/TaskScheduler
instanceKlass org/springframework/util/CustomizableThreadCreator
instanceKlass org/springframework/scheduling/SchedulingTaskExecutor
instanceKlass org/springframework/core/task/AsyncTaskExecutor
instanceKlass org/springframework/core/task/TaskExecutor
instanceKlass org/springframework/jmx/support/MBeanRegistrationSupport
instanceKlass org/springframework/jmx/export/MBeanExportOperations
instanceKlass org/springframework/orm/jpa/AbstractEntityManagerFactoryBean
instanceKlass org/springframework/dao/support/PersistenceExceptionTranslator
instanceKlass org/springframework/orm/jpa/EntityManagerFactoryInfo
instanceKlass org/springframework/context/weaving/LoadTimeWeaverAware
instanceKlass org/springframework/http/server/ServerHttpRequest
instanceKlass org/springframework/http/HttpInputMessage
instanceKlass org/springframework/http/HttpRequest
instanceKlass org/hibernate/engine/spi/SessionImplementor
instanceKlass org/hibernate/engine/spi/SharedSessionContractImplementor
instanceKlass org/hibernate/type/descriptor/java/JavaType$CoercionContext
instanceKlass org/hibernate/query/spi/QueryProducerImplementor
instanceKlass org/hibernate/type/descriptor/WrapperOptions
instanceKlass org/hibernate/engine/jdbc/LobCreationContext
instanceKlass org/hibernate/resource/transaction/spi/TransactionCoordinatorBuilder$Options
instanceKlass org/hibernate/resource/jdbc/spi/JdbcSessionOwner
instanceKlass org/hibernate/Session
instanceKlass org/hibernate/SharedSessionContract
instanceKlass org/hibernate/query/QueryProducer
instanceKlass org/springframework/boot/web/server/autoconfigure/ServerProperties
instanceKlass jakarta/persistence/EntityManager
instanceKlass jakarta/servlet/Filter
instanceKlass org/springframework/aop/framework/ProxyConfig
instanceKlass javax/sql/DataSource
instanceKlass java/sql/Wrapper
instanceKlass javax/sql/CommonDataSource
instanceKlass org/springframework/data/web/PageableHandlerMethodArgumentResolverSupport
instanceKlass org/springframework/data/web/PageableArgumentResolver
instanceKlass org/springframework/web/method/support/HandlerMethodArgumentResolver
instanceKlass org/springframework/data/jpa/repository/JpaRepository
instanceKlass org/springframework/data/repository/query/QueryByExampleExecutor
instanceKlass org/springframework/data/repository/ListPagingAndSortingRepository
instanceKlass org/springframework/data/repository/PagingAndSortingRepository
instanceKlass org/springframework/boot/autoconfigure/condition/ConditionMessage$ItemsBuilder
instanceKlass org/springframework/data/repository/ListCrudRepository
instanceKlass org/springframework/boot/autoconfigure/condition/ConditionMessage$Builder
instanceKlass org/springframework/data/repository/CrudRepository
instanceKlass org/springframework/data/repository/Repository
instanceKlass org/springframework/boot/autoconfigure/condition/ConditionMessage
instanceKlass org/springframework/boot/autoconfigure/condition/ConditionalOnClass
instanceKlass org/springframework/boot/autoconfigure/condition/ConditionOutcome
instanceKlass  @bci org/springframework/boot/autoconfigure/condition/OnClassCondition$ThreadedOutcomesResolver <init> (Lorg/springframework/boot/autoconfigure/condition/OnClassCondition$OutcomesResolver;)V 11 <appendix> member <vmtarget> ; # org/springframework/boot/autoconfigure/condition/OnClassCondition$ThreadedOutcomesResolver$$Lambda+0x000002249442ddc8
instanceKlass org/springframework/boot/autoconfigure/condition/OnClassCondition$ThreadedOutcomesResolver
instanceKlass org/springframework/boot/autoconfigure/condition/OnClassCondition$StandardOutcomesResolver
instanceKlass org/springframework/boot/autoconfigure/AutoConfigurationMetadataLoader$PropertiesAutoConfigurationMetadata
instanceKlass org/springframework/boot/autoconfigure/AutoConfigurationMetadata
instanceKlass org/springframework/boot/autoconfigure/AutoConfigurationMetadataLoader
instanceKlass org/springframework/boot/autoconfigure/AutoConfigurationImportSelector$ConfigurationClassFilter
instanceKlass org/springdoc/scalar/ScalarDisableAutoConfiguration
instanceKlass org/springframework/boot/autoconfigure/condition/OnClassCondition$OutcomesResolver
instanceKlass org/springframework/boot/autoconfigure/condition/OnBeanCondition$Spec
instanceKlass org/springframework/boot/autoconfigure/condition/SpringBootCondition
instanceKlass org/springframework/boot/autoconfigure/AutoConfigurationImportFilter
instanceKlass  @bci org/springframework/boot/autoconfigure/AutoConfigurationImportSelector getExcludeAutoConfigurationsProperty ()Ljava/util/List; 35 <appendix> argL0 ; # org/springframework/boot/autoconfigure/AutoConfigurationImportSelector$$Lambda+0x000002249442b760
instanceKlass  @bci org/springframework/boot/autoconfigure/AutoConfigurationImportSelector getAttributes (Lorg/springframework/core/type/AnnotationMetadata;)Lorg/springframework/core/annotation/AnnotationAttributes; 31 <appendix> member <vmtarget> ; # org/springframework/boot/autoconfigure/AutoConfigurationImportSelector$$Lambda+0x000002249442b538
instanceKlass org/springframework/boot/autoconfigure/AutoConfigurationReplacements
instanceKlass  @bci org/springframework/boot/autoconfigure/AutoConfigurationImportSelector$AutoConfigurationGroup process (Lorg/springframework/core/type/AnnotationMetadata;Lorg/springframework/context/annotation/DeferredImportSelector;)V 5 <appendix> member <vmtarget> ; # org/springframework/boot/autoconfigure/AutoConfigurationImportSelector$AutoConfigurationGroup$$Lambda+0x000002249442b100
instanceKlass  @bci org/springframework/context/annotation/ConfigurationClassParser$DeferredImportSelectorGroupingHandler register (Lorg/springframework/context/annotation/ConfigurationClassParser$DeferredImportSelectorHolder;)V 25 <appendix> member <vmtarget> ; # org/springframework/context/annotation/ConfigurationClassParser$DeferredImportSelectorGroupingHandler$$Lambda+0x000002249442aeb8
instanceKlass org/springframework/context/annotation/ConfigurationClassParser$DeferredImportSelectorGrouping
instanceKlass org/springframework/boot/autoconfigure/AutoConfigurationImportSelector$AutoConfigurationGroup
instanceKlass org/springframework/context/annotation/DeferredImportSelector$Group
instanceKlass  @bci org/springframework/context/annotation/ConfigurationClassParser$DeferredImportSelectorHandler process ()V 42 <appendix> member <vmtarget> ; # org/springframework/context/annotation/ConfigurationClassParser$DeferredImportSelectorHandler$$Lambda+0x000002249442a5e0
instanceKlass org/springframework/context/annotation/ConfigurationClassParser$DeferredImportSelectorGroupingHandler
instanceKlass  @bci org/springframework/core/type/StandardAnnotationMetadata getAnnotatedMethods (Ljava/lang/String;)Ljava/util/Set; 27 <appendix> member <vmtarget> ; # org/springframework/core/type/StandardAnnotationMetadata$$Lambda+0x000002249442a198
instanceKlass  @bci java/util/function/Predicate or (Ljava/util/function/Predicate;)Ljava/util/function/Predicate; 7 <appendix> member <vmtarget> ; # java/util/function/Predicate$$Lambda+0x00000224943c6428
instanceKlass  @bci org/springframework/boot/autoconfigure/AutoConfigurationImportSelector getExclusionFilter ()Ljava/util/function/Predicate; 1 <appendix> member <vmtarget> ; # org/springframework/boot/autoconfigure/AutoConfigurationImportSelector$$Lambda+0x0000022494429f40
instanceKlass org/springframework/boot/autoconfigure/AutoConfigurationImportSelector$AutoConfigurationEntry
instanceKlass org/springframework/data/auditing/config/AuditingConfiguration
instanceKlass org/springframework/asm/ByteVector
instanceKlass org/springframework/beans/factory/BeanRegistrar
instanceKlass org/springframework/security/config/annotation/method/configuration/MethodObservationConfiguration
instanceKlass org/springframework/security/config/annotation/method/configuration/AuthorizationProxyWebConfiguration
instanceKlass org/springframework/web/servlet/config/annotation/WebMvcConfigurer
instanceKlass org/springframework/security/config/annotation/method/configuration/AuthorizationProxyConfiguration
instanceKlass org/springframework/security/config/annotation/method/configuration/PrePostMethodSecurityConfiguration
instanceKlass org/springframework/context/annotation/ImportAware
instanceKlass  @bci org/springframework/core/annotation/SynthesizedMergedAnnotationInvocationHandler lambda$getAttributeValue$0 (Ljava/lang/reflect/Method;Ljava/lang/String;)Ljava/lang/Object; 21 <appendix> member <vmtarget> ; # org/springframework/core/annotation/SynthesizedMergedAnnotationInvocationHandler$$Lambda+0x00000224944286f0
instanceKlass  @bci org/springframework/core/annotation/SynthesizedMergedAnnotationInvocationHandler getAttributeValue (Ljava/lang/reflect/Method;)Ljava/lang/Object; 10 <appendix> member <vmtarget> ; # org/springframework/core/annotation/SynthesizedMergedAnnotationInvocationHandler$$Lambda+0x00000224944284a8
instanceKlass org/springframework/core/annotation/SynthesizedMergedAnnotationInvocationHandler
instanceKlass org/springframework/security/config/annotation/method/configuration/MethodSecurityAspectJAutoProxyRegistrar
instanceKlass org/springframework/security/config/annotation/method/configuration/MethodSecurityAdvisorRegistrar
instanceKlass org/springframework/context/annotation/AutoProxyRegistrar
instanceKlass org/springframework/context/annotation/AdviceModeImportSelector
instanceKlass io/micrometer/observation/ObservationRegistry
instanceKlass org/springframework/security/web/util/ThrowableAnalyzer
instanceKlass org/springframework/context/annotation/ConfigurationMethod
instanceKlass  @bci org/springframework/core/type/AnnotationMetadata getAnnotationTypes ()Ljava/util/Set; 31 <appendix> argL0 ; # org/springframework/core/type/AnnotationMetadata$$Lambda+0x0000022494425d80
instanceKlass  @bci org/springframework/core/type/AnnotationMetadata getAnnotationTypes ()Ljava/util/Set; 21 <appendix> argL0 ; # org/springframework/core/type/AnnotationMetadata$$Lambda+0x0000022494425b40
instanceKlass  @bci org/springframework/core/type/AnnotationMetadata getAnnotationTypes ()Ljava/util/Set; 11 <appendix> argL0 ; # org/springframework/core/type/AnnotationMetadata$$Lambda+0x00000224944258f0
instanceKlass jakarta/persistence/PreUpdate
instanceKlass jakarta/persistence/PrePersist
instanceKlass jakarta/persistence/EntityListeners
instanceKlass jakarta/persistence/MappedSuperclass
instanceKlass org/springframework/web/bind/annotation/ExceptionHandler
instanceKlass org/springframework/web/bind/annotation/ControllerAdvice
instanceKlass org/springframework/web/bind/annotation/RestControllerAdvice
instanceKlass org/springframework/data/auditing/config/AuditingBeanDefinitionRegistrarSupport
instanceKlass org/springframework/data/jpa/repository/config/EnableJpaAuditing
instanceKlass org/springframework/security/access/prepost/PreAuthorize
instanceKlass org/springframework/security/config/annotation/method/configuration/MethodSecuritySelector
instanceKlass org/springframework/security/config/annotation/method/configuration/EnableMethodSecurity
instanceKlass org/springframework/boot/context/annotation/ImportCandidates
instanceKlass org/springframework/boot/autoconfigure/AutoConfiguration
instanceKlass org/springframework/context/annotation/Bean
instanceKlass  @bci org/springframework/core/env/AbstractEnvironment acceptsProfiles (Lorg/springframework/core/env/Profiles;)Z 8 <appendix> member <vmtarget> ; # org/springframework/core/env/AbstractEnvironment$$Lambda+0x0000022494422670
instanceKlass org/springframework/core/env/ProfilesParser$ParsedProfiles
instanceKlass  @bci org/springframework/core/env/ProfilesParser assertWellFormed (Ljava/lang/String;Z)V 2 <appendix> member <vmtarget> ; # org/springframework/core/env/ProfilesParser$$Lambda+0x0000022494422218
instanceKlass  @bci org/springframework/core/env/ProfilesParser not (Lorg/springframework/core/env/Profiles;)Lorg/springframework/core/env/Profiles; 1 <appendix> member <vmtarget> ; # org/springframework/core/env/ProfilesParser$$Lambda+0x0000022494421ff0
instanceKlass  @bci org/springframework/core/env/ProfilesParser equals (Ljava/lang/String;)Lorg/springframework/core/env/Profiles; 1 <appendix> member <vmtarget> ; # org/springframework/core/env/ProfilesParser$$Lambda+0x0000022494421dc8
instanceKlass  @bci org/springframework/core/env/ProfilesParser parseExpression (Ljava/lang/String;)Lorg/springframework/core/env/Profiles; 2 <appendix> member <vmtarget> ; # org/springframework/core/env/ProfilesParser$$Lambda+0x0000022494421760
instanceKlass org/springframework/core/env/ProfilesParser
instanceKlass org/springframework/core/env/Profiles
instanceKlass org/springframework/context/annotation/ConfigurationCondition
instanceKlass  @bci org/springframework/core/annotation/MergedAnnotationCollectors lambda$toMultiValueMap$1 ([Lorg/springframework/core/annotation/MergedAnnotation$Adapt;Lorg/springframework/util/MultiValueMap;Lorg/springframework/core/annotation/MergedAnnotation;)V 13 <appendix> member <vmtarget> ; # org/springframework/core/annotation/MergedAnnotationCollectors$$Lambda+0x0000022494420d28
instanceKlass  @bci org/springframework/core/annotation/TypeMappedAnnotation asMap ([Lorg/springframework/core/annotation/MergedAnnotation$Adapt;)Ljava/util/Map; 1 <appendix> argL0 ; # org/springframework/core/annotation/TypeMappedAnnotation$$Lambda+0x0000022494420ae8
instanceKlass  @bci org/springframework/core/annotation/MergedAnnotationCollectors toMultiValueMap (Ljava/util/function/Function;[Lorg/springframework/core/annotation/MergedAnnotation$Adapt;)Ljava/util/stream/Collector; 31 <appendix> argL0 ; # org/springframework/core/annotation/MergedAnnotationCollectors$$Lambda+0x00000224944208a0
instanceKlass  @bci org/springframework/core/annotation/MergedAnnotationCollectors toMultiValueMap (Ljava/util/function/Function;[Lorg/springframework/core/annotation/MergedAnnotation$Adapt;)Ljava/util/stream/Collector; 26 <appendix> member <vmtarget> ; # org/springframework/core/annotation/MergedAnnotationCollectors$$Lambda+0x0000022494420668
instanceKlass  @bci org/springframework/core/annotation/MergedAnnotationCollectors toMultiValueMap (Ljava/util/function/Function;[Lorg/springframework/core/annotation/MergedAnnotation$Adapt;)Ljava/util/stream/Collector; 20 <appendix> argL0 ; # org/springframework/core/annotation/MergedAnnotationCollectors$$Lambda+0x0000022494420448
instanceKlass org/springframework/core/annotation/MergedAnnotationCollectors
instanceKlass  @bci org/springframework/core/type/AnnotatedTypeMetadata getAllAnnotationAttributes (Ljava/lang/String;Z)Lorg/springframework/util/MultiValueMap; 41 <appendix> argL0 ; # org/springframework/core/type/AnnotatedTypeMetadata$$Lambda+0x0000022494420000
instanceKlass  @bci org/springframework/core/type/AnnotatedTypeMetadata getAllAnnotationAttributes (Ljava/lang/String;Z)Lorg/springframework/util/MultiValueMap; 31 <appendix> argL0 ; # org/springframework/core/type/AnnotatedTypeMetadata$$Lambda+0x000002249441fc10
instanceKlass org/springframework/core/annotation/MergedAnnotationPredicates$UniquePredicate
instanceKlass  @bci org/springframework/core/type/AnnotatedTypeMetadata getAllAnnotationAttributes (Ljava/lang/String;Z)Lorg/springframework/util/MultiValueMap; 18 <appendix> argL0 ; # org/springframework/core/type/AnnotatedTypeMetadata$$Lambda+0x000002249441f768
instanceKlass org/springframework/core/annotation/MergedAnnotationsCollection$AnnotationsSpliterator
instanceKlass jakarta/transaction/Transactional
instanceKlass org/springframework/context/annotation/ProfileCondition
instanceKlass org/springframework/context/annotation/Profile
instanceKlass org/springframework/transaction/annotation/Transactional
instanceKlass org/springframework/stereotype/Service
instanceKlass org/springframework/data/annotation/QueryAnnotation
instanceKlass org/springframework/data/jpa/repository/Query
instanceKlass org/springframework/asm/TypePath
instanceKlass org/hibernate/validator/internal/engine/validationcontext/ValidatorScopedContext
instanceKlass jakarta/validation/groups/Default
instanceKlass org/hibernate/validator/internal/engine/validationcontext/BaseBeanValidationContext
instanceKlass org/hibernate/validator/internal/engine/validationcontext/ValidationContext
instanceKlass jakarta/validation/valueextraction/ValueExtractor$ValueReceiver
instanceKlass org/hibernate/validator/internal/engine/valuecontext/ValueContext
instanceKlass jakarta/validation/Path$Node
instanceKlass jakarta/validation/Path
instanceKlass org/hibernate/validator/internal/engine/ValidatorImpl
instanceKlass jakarta/validation/executable/ExecutableValidator
instanceKlass org/hibernate/validator/group/GroupSequenceProvider
instanceKlass jakarta/validation/GroupSequence
instanceKlass org/hibernate/validator/internal/metadata/raw/BeanConfiguration
instanceKlass org/hibernate/validator/internal/util/actions/GetDeclaredConstructors
instanceKlass java/lang/reflect/AnnotatedWildcardType
instanceKlass org/hibernate/validator/internal/properties/javabean/JavaBeanHelper$JavaBeanPropertyImpl
instanceKlass org/hibernate/validator/spi/nodenameprovider/JavaBeanProperty
instanceKlass org/hibernate/validator/internal/properties/PropertyAccessor
instanceKlass jdk/internal/vm/annotation/IntrinsicCandidate
instanceKlass org/hibernate/validator/internal/metadata/provider/AnnotationMetaDataProvider$TypeArgumentExecutableParameterLocation
instanceKlass org/hibernate/validator/internal/metadata/core/AnnotationProcessingOptionsImpl$ExecutableParameterKey
instanceKlass org/hibernate/validator/internal/properties/javabean/JavaBeanParameter
instanceKlass org/hibernate/validator/internal/metadata/raw/AbstractConstrainedElement
instanceKlass org/hibernate/validator/internal/metadata/raw/ConstrainedElement
instanceKlass org/hibernate/validator/internal/util/TypeVariables
instanceKlass  @bci org/springframework/core/type/classreading/MergedAnnotationReadingVisitor$ArrayVisitor visitAnnotation (Ljava/lang/String;Ljava/lang/String;)Lorg/springframework/asm/AnnotationVisitor; 14 <appendix> member <vmtarget> ; # org/springframework/core/type/classreading/MergedAnnotationReadingVisitor$ArrayVisitor$$Lambda+0x0000022494419320
instanceKlass org/hibernate/validator/internal/metadata/aggregated/CascadingMetaData
instanceKlass org/hibernate/validator/internal/metadata/aggregated/CascadingMetaDataBuilder
instanceKlass jakarta/validation/groups/ConvertGroup$List
instanceKlass jakarta/validation/groups/ConvertGroup
instanceKlass jakarta/validation/Valid
instanceKlass java/lang/reflect/AnnotatedArrayType
instanceKlass java/lang/reflect/AnnotatedParameterizedType
instanceKlass sun/reflect/annotation/AnnotatedTypeFactory$AnnotatedTypeBaseImpl
instanceKlass sun/reflect/annotation/AnnotatedTypeFactory
instanceKlass sun/reflect/annotation/TypeAnnotation$LocationInfo$Location
instanceKlass sun/reflect/annotation/TypeAnnotation$LocationInfo
instanceKlass sun/reflect/annotation/TypeAnnotation
instanceKlass sun/reflect/annotation/TypeAnnotationParser
instanceKlass org/hibernate/validator/internal/metadata/provider/AnnotationMetaDataProvider$TypeArgumentReturnValueLocation
instanceKlass  @bci java/util/stream/Collectors mapMerger (Ljava/util/function/BinaryOperator;)Ljava/util/function/BinaryOperator; 1 <appendix> member <vmtarget> ; # java/util/stream/Collectors$$Lambda+0x00000224943c2ea8
instanceKlass  @bci java/util/stream/Collectors groupingBy (Ljava/util/function/Function;Ljava/util/function/Supplier;Ljava/util/stream/Collector;)Ljava/util/stream/Collector; 19 <appendix> member <vmtarget> ; # java/util/stream/Collectors$$Lambda+0x00000224943c2c70
instanceKlass  @bci java/util/stream/Collectors groupingBy (Ljava/util/function/Function;Ljava/util/stream/Collector;)Ljava/util/stream/Collector; 1 <appendix> argL0 ; # java/util/stream/Collectors$$Lambda+0x00000224943c2a50
instanceKlass  @bci org/hibernate/validator/internal/metadata/provider/AnnotationMetaDataProvider findExecutableMetaData (Ljava/lang/reflect/Executable;)Lorg/hibernate/validator/internal/metadata/raw/ConstrainedExecutable; 32 <appendix> argL0 ; # org/hibernate/validator/internal/metadata/provider/AnnotationMetaDataProvider$$Lambda+0x0000022494418248
instanceKlass org/hibernate/validator/internal/metadata/descriptor/ConstraintDescriptorImpl
instanceKlass  @bci java/lang/ClassLoader definePackage (Ljava/lang/String;Ljava/lang/Module;)Ljava/lang/Package; 73 <appendix> member <vmtarget> ; # java/lang/ClassLoader$$Lambda+0x00000224943c2818
instanceKlass  @bci jdk/internal/loader/BootLoader$PackageHelper findModule (Ljava/lang/String;)Ljava/lang/Module; 90 <appendix> member <vmtarget> ; # jdk/internal/loader/BootLoader$PackageHelper$$Lambda+0x00000224943c25f0
instanceKlass jdk/internal/loader/BootLoader$PackageHelper
instanceKlass org/hibernate/validator/internal/metadata/location/ConstraintLocation$1
instanceKlass org/hibernate/validator/internal/properties/javabean/JavaBeanHelper$JavaBeanConstrainableExecutable
instanceKlass org/hibernate/validator/internal/util/actions/GetDeclaredMethods
instanceKlass org/hibernate/validator/internal/util/actions/GetDeclaredFields
instanceKlass org/hibernate/validator/internal/metadata/provider/AnnotationMetaDataProvider$TypeArgumentLocation
instanceKlass org/hibernate/validator/internal/properties/Field
instanceKlass org/hibernate/validator/internal/metadata/provider/AnnotationMetaDataProvider
instanceKlass org/hibernate/validator/internal/metadata/provider/MetaDataProvider
instanceKlass jakarta/persistence/UniqueConstraint
instanceKlass jakarta/persistence/Index
instanceKlass jakarta/persistence/CheckConstraint
instanceKlass org/hibernate/validator/internal/metadata/aggregated/BeanMetaData
instanceKlass org/hibernate/validator/internal/metadata/facets/Validatable
instanceKlass jakarta/persistence/Table
instanceKlass jakarta/persistence/Entity
instanceKlass org/hibernate/validator/internal/metadata/BeanMetaDataManagerImpl
instanceKlass  @bci org/hibernate/validator/internal/engine/ValidatorFactoryImpl createValidator (Ljakarta/validation/ConstraintValidatorFactory;Lorg/hibernate/validator/internal/engine/ConstraintCreationContext;Lorg/hibernate/validator/internal/engine/ValidatorFactoryScopedContext;Lorg/hibernate/validator/internal/engine/MethodValidationConfiguration;)Ljakarta/validation/Validator; 26 <appendix> member <vmtarget> ; # org/hibernate/validator/internal/engine/ValidatorFactoryImpl$$Lambda+0x0000022494414980
instanceKlass org/hibernate/validator/internal/engine/ValidatorFactoryImpl$BeanMetaDataManagerKey
instanceKlass org/hibernate/validator/internal/util/StringHelper
instanceKlass org/hibernate/validator/internal/metadata/core/AnnotationProcessingOptionsImpl
instanceKlass org/hibernate/validator/internal/metadata/core/AnnotationProcessingOptions
instanceKlass org/hibernate/validator/cfg/context/ConstraintDefinitionContext
instanceKlass org/hibernate/validator/cfg/context/TypeConstraintMappingContext
instanceKlass org/hibernate/validator/cfg/context/AnnotationIgnoreOptions
instanceKlass org/hibernate/validator/cfg/context/ConstructorTarget
instanceKlass org/hibernate/validator/cfg/context/MethodTarget
instanceKlass org/hibernate/validator/cfg/context/PropertyTarget
instanceKlass org/hibernate/validator/cfg/context/ConstraintMappingTarget
instanceKlass org/hibernate/validator/cfg/context/ConstraintDefinitionTarget
instanceKlass org/hibernate/validator/cfg/context/TypeTarget
instanceKlass org/hibernate/validator/cfg/context/Constrainable
instanceKlass org/hibernate/validator/internal/cfg/context/DefaultConstraintMapping
instanceKlass org/hibernate/validator/internal/engine/ValidatorFactoryConfigurationHelper$DefaultConstraintMappingBuilder
instanceKlass org/hibernate/validator/internal/engine/ServiceLoaderBasedConstraintMappingContributor
instanceKlass org/hibernate/validator/internal/metadata/DefaultBeanMetaDataClassNormalizer
instanceKlass org/hibernate/validator/internal/util/logging/formatter/ClassObjectFormatter
instanceKlass org/hibernate/validator/internal/properties/DefaultGetterPropertySelectionStrategy
instanceKlass org/hibernate/validator/internal/properties/Getter
instanceKlass org/hibernate/validator/internal/properties/Property
instanceKlass org/hibernate/validator/spi/nodenameprovider/Property
instanceKlass org/hibernate/validator/spi/properties/ConstrainableExecutable
instanceKlass org/hibernate/validator/internal/properties/javabean/JavaBeanExecutable
instanceKlass org/hibernate/validator/internal/properties/javabean/JavaBeanAnnotatedConstrainable
instanceKlass org/hibernate/validator/internal/properties/javabean/JavaBeanAnnotatedElement
instanceKlass org/hibernate/validator/internal/properties/Callable
instanceKlass org/hibernate/validator/internal/properties/Constrainable
instanceKlass org/hibernate/validator/internal/properties/javabean/JavaBeanHelper
instanceKlass com/fasterxml/classmate/Filter
instanceKlass org/hibernate/validator/internal/util/ExecutableHelper
instanceKlass org/hibernate/validator/internal/engine/ConstraintCreationContext
instanceKlass com/fasterxml/classmate/util/ResolvedTypeCache
instanceKlass com/fasterxml/classmate/util/ClassKey
instanceKlass com/fasterxml/classmate/TypeBindings
instanceKlass com/fasterxml/classmate/members/RawMember
instanceKlass com/fasterxml/classmate/ResolvedType
instanceKlass com/fasterxml/classmate/TypeResolver
instanceKlass org/hibernate/validator/internal/util/TypeResolutionHelper
instanceKlass org/hibernate/validator/internal/constraintvalidators/hv/BitcoinAddressValidator
instanceKlass org/hibernate/validator/constraints/BitcoinAddress
instanceKlass org/hibernate/validator/internal/constraintvalidators/hv/UUIDValidator
instanceKlass org/hibernate/validator/constraints/UUID
instanceKlass org/hibernate/validator/internal/constraintvalidators/hv/URLValidator
instanceKlass org/hibernate/validator/constraints/URL
instanceKlass org/hibernate/validator/internal/constraintvalidators/hv/UniqueElementsValidator
instanceKlass org/hibernate/validator/constraints/UniqueElements
instanceKlass org/hibernate/validator/constraints/br/TituloEleitoral
instanceKlass org/hibernate/validator/constraints/ScriptAssert
instanceKlass org/hibernate/validator/internal/constraintvalidators/hv/ru/INNValidator
instanceKlass org/hibernate/validator/constraints/ru/INN
instanceKlass org/hibernate/validator/constraints/pl/REGON
instanceKlass org/hibernate/validator/internal/constraintvalidators/hv/kor/KorRRNValidator
instanceKlass org/hibernate/validator/constraints/kor/KorRRN
instanceKlass org/hibernate/validator/constraints/Range
instanceKlass org/hibernate/validator/constraints/pl/PESEL
instanceKlass org/hibernate/validator/internal/constraintvalidators/hv/AbstractScriptAssertValidator
instanceKlass org/hibernate/validator/constraints/ParameterScriptAssert
instanceKlass org/hibernate/validator/constraints/pl/NIP
instanceKlass org/hibernate/validator/internal/constraintvalidators/hv/NormalizedValidator
instanceKlass org/hibernate/validator/constraints/Normalized
instanceKlass org/hibernate/validator/constraints/Mod11Check
instanceKlass org/hibernate/validator/constraints/Mod10Check
instanceKlass org/hibernate/validator/internal/constraintvalidators/hv/ModCheckBase
instanceKlass org/hibernate/validator/constraints/LuhnCheck
instanceKlass org/hibernate/validator/internal/constraintvalidators/hv/CodePointLengthValidator
instanceKlass org/hibernate/validator/constraints/CodePointLength
instanceKlass org/hibernate/validator/internal/constraintvalidators/hv/LengthValidator
instanceKlass org/hibernate/validator/constraints/Length
instanceKlass org/hibernate/validator/internal/constraintvalidators/hv/ISBNValidator
instanceKlass org/hibernate/validator/constraints/ISBN
instanceKlass org/hibernate/validator/internal/constraintvalidators/hv/EANValidator
instanceKlass org/hibernate/validator/constraints/EAN
instanceKlass org/hibernate/validator/internal/constraintvalidators/hv/time/DurationMinValidator
instanceKlass org/hibernate/validator/constraints/time/DurationMin
instanceKlass org/hibernate/validator/internal/constraintvalidators/hv/time/DurationMaxValidator
instanceKlass org/hibernate/validator/constraints/time/DurationMax
instanceKlass org/hibernate/validator/constraints/CreditCardNumber
instanceKlass org/hibernate/validator/internal/constraintvalidators/hv/br/CPFValidator
instanceKlass org/hibernate/validator/constraints/br/CPF
instanceKlass org/hibernate/validator/internal/constraintvalidators/hv/br/CNPJValidator
instanceKlass org/hibernate/validator/constraints/br/CNPJ
instanceKlass jakarta/validation/constraints/Size
instanceKlass org/hibernate/validator/internal/constraintvalidators/bv/size/SizeValidatorForArraysOfPrimitives
instanceKlass org/hibernate/validator/internal/constraintvalidators/bv/size/SizeValidatorForMap
instanceKlass org/hibernate/validator/internal/constraintvalidators/bv/size/SizeValidatorForArray
instanceKlass org/hibernate/validator/internal/constraintvalidators/bv/size/SizeValidatorForCollection
instanceKlass org/hibernate/validator/internal/constraintvalidators/bv/size/SizeValidatorForCharSequence
instanceKlass jakarta/validation/constraints/PositiveOrZero
instanceKlass org/hibernate/validator/internal/constraintvalidators/bv/number/sign/PositiveOrZeroValidatorForCharSequence
instanceKlass org/hibernate/validator/internal/constraintvalidators/bv/number/sign/PositiveOrZeroValidatorForNumber
instanceKlass org/hibernate/validator/internal/constraintvalidators/bv/number/sign/PositiveOrZeroValidatorForByte
instanceKlass org/hibernate/validator/internal/constraintvalidators/bv/number/sign/PositiveOrZeroValidatorForShort
instanceKlass org/hibernate/validator/internal/constraintvalidators/bv/number/sign/PositiveOrZeroValidatorForInteger
instanceKlass org/hibernate/validator/internal/constraintvalidators/bv/number/sign/PositiveOrZeroValidatorForLong
instanceKlass org/hibernate/validator/internal/constraintvalidators/bv/number/sign/PositiveOrZeroValidatorForFloat
instanceKlass org/hibernate/validator/internal/constraintvalidators/bv/number/sign/PositiveOrZeroValidatorForDouble
instanceKlass org/hibernate/validator/internal/constraintvalidators/bv/number/sign/PositiveOrZeroValidatorForBigInteger
instanceKlass org/hibernate/validator/internal/constraintvalidators/bv/number/sign/PositiveOrZeroValidatorForBigDecimal
instanceKlass jakarta/validation/constraints/Positive
instanceKlass org/hibernate/validator/internal/constraintvalidators/bv/number/sign/PositiveValidatorForCharSequence
instanceKlass org/hibernate/validator/internal/constraintvalidators/bv/number/sign/PositiveValidatorForNumber
instanceKlass org/hibernate/validator/internal/constraintvalidators/bv/number/sign/PositiveValidatorForByte
instanceKlass org/hibernate/validator/internal/constraintvalidators/bv/number/sign/PositiveValidatorForShort
instanceKlass org/hibernate/validator/internal/constraintvalidators/bv/number/sign/PositiveValidatorForInteger
instanceKlass org/hibernate/validator/internal/constraintvalidators/bv/number/sign/PositiveValidatorForLong
instanceKlass org/hibernate/validator/internal/constraintvalidators/bv/number/sign/PositiveValidatorForFloat
instanceKlass org/hibernate/validator/internal/constraintvalidators/bv/number/sign/PositiveValidatorForDouble
instanceKlass org/hibernate/validator/internal/constraintvalidators/bv/number/sign/PositiveValidatorForBigInteger
instanceKlass org/hibernate/validator/internal/constraintvalidators/bv/number/sign/PositiveValidatorForBigDecimal
instanceKlass org/hibernate/validator/internal/constraintvalidators/bv/PatternValidator
instanceKlass jakarta/validation/constraints/Pattern
instanceKlass jakarta/validation/constraints/PastOrPresent
instanceKlass jakarta/validation/constraints/Past
instanceKlass org/hibernate/validator/internal/constraintvalidators/bv/NullValidator
instanceKlass jakarta/validation/constraints/Null
instanceKlass org/hibernate/validator/internal/constraintvalidators/bv/NotNullValidator
instanceKlass jakarta/validation/constraints/NotNull
instanceKlass sun/reflect/generics/tree/ShortSignature
instanceKlass sun/reflect/generics/tree/IntSignature
instanceKlass sun/reflect/generics/tree/FloatSignature
instanceKlass sun/reflect/generics/tree/DoubleSignature
instanceKlass sun/reflect/generics/tree/BooleanSignature
instanceKlass jakarta/validation/constraints/NotEmpty
instanceKlass org/hibernate/validator/internal/constraintvalidators/bv/notempty/NotEmptyValidatorForArraysOfShort
instanceKlass org/hibernate/validator/internal/constraintvalidators/bv/notempty/NotEmptyValidatorForArraysOfLong
instanceKlass org/hibernate/validator/internal/constraintvalidators/bv/notempty/NotEmptyValidatorForArraysOfInt
instanceKlass org/hibernate/validator/internal/constraintvalidators/bv/notempty/NotEmptyValidatorForArraysOfFloat
instanceKlass org/hibernate/validator/internal/constraintvalidators/bv/notempty/NotEmptyValidatorForArraysOfDouble
instanceKlass org/hibernate/validator/internal/constraintvalidators/bv/notempty/NotEmptyValidatorForArraysOfChar
instanceKlass org/hibernate/validator/internal/constraintvalidators/bv/notempty/NotEmptyValidatorForArraysOfByte
instanceKlass org/hibernate/validator/internal/constraintvalidators/bv/notempty/NotEmptyValidatorForArraysOfBoolean
instanceKlass org/hibernate/validator/internal/constraintvalidators/bv/notempty/NotEmptyValidatorForMap
instanceKlass org/hibernate/validator/internal/constraintvalidators/bv/notempty/NotEmptyValidatorForArray
instanceKlass org/hibernate/validator/internal/constraintvalidators/bv/notempty/NotEmptyValidatorForCollection
instanceKlass org/hibernate/validator/internal/constraintvalidators/bv/notempty/NotEmptyValidatorForCharSequence
instanceKlass org/hibernate/validator/internal/constraintvalidators/bv/NotBlankValidator
instanceKlass jakarta/validation/constraints/NotBlank
instanceKlass jakarta/validation/constraints/NegativeOrZero
instanceKlass org/hibernate/validator/internal/constraintvalidators/bv/number/sign/NegativeOrZeroValidatorForCharSequence
instanceKlass org/hibernate/validator/internal/constraintvalidators/bv/number/sign/NegativeOrZeroValidatorForNumber
instanceKlass org/hibernate/validator/internal/constraintvalidators/bv/number/sign/NegativeOrZeroValidatorForByte
instanceKlass org/hibernate/validator/internal/constraintvalidators/bv/number/sign/NegativeOrZeroValidatorForShort
instanceKlass org/hibernate/validator/internal/constraintvalidators/bv/number/sign/NegativeOrZeroValidatorForInteger
instanceKlass org/hibernate/validator/internal/constraintvalidators/bv/number/sign/NegativeOrZeroValidatorForLong
instanceKlass org/hibernate/validator/internal/constraintvalidators/bv/number/sign/NegativeOrZeroValidatorForFloat
instanceKlass org/hibernate/validator/internal/constraintvalidators/bv/number/sign/NegativeOrZeroValidatorForDouble
instanceKlass org/hibernate/validator/internal/constraintvalidators/bv/number/sign/NegativeOrZeroValidatorForBigInteger
instanceKlass org/hibernate/validator/internal/constraintvalidators/bv/number/sign/NegativeOrZeroValidatorForBigDecimal
instanceKlass jakarta/validation/constraints/Negative
instanceKlass org/hibernate/validator/internal/constraintvalidators/bv/number/sign/NegativeValidatorForCharSequence
instanceKlass org/hibernate/validator/internal/constraintvalidators/bv/number/sign/NegativeValidatorForNumber
instanceKlass org/hibernate/validator/internal/constraintvalidators/bv/number/sign/NegativeValidatorForByte
instanceKlass org/hibernate/validator/internal/constraintvalidators/bv/number/sign/NegativeValidatorForShort
instanceKlass org/hibernate/validator/internal/constraintvalidators/bv/number/sign/NegativeValidatorForInteger
instanceKlass org/hibernate/validator/internal/constraintvalidators/bv/number/sign/NegativeValidatorForLong
instanceKlass org/hibernate/validator/internal/constraintvalidators/bv/number/sign/NegativeValidatorForFloat
instanceKlass org/hibernate/validator/internal/constraintvalidators/bv/number/sign/NegativeValidatorForDouble
instanceKlass org/hibernate/validator/internal/constraintvalidators/bv/number/sign/NegativeValidatorForBigInteger
instanceKlass org/hibernate/validator/internal/constraintvalidators/bv/number/sign/NegativeValidatorForBigDecimal
instanceKlass jakarta/validation/constraints/Min
instanceKlass org/hibernate/validator/internal/constraintvalidators/bv/number/bound/AbstractMinValidator
instanceKlass jakarta/validation/constraints/Max
instanceKlass org/hibernate/validator/internal/constraintvalidators/bv/number/bound/AbstractMaxValidator
instanceKlass jakarta/validation/constraints/FutureOrPresent
instanceKlass  @bci org/springframework/core/type/classreading/MergedAnnotationReadingVisitor visitEnum (Ljava/lang/String;Ljava/lang/String;Ljava/lang/String;)V 5 <appendix> member <vmtarget> ; # org/springframework/core/type/classreading/MergedAnnotationReadingVisitor$$Lambda+0x00000224943ae910
instanceKlass com/fasterxml/jackson/annotation/JsonInclude
instanceKlass java/time/chrono/ChronoLocalDateImpl
instanceKlass jakarta/validation/constraints/Future
instanceKlass org/hibernate/validator/internal/constraintvalidators/bv/time/AbstractJavaTimeValidator
instanceKlass org/hibernate/validator/internal/constraintvalidators/bv/time/AbstractInstantBasedTimeValidator
instanceKlass org/hibernate/validator/constraintvalidation/HibernateConstraintValidator
instanceKlass org/hibernate/validator/internal/constraintvalidators/AbstractEmailValidator
instanceKlass jakarta/validation/constraints/Email
instanceKlass jakarta/validation/constraints/Digits
instanceKlass org/hibernate/validator/internal/constraintvalidators/bv/DigitsValidatorForNumber
instanceKlass org/hibernate/validator/internal/constraintvalidators/bv/DigitsValidatorForCharSequence
instanceKlass jakarta/validation/constraints/DecimalMin
instanceKlass org/hibernate/validator/internal/constraintvalidators/bv/number/bound/decimal/AbstractDecimalMinValidator
instanceKlass jakarta/validation/constraints/DecimalMax
instanceKlass org/hibernate/validator/internal/util/actions/IsClassPresent
instanceKlass org/hibernate/validator/internal/constraintvalidators/bv/number/bound/decimal/AbstractDecimalMaxValidator
instanceKlass org/hibernate/validator/internal/constraintvalidators/bv/AssertTrueValidator
instanceKlass jakarta/validation/constraints/AssertTrue
instanceKlass jakarta/validation/constraintvalidation/SupportedValidationTarget
instanceKlass org/hibernate/validator/internal/util/TypeHelper
instanceKlass org/hibernate/validator/internal/engine/constraintvalidation/ClassBasedValidatorDescriptor
instanceKlass org/hibernate/validator/internal/engine/constraintvalidation/ConstraintValidatorDescriptor
instanceKlass org/hibernate/validator/internal/constraintvalidators/bv/AssertFalseValidator
instanceKlass jakarta/validation/constraints/AssertFalse
instanceKlass org/hibernate/validator/internal/metadata/core/ConstraintHelper$ValidatorDescriptorMap
instanceKlass org/hibernate/validator/internal/metadata/core/ConstraintHelper
instanceKlass org/hibernate/validator/internal/engine/valueextraction/ValueExtractorResolver
instanceKlass  @bci org/hibernate/validator/internal/engine/AbstractConfigurationImpl getValueExtractors ()Ljava/util/Set; 17 <appendix> argL0 ; # org/hibernate/validator/internal/engine/AbstractConfigurationImpl$$Lambda+0x00000224943a21b8
instanceKlass java/util/OptionalLong
instanceKlass org/hibernate/validator/internal/engine/valueextraction/OptionalLongValueExtractor
instanceKlass java/util/OptionalDouble
instanceKlass org/hibernate/validator/internal/engine/valueextraction/OptionalDoubleValueExtractor
instanceKlass org/hibernate/validator/internal/engine/valueextraction/AnnotatedObject
instanceKlass java/util/OptionalInt
instanceKlass org/hibernate/validator/internal/engine/valueextraction/OptionalIntValueExtractor
instanceKlass org/hibernate/validator/internal/engine/valueextraction/OptionalValueExtractor
instanceKlass org/hibernate/validator/internal/engine/valueextraction/IterableValueExtractor
instanceKlass org/hibernate/validator/internal/engine/valueextraction/MapKeyExtractor
instanceKlass org/hibernate/validator/internal/engine/valueextraction/MapValueExtractor
instanceKlass org/hibernate/validator/internal/engine/valueextraction/ListValueExtractor
instanceKlass org/hibernate/validator/internal/engine/valueextraction/ObjectArrayValueExtractor
instanceKlass org/hibernate/validator/internal/engine/valueextraction/BooleanArrayValueExtractor
instanceKlass org/hibernate/validator/internal/engine/valueextraction/CharArrayValueExtractor
instanceKlass org/hibernate/validator/internal/engine/valueextraction/DoubleArrayValueExtractor
instanceKlass org/hibernate/validator/internal/engine/valueextraction/FloatArrayValueExtractor
instanceKlass org/hibernate/validator/internal/engine/valueextraction/LongArrayValueExtractor
instanceKlass org/hibernate/validator/internal/engine/valueextraction/IntArrayValueExtractor
instanceKlass org/hibernate/validator/internal/engine/valueextraction/ShortArrayValueExtractor
instanceKlass org/hibernate/validator/internal/engine/valueextraction/ValueExtractorDescriptor$Key
instanceKlass org/hibernate/validator/internal/engine/valueextraction/ArrayElement
instanceKlass org/hibernate/validator/internal/engine/valueextraction/ValueExtractorDescriptor
instanceKlass org/hibernate/validator/internal/engine/valueextraction/ByteArrayValueExtractor
instanceKlass org/hibernate/validator/internal/engine/valueextraction/ValueExtractorManager
instanceKlass org/hibernate/validator/internal/engine/groups/ValidationOrder
instanceKlass org/hibernate/validator/internal/engine/groups/ValidationOrderGenerator
instanceKlass org/hibernate/validator/internal/engine/constraintvalidation/ConstraintValidatorManagerImpl$1
instanceKlass jakarta/validation/ConstraintValidator
instanceKlass jakarta/validation/metadata/ConstraintDescriptor
instanceKlass org/hibernate/validator/internal/engine/constraintvalidation/AbstractConstraintValidatorManagerImpl
instanceKlass org/hibernate/validator/internal/engine/constraintvalidation/HibernateConstraintValidatorInitializationContextImpl
instanceKlass org/hibernate/validator/spi/scripting/ScriptEvaluator
instanceKlass org/hibernate/validator/spi/scripting/AbstractCachingScriptEvaluatorFactory
instanceKlass org/hibernate/validator/internal/util/ExecutableParameterNameProvider
instanceKlass jakarta/el/ExpressionFactoryCache
instanceKlass jakarta/el/Util
instanceKlass jakarta/el/ELContext
instanceKlass jakarta/el/ELManager
instanceKlass org/apache/el/util/ExceptionUtils
instanceKlass jakarta/el/ELResolver
instanceKlass jakarta/el/Expression
instanceKlass jakarta/el/ExpressionFactory$CacheKey
instanceKlass jakarta/el/ExpressionFactory$CacheValue
instanceKlass jakarta/el/ExpressionFactory
instanceKlass org/hibernate/validator/internal/util/ConcurrentReferenceHashMap$HashEntry
instanceKlass org/hibernate/validator/internal/engine/messageinterpolation/DefaultLocaleResolverContext
# instanceKlass java/lang/invoke/LambdaForm$MH+0x0000022494398400
instanceKlass org/hibernate/validator/internal/util/logging/Messages_$bundle
instanceKlass org/jboss/logging/Messages
instanceKlass org/hibernate/validator/internal/util/logging/Messages
instanceKlass org/hibernate/validator/internal/engine/messageinterpolation/DefaultLocaleResolver
instanceKlass org/hibernate/validator/internal/util/Contracts
# instanceKlass java/lang/invoke/LambdaForm$MH+0x0000022494398000
instanceKlass java/lang/reflect/AnnotatedType
instanceKlass org/hibernate/validator/resourceloading/PlatformResourceBundleLocator
instanceKlass org/hibernate/validator/spi/messageinterpolation/LocaleResolverContext
instanceKlass org/hibernate/validator/messageinterpolation/AbstractMessageInterpolator
instanceKlass org/hibernate/validator/constraintvalidation/HibernateConstraintValidatorInitializationContext
instanceKlass org/hibernate/validator/internal/engine/ValidatorFactoryScopedContext
instanceKlass org/hibernate/validator/internal/metadata/aggregated/rule/MethodConfigurationRule
instanceKlass org/hibernate/validator/internal/engine/MethodValidationConfiguration
instanceKlass org/hibernate/validator/spi/scripting/ScriptEvaluatorFactory
instanceKlass org/hibernate/validator/spi/messageinterpolation/LocaleResolver
instanceKlass org/hibernate/validator/metadata/BeanMetaDataClassNormalizer
instanceKlass org/hibernate/validator/spi/cfg/ConstraintMappingContributor
instanceKlass org/hibernate/validator/spi/cfg/ConstraintMappingContributor$ConstraintMappingBuilder
instanceKlass org/hibernate/validator/internal/engine/ValidatorFactoryConfigurationHelper
instanceKlass org/hibernate/validator/internal/metadata/BeanMetaDataManager
instanceKlass jakarta/validation/Validator
instanceKlass org/hibernate/validator/HibernateValidatorContext
instanceKlass org/hibernate/validator/internal/engine/constraintvalidation/ConstraintValidatorManager
instanceKlass jakarta/validation/ValidatorContext
instanceKlass org/hibernate/validator/internal/engine/ValidatorFactoryImpl
instanceKlass org/hibernate/validator/HibernateValidatorFactory
instanceKlass org/hibernate/validator/internal/engine/resolver/JPATraversableResolver
instanceKlass jakarta/persistence/Persistence$PersistenceUtilImpl
instanceKlass org/hibernate/validator/internal/util/ReflectionHelper
instanceKlass org/hibernate/validator/internal/util/actions/NewInstance
instanceKlass jakarta/persistence/PersistenceConfiguration
instanceKlass jakarta/persistence/PersistenceUtil
instanceKlass org/hibernate/validator/internal/util/actions/GetMethod
instanceKlass jakarta/persistence/Persistence
instanceKlass org/hibernate/validator/internal/util/actions/LoadClass
instanceKlass jakarta/validation/TraversableResolver
instanceKlass org/hibernate/validator/internal/engine/resolver/TraversableResolvers
instanceKlass org/hibernate/validator/internal/xml/config/BootstrapConfigurationImpl
instanceKlass jakarta/validation/BootstrapConfiguration
instanceKlass org/hibernate/validator/internal/xml/config/ResourceLoaderHelper
instanceKlass org/hibernate/validator/internal/xml/config/ValidationXmlParser
instanceKlass org/hibernate/validator/internal/util/actions/GetInstancesFromServiceLoader
instanceKlass jakarta/validation/valueextraction/ValueExtractor
instanceKlass org/hibernate/validator/internal/util/actions/GetClassLoader
instanceKlass org/hibernate/validator/internal/engine/DefaultPropertyNodeNameProvider
instanceKlass org/hibernate/validator/internal/engine/DefaultClockProvider
instanceKlass org/hibernate/validator/internal/engine/DefaultParameterNameProvider
instanceKlass org/hibernate/validator/constraintvalidation/spi/DefaultConstraintValidatorFactory
instanceKlass org/hibernate/validator/internal/xml/config/ValidationBootstrapParameters
instanceKlass org/hibernate/validator/internal/engine/MethodValidationConfiguration$Builder
instanceKlass org/hibernate/validator/internal/util/CollectionHelper
instanceKlass org/jboss/logging/Slf4jLocationAwareLogger$1
instanceKlass org/jboss/logging/AbstractLoggerProvider
instanceKlass org/jboss/logging/LoggerProvider
instanceKlass org/jboss/logging/LoggerProviders
instanceKlass org/jboss/logging/DelegatingBasicLogger
instanceKlass org/jboss/logging/SecurityActions
instanceKlass org/jboss/logging/LoggingLocale
instanceKlass org/hibernate/validator/internal/util/logging/Log
instanceKlass org/hibernate/validator/internal/util/logging/LoggerFactory
instanceKlass org/hibernate/validator/internal/util/Version
instanceKlass org/hibernate/validator/cfg/ConstraintMapping
instanceKlass org/hibernate/validator/spi/properties/GetterPropertySelectionStrategy
instanceKlass jakarta/validation/MessageInterpolator
instanceKlass org/hibernate/validator/spi/resourceloading/ResourceBundleLocator
instanceKlass org/hibernate/validator/spi/nodenameprovider/PropertyNodeNameProvider
instanceKlass jakarta/validation/ClockProvider
instanceKlass jakarta/validation/ParameterNameProvider
instanceKlass jakarta/validation/ConstraintValidatorFactory
instanceKlass org/hibernate/validator/internal/engine/AbstractConfigurationImpl
instanceKlass jakarta/validation/spi/ConfigurationState
instanceKlass org/hibernate/validator/HibernateValidatorConfiguration
instanceKlass org/hibernate/validator/BaseHibernateValidatorConfiguration
instanceKlass jakarta/validation/Configuration
instanceKlass jakarta/validation/ValidatorFactory
instanceKlass org/hibernate/validator/HibernateValidator
instanceKlass jakarta/validation/spi/ValidationProvider
instanceKlass jakarta/validation/Validation$GetValidationProviderListAction
instanceKlass jakarta/validation/Validation$DefaultValidationProviderResolver
instanceKlass jakarta/validation/ValidationProviderResolver
instanceKlass jakarta/validation/Validation$GenericBootstrapImpl
instanceKlass jakarta/validation/spi/BootstrapState
instanceKlass jakarta/validation/bootstrap/ProviderSpecificBootstrap
instanceKlass jakarta/validation/bootstrap/GenericBootstrap
instanceKlass jakarta/validation/Validation
instanceKlass  @bci org/springframework/http/converter/support/AllEncompassingFormHttpMessageConverter <init> ()V 21 <appendix> member <vmtarget> ; # org/springframework/http/converter/support/AllEncompassingFormHttpMessageConverter$$Lambda+0x0000022494383938
instanceKlass org/springframework/http/converter/DefaultHttpMessageConverters
instanceKlass  @bci org/springframework/http/converter/support/AllEncompassingFormHttpMessageConverter <init> (Ljava/lang/Iterable;)V 6 <appendix> member <vmtarget> ; # org/springframework/http/converter/support/AllEncompassingFormHttpMessageConverter$$Lambda+0x0000022494383488
instanceKlass  @bci org/springframework/http/converter/json/Jackson2ObjectMapperBuilder configure (Lcom/fasterxml/jackson/databind/ObjectMapper;)V 453 <appendix> member <vmtarget> ; # org/springframework/http/converter/json/Jackson2ObjectMapperBuilder$$Lambda+0x0000022494383250
instanceKlass  @bci org/springframework/http/converter/json/Jackson2ObjectMapperBuilder configure (Lcom/fasterxml/jackson/databind/ObjectMapper;)V 432 <appendix> member <vmtarget> ; # org/springframework/http/converter/json/Jackson2ObjectMapperBuilder$$Lambda+0x0000022494383018
instanceKlass  @bci org/springframework/http/converter/json/Jackson2ObjectMapperBuilder configure (Lcom/fasterxml/jackson/databind/ObjectMapper;)V 360 <appendix> member <vmtarget> ; # org/springframework/http/converter/json/Jackson2ObjectMapperBuilder$$Lambda+0x0000022494382b98
instanceKlass  @cpi org/springframework/http/converter/json/Jackson2ObjectMapperBuilder 723 form vmentry <vmtarget> ; # java/lang/invoke/LambdaForm$DMH+0x0000022494384000
instanceKlass com/fasterxml/jackson/databind/deser/ValueInstantiators$Base
instanceKlass com/fasterxml/jackson/databind/module/SimpleKeyDeserializers
instanceKlass  @bci com/fasterxml/jackson/datatype/jsr310/ser/ZonedDateTimeSerializer <init> (Ljava/time/format/DateTimeFormatter;)V 13 <appendix> argL0 ; # com/fasterxml/jackson/datatype/jsr310/ser/ZonedDateTimeSerializer$$Lambda+0x00000224943822e8
instanceKlass  @bci com/fasterxml/jackson/datatype/jsr310/ser/ZonedDateTimeSerializer <init> (Ljava/time/format/DateTimeFormatter;)V 8 <appendix> argL0 ; # com/fasterxml/jackson/datatype/jsr310/ser/ZonedDateTimeSerializer$$Lambda+0x00000224943820c8
instanceKlass  @bci com/fasterxml/jackson/datatype/jsr310/ser/ZonedDateTimeSerializer <init> (Ljava/time/format/DateTimeFormatter;)V 3 <appendix> argL0 ; # com/fasterxml/jackson/datatype/jsr310/ser/ZonedDateTimeSerializer$$Lambda+0x0000022494381ea8
instanceKlass  @bci com/fasterxml/jackson/datatype/jsr310/ser/OffsetDateTimeSerializer <init> ()V 13 <appendix> argL0 ; # com/fasterxml/jackson/datatype/jsr310/ser/OffsetDateTimeSerializer$$Lambda+0x0000022494381c88
instanceKlass  @bci com/fasterxml/jackson/datatype/jsr310/ser/OffsetDateTimeSerializer <init> ()V 8 <appendix> argL0 ; # com/fasterxml/jackson/datatype/jsr310/ser/OffsetDateTimeSerializer$$Lambda+0x0000022494381a68
instanceKlass  @bci com/fasterxml/jackson/datatype/jsr310/ser/OffsetDateTimeSerializer <init> ()V 3 <appendix> argL0 ; # com/fasterxml/jackson/datatype/jsr310/ser/OffsetDateTimeSerializer$$Lambda+0x0000022494381848
instanceKlass  @bci com/fasterxml/jackson/datatype/jsr310/ser/InstantSerializer <init> ()V 13 <appendix> argL0 ; # com/fasterxml/jackson/datatype/jsr310/ser/InstantSerializer$$Lambda+0x0000022494381628
instanceKlass  @bci com/fasterxml/jackson/datatype/jsr310/ser/InstantSerializer <init> ()V 8 <appendix> argL0 ; # com/fasterxml/jackson/datatype/jsr310/ser/InstantSerializer$$Lambda+0x0000022494381408
instanceKlass  @bci com/fasterxml/jackson/datatype/jsr310/ser/InstantSerializer <init> ()V 3 <appendix> argL0 ; # com/fasterxml/jackson/datatype/jsr310/ser/InstantSerializer$$Lambda+0x00000224943811e8
instanceKlass com/fasterxml/jackson/databind/ser/Serializers$Base
instanceKlass com/fasterxml/jackson/databind/util/ArrayBuilders
instanceKlass com/fasterxml/jackson/databind/type/ClassKey
instanceKlass  @bci com/fasterxml/jackson/datatype/jsr310/deser/InstantDeserializer <clinit> ()V 130 <appendix> argL0 ; # com/fasterxml/jackson/datatype/jsr310/deser/InstantDeserializer$$Lambda+0x000002249437f080
instanceKlass  @bci com/fasterxml/jackson/datatype/jsr310/deser/InstantDeserializer <clinit> ()V 125 <appendix> argL0 ; # com/fasterxml/jackson/datatype/jsr310/deser/InstantDeserializer$$Lambda+0x000002249437ee40
instanceKlass  @bci com/fasterxml/jackson/datatype/jsr310/deser/InstantDeserializer <clinit> ()V 120 <appendix> argL0 ; # com/fasterxml/jackson/datatype/jsr310/deser/InstantDeserializer$$Lambda+0x000002249437ec00
instanceKlass  @bci com/fasterxml/jackson/datatype/jsr310/deser/InstantDeserializer <clinit> ()V 115 <appendix> argL0 ; # com/fasterxml/jackson/datatype/jsr310/deser/InstantDeserializer$$Lambda+0x000002249437e9c0
instanceKlass  @bci com/fasterxml/jackson/datatype/jsr310/deser/InstantDeserializer <clinit> ()V 88 <appendix> argL0 ; # com/fasterxml/jackson/datatype/jsr310/deser/InstantDeserializer$$Lambda+0x000002249437e790
instanceKlass  @bci com/fasterxml/jackson/datatype/jsr310/deser/InstantDeserializer <clinit> ()V 83 <appendix> argL0 ; # com/fasterxml/jackson/datatype/jsr310/deser/InstantDeserializer$$Lambda+0x000002249437e550
instanceKlass  @bci com/fasterxml/jackson/datatype/jsr310/deser/InstantDeserializer <clinit> ()V 78 <appendix> argL0 ; # com/fasterxml/jackson/datatype/jsr310/deser/InstantDeserializer$$Lambda+0x000002249437e310
instanceKlass  @bci com/fasterxml/jackson/datatype/jsr310/deser/InstantDeserializer <clinit> ()V 73 <appendix> argL0 ; # com/fasterxml/jackson/datatype/jsr310/deser/InstantDeserializer$$Lambda+0x000002249437e0d0
instanceKlass  @bci com/fasterxml/jackson/datatype/jsr310/deser/InstantDeserializer <init> (Ljava/lang/Class;Ljava/time/format/DateTimeFormatter;Ljava/util/function/Function;Ljava/util/function/Function;Ljava/util/function/Function;Ljava/util/function/BiFunction;ZZZ)V 29 <appendix> argL0 ; # com/fasterxml/jackson/datatype/jsr310/deser/InstantDeserializer$$Lambda+0x000002249437dea0
instanceKlass  @bci com/fasterxml/jackson/datatype/jsr310/deser/InstantDeserializer <clinit> ()V 45 <appendix> argL0 ; # com/fasterxml/jackson/datatype/jsr310/deser/InstantDeserializer$$Lambda+0x000002249437dc60
instanceKlass com/fasterxml/jackson/datatype/jsr310/deser/InstantDeserializer$FromDecimalArguments
instanceKlass  @bci com/fasterxml/jackson/datatype/jsr310/deser/InstantDeserializer <clinit> ()V 40 <appendix> argL0 ; # com/fasterxml/jackson/datatype/jsr310/deser/InstantDeserializer$$Lambda+0x000002249437d810
instanceKlass com/fasterxml/jackson/datatype/jsr310/deser/InstantDeserializer$FromIntegerArguments
instanceKlass  @bci com/fasterxml/jackson/datatype/jsr310/deser/InstantDeserializer <clinit> ()V 35 <appendix> argL0 ; # com/fasterxml/jackson/datatype/jsr310/deser/InstantDeserializer$$Lambda+0x000002249437d3c0
instanceKlass com/fasterxml/jackson/databind/deser/Deserializers$Base
instanceKlass com/fasterxml/jackson/databind/ObjectMapper$1
instanceKlass com/fasterxml/jackson/core/util/JacksonFeatureSet
instanceKlass com/fasterxml/jackson/core/Version
instanceKlass com/fasterxml/jackson/core/util/VersionUtil
instanceKlass com/fasterxml/jackson/datatype/jsr310/PackageVersion
instanceKlass com/fasterxml/jackson/databind/ser/BeanSerializerModifier
instanceKlass com/fasterxml/jackson/databind/ser/Serializers
instanceKlass com/fasterxml/jackson/databind/cfg/SerializerFactoryConfig
instanceKlass com/fasterxml/jackson/databind/ser/std/StdJdkSerializers
instanceKlass com/fasterxml/jackson/databind/ser/std/NumberSerializers
instanceKlass com/fasterxml/jackson/annotation/JacksonAnnotation
instanceKlass tools/jackson/databind/PropertyNamingStrategy
instanceKlass tools/jackson/databind/annotation/JsonNaming
instanceKlass com/fasterxml/jackson/databind/deser/DeserializerCache
instanceKlass com/fasterxml/jackson/databind/KeyDeserializer
instanceKlass com/fasterxml/jackson/databind/deser/std/StdKeyDeserializers
instanceKlass com/fasterxml/jackson/databind/deser/KeyDeserializers
instanceKlass com/fasterxml/jackson/databind/deser/ValueInstantiators
instanceKlass com/fasterxml/jackson/databind/AbstractTypeResolver
instanceKlass com/fasterxml/jackson/databind/deser/BeanDeserializerModifier
instanceKlass com/fasterxml/jackson/databind/cfg/DeserializerFactoryConfig
instanceKlass com/fasterxml/jackson/databind/PropertyName
instanceKlass com/fasterxml/jackson/databind/deser/Deserializers
instanceKlass com/fasterxml/jackson/databind/deser/ResolvableDeserializer
instanceKlass com/fasterxml/jackson/databind/deser/ValueInstantiator$Gettable
instanceKlass com/fasterxml/jackson/databind/deser/ContextualDeserializer
instanceKlass com/fasterxml/jackson/databind/JsonDeserializer
instanceKlass com/fasterxml/jackson/databind/deser/NullValueProvider
instanceKlass com/fasterxml/jackson/databind/ser/SerializerCache
instanceKlass com/fasterxml/jackson/databind/ser/ResolvableSerializer
instanceKlass com/fasterxml/jackson/databind/ser/ContextualSerializer
instanceKlass com/fasterxml/jackson/databind/jsonschema/SchemaAware
instanceKlass com/fasterxml/jackson/databind/JsonSerializer
instanceKlass com/fasterxml/jackson/databind/jsonFormatVisitors/JsonFormatVisitable
instanceKlass com/fasterxml/jackson/databind/node/JsonNodeFactory
instanceKlass com/fasterxml/jackson/databind/node/JsonNodeCreator
instanceKlass com/fasterxml/jackson/databind/cfg/ContextAttributes
instanceKlass com/fasterxml/jackson/databind/cfg/DatatypeFeature
instanceKlass com/fasterxml/jackson/databind/cfg/DatatypeFeatures$DefaultHolder
instanceKlass com/fasterxml/jackson/databind/cfg/DatatypeFeatures
instanceKlass com/fasterxml/jackson/core/util/DefaultPrettyPrinter$NopIndenter
instanceKlass com/fasterxml/jackson/core/util/Separators
instanceKlass com/fasterxml/jackson/core/util/DefaultPrettyPrinter
instanceKlass com/fasterxml/jackson/core/util/Instantiatable
instanceKlass com/fasterxml/jackson/databind/cfg/ConfigFeature
instanceKlass com/fasterxml/jackson/databind/cfg/ConfigOverride
instanceKlass com/fasterxml/jackson/databind/cfg/CoercionConfig
instanceKlass com/fasterxml/jackson/databind/cfg/CoercionConfigs
instanceKlass com/fasterxml/jackson/databind/introspect/VisibilityChecker$Std
instanceKlass com/fasterxml/jackson/databind/cfg/ConfigOverrides
instanceKlass com/fasterxml/jackson/databind/introspect/AnnotatedClass$Creators
instanceKlass com/fasterxml/jackson/databind/introspect/AnnotationCollector$NoAnnotations
instanceKlass com/fasterxml/jackson/databind/util/Annotations
instanceKlass com/fasterxml/jackson/databind/introspect/AnnotationCollector
instanceKlass com/fasterxml/jackson/databind/introspect/AnnotatedClassResolver
instanceKlass com/fasterxml/jackson/databind/BeanDescription
instanceKlass com/fasterxml/jackson/databind/cfg/MapperConfig
instanceKlass com/fasterxml/jackson/databind/introspect/SimpleMixInResolver
instanceKlass com/fasterxml/jackson/databind/introspect/ClassIntrospector$MixInResolver
instanceKlass com/fasterxml/jackson/databind/util/RootNameLookup
instanceKlass com/fasterxml/jackson/databind/introspect/AccessorNamingStrategy
instanceKlass com/fasterxml/jackson/core/Base64Variant
instanceKlass com/fasterxml/jackson/core/Base64Variants
instanceKlass com/fasterxml/jackson/databind/type/TypeBindings
instanceKlass com/fasterxml/jackson/databind/type/TypeParser
instanceKlass com/fasterxml/jackson/databind/type/TypeFactory
instanceKlass  @bci org/springframework/core/type/AnnotationMetadata hasMetaAnnotation (Ljava/lang/String;)Z 7 <appendix> argL0 ; # org/springframework/core/type/AnnotationMetadata$$Lambda+0x0000022494341958
instanceKlass com/fasterxml/jackson/databind/cfg/BaseSettings
instanceKlass org/springframework/core/type/classreading/SimpleAnnotationMetadata
instanceKlass org/springframework/web/bind/annotation/DeleteMapping
instanceKlass com/fasterxml/jackson/databind/util/internal/Linked
instanceKlass org/springframework/web/bind/annotation/PutMapping
instanceKlass com/fasterxml/jackson/databind/util/internal/PrivateMaxEntriesMap$Builder
instanceKlass com/fasterxml/jackson/databind/util/LRUMap
instanceKlass org/springframework/web/bind/annotation/GetMapping
instanceKlass com/fasterxml/jackson/databind/util/LookupCache
instanceKlass org/springframework/core/annotation/MergedAnnotationsCollection
instanceKlass com/fasterxml/jackson/databind/util/ClassUtil$Ctor
instanceKlass com/fasterxml/jackson/databind/util/ClassUtil
instanceKlass com/fasterxml/jackson/databind/ext/Java7Support
instanceKlass com/fasterxml/jackson/databind/annotation/JsonDeserialize
instanceKlass org/springframework/http/HttpMethod
instanceKlass com/fasterxml/jackson/databind/annotation/JsonSerialize
instanceKlass org/springframework/web/bind/annotation/PostMapping
instanceKlass  @bci org/springframework/core/type/classreading/SimpleMethodMetadataReadingVisitor visitAnnotation (Ljava/lang/String;Z)Lorg/springframework/asm/AnnotationVisitor; 19 <appendix> member <vmtarget> ; # org/springframework/core/type/classreading/SimpleMethodMetadataReadingVisitor$$Lambda+0x000002249433ce70
instanceKlass org/springframework/core/type/classreading/SimpleMethodMetadataReadingVisitor$Source
instanceKlass  @bci org/springframework/core/type/classreading/SimpleAnnotationMetadataReadingVisitor visitMethod (ILjava/lang/String;Ljava/lang/String;Ljava/lang/String;[Ljava/lang/String;)Lorg/springframework/asm/MethodVisitor; 43 <appendix> member <vmtarget> ; # org/springframework/core/type/classreading/SimpleAnnotationMetadataReadingVisitor$$Lambda+0x000002249433be78
instanceKlass com/fasterxml/jackson/databind/introspect/ConcreteBeanPropertyBase
instanceKlass org/springframework/core/type/classreading/SimpleMethodMetadata
instanceKlass com/fasterxml/jackson/databind/BeanProperty
instanceKlass org/springframework/core/type/MethodMetadata
instanceKlass org/springframework/web/bind/annotation/ControllerMappingReflectiveProcessor
instanceKlass com/fasterxml/jackson/databind/introspect/BeanPropertyDefinition
instanceKlass com/fasterxml/jackson/databind/util/Named
instanceKlass org/springframework/aot/hint/annotation/SimpleReflectiveProcessor
instanceKlass org/springframework/aot/hint/annotation/ReflectiveProcessor
instanceKlass org/springframework/aot/hint/annotation/Reflective
instanceKlass com/fasterxml/jackson/databind/introspect/TypeResolutionContext
instanceKlass org/springframework/web/bind/annotation/Mapping
instanceKlass com/fasterxml/jackson/databind/introspect/Annotated
instanceKlass  @bci org/springframework/core/type/classreading/MergedAnnotationReadingVisitor visitArray (Ljava/lang/String;)Lorg/springframework/asm/AnnotationVisitor; 7 <appendix> member <vmtarget> ; # org/springframework/core/type/classreading/MergedAnnotationReadingVisitor$$Lambda+0x0000022494337d38
instanceKlass org/springframework/web/bind/annotation/RequestMapping
instanceKlass  @bci org/springframework/core/annotation/TypeMappedAnnotation of (Ljava/lang/ClassLoader;Ljava/lang/Object;Ljava/lang/Class;Ljava/util/Map;)Lorg/springframework/core/annotation/MergedAnnotation; 26 <appendix> argL0 ; # org/springframework/core/annotation/TypeMappedAnnotation$$Lambda+0x0000022494337448
instanceKlass com/fasterxml/jackson/databind/introspect/ClassIntrospector
instanceKlass com/fasterxml/jackson/databind/Module$SetupContext
instanceKlass org/springframework/web/bind/annotation/ResponseBody
instanceKlass com/fasterxml/jackson/databind/jsontype/TypeResolverBuilder
instanceKlass org/springframework/stereotype/Controller
instanceKlass org/springframework/web/bind/annotation/RestController
instanceKlass org/springframework/asm/Type
instanceKlass com/fasterxml/jackson/core/type/ResolvedType
instanceKlass org/springframework/asm/AnnotationVisitor
instanceKlass  @bci org/springframework/core/type/classreading/SimpleAnnotationMetadataReadingVisitor visitAnnotation (Ljava/lang/String;Z)Lorg/springframework/asm/AnnotationVisitor; 19 <appendix> member <vmtarget> ; # org/springframework/core/type/classreading/SimpleAnnotationMetadataReadingVisitor$$Lambda+0x0000022494332fa8
instanceKlass com/fasterxml/jackson/core/util/BufferRecycler$Gettable
instanceKlass org/springframework/core/type/classreading/SimpleAnnotationMetadataReadingVisitor$Source
instanceKlass org/springframework/asm/Context
instanceKlass org/springframework/asm/Attribute
instanceKlass org/springframework/asm/ClassReader
instanceKlass com/fasterxml/jackson/databind/JsonSerializable$Base
instanceKlass com/fasterxml/jackson/databind/JsonSerializable
instanceKlass com/fasterxml/jackson/core/TreeNode
instanceKlass com/fasterxml/jackson/databind/introspect/VisibilityChecker
instanceKlass com/fasterxml/jackson/databind/jsontype/PolymorphicTypeValidator
instanceKlass com/fasterxml/jackson/databind/introspect/AccessorNamingStrategy$Provider
instanceKlass com/fasterxml/jackson/databind/AnnotationIntrospector
instanceKlass com/fasterxml/jackson/databind/ser/SerializerFactory
instanceKlass org/springframework/asm/MethodVisitor
instanceKlass com/fasterxml/jackson/databind/deser/DeserializerFactory
instanceKlass org/springframework/core/type/classreading/SimpleMetadataReader
instanceKlass com/fasterxml/jackson/databind/DatabindContext
instanceKlass com/fasterxml/jackson/databind/jsontype/SubtypeResolver
instanceKlass com/fasterxml/jackson/core/sym/CharsToNameCanonicalizer$Bucket
instanceKlass com/fasterxml/jackson/core/sym/CharsToNameCanonicalizer$TableInfo
instanceKlass com/fasterxml/jackson/core/sym/CharsToNameCanonicalizer
instanceKlass com/fasterxml/jackson/core/ErrorReportConfiguration
instanceKlass com/fasterxml/jackson/core/StreamWriteConstraints
instanceKlass com/fasterxml/jackson/core/StreamReadConstraints
instanceKlass com/fasterxml/jackson/core/util/RecyclerPool$WithPool
instanceKlass com/fasterxml/jackson/core/util/RecyclerPool$ThreadLocalPoolBase
instanceKlass com/fasterxml/jackson/core/util/RecyclerPool
instanceKlass com/fasterxml/jackson/core/util/JsonRecyclerPools
instanceKlass com/fasterxml/jackson/core/sym/ByteQuadsCanonicalizer$TableInfo
instanceKlass com/fasterxml/jackson/core/sym/ByteQuadsCanonicalizer
instanceKlass com/fasterxml/jackson/core/FormatFeature
instanceKlass com/fasterxml/jackson/core/io/CharTypes
instanceKlass com/fasterxml/jackson/core/io/JsonStringEncoder
instanceKlass com/fasterxml/jackson/core/io/SerializedString
instanceKlass com/fasterxml/jackson/core/util/JacksonFeature
instanceKlass com/fasterxml/jackson/dataformat/yaml/util/StringQuotingChecker
instanceKlass com/fasterxml/jackson/core/async/ByteArrayFeeder
instanceKlass com/fasterxml/jackson/core/async/ByteBufferFeeder
instanceKlass com/fasterxml/jackson/core/async/NonBlockingInputFeeder
instanceKlass com/fasterxml/jackson/core/JsonParser
instanceKlass com/fasterxml/jackson/core/TSFBuilder
instanceKlass com/fasterxml/jackson/core/SerializableString
instanceKlass org/springframework/http/converter/json/Jackson2ObjectMapperBuilder$YamlFactoryInitializer
instanceKlass com/fasterxml/jackson/databind/cfg/HandlerInstantiator
instanceKlass com/fasterxml/jackson/databind/Module
instanceKlass org/springframework/http/converter/json/Jackson2ObjectMapperBuilder
instanceKlass com/fasterxml/jackson/core/PrettyPrinter
instanceKlass com/fasterxml/jackson/core/util/DefaultPrettyPrinter$Indenter
instanceKlass org/springframework/http/converter/GenericHttpMessageConverter
instanceKlass  @bci javax/xml/transform/FactoryFinder newInstance (Ljava/lang/Class;Ljava/lang/String;Ljava/lang/ClassLoader;Z)Ljava/lang/Object; 107 <appendix> member <vmtarget> ; # javax/xml/transform/FactoryFinder$$Lambda+0x00000224941fe6b0
instanceKlass jdk/xml/internal/JdkProperty
instanceKlass javax/xml/catalog/CatalogReader$1
instanceKlass javax/xml/catalog/Normalizer
instanceKlass com/sun/org/apache/xerces/internal/impl/Constants$ArrayEnumeration
instanceKlass com/sun/org/apache/xerces/internal/impl/Constants
instanceKlass com/sun/org/apache/xerces/internal/parsers/AbstractSAXParser$LocatorProxy
instanceKlass org/xml/sax/ext/Locator2
instanceKlass org/xml/sax/Locator
instanceKlass com/sun/org/apache/xerces/internal/util/XMLSymbols
instanceKlass com/sun/org/apache/xerces/internal/util/XMLChar
instanceKlass com/sun/xml/internal/stream/Entity
instanceKlass com/sun/xml/internal/stream/util/BufferAllocator
instanceKlass com/sun/xml/internal/stream/util/ThreadLocalBufferAllocator
instanceKlass com/sun/org/apache/xerces/internal/impl/XMLEntityManager$EncodingInfo
instanceKlass java/util/AbstractMap$SimpleEntry
instanceKlass jdk/internal/jimage/ImageBufferCache$2
instanceKlass jdk/internal/jimage/ImageBufferCache
instanceKlass  @bci jdk/xml/internal/SecuritySupport getInputStream (Ljava/net/URLConnection;)Ljava/io/InputStream; 1 <appendix> member <vmtarget> ; # jdk/xml/internal/SecuritySupport$$Lambda+0x00000224941fa738
instanceKlass  @bci sun/net/www/protocol/jrt/JavaRuntimeURLConnection <clinit> ()V 0 <appendix> argL0 ; # sun/net/www/protocol/jrt/JavaRuntimeURLConnection$$Lambda+0x00000224941fa518
instanceKlass com/sun/org/apache/xerces/internal/util/URI
instanceKlass jdk/xml/internal/XMLLimitAnalyzer
instanceKlass com/sun/org/apache/xerces/internal/xni/parser/XMLInputSource
instanceKlass com/sun/org/apache/xerces/internal/util/ErrorHandlerWrapper
instanceKlass com/sun/org/apache/xerces/internal/xni/parser/XMLErrorHandler
instanceKlass com/sun/org/apache/xerces/internal/impl/ExternalSubsetResolver
instanceKlass com/sun/org/apache/xerces/internal/util/EntityResolverWrapper
instanceKlass org/xml/sax/ext/EntityResolver2
instanceKlass org/xml/sax/helpers/DefaultHandler
instanceKlass org/xml/sax/ContentHandler
instanceKlass org/xml/sax/DTDHandler
instanceKlass com/sun/org/apache/xerces/internal/parsers/AbstractSAXParser$AttributesProxy
instanceKlass org/xml/sax/ext/Attributes2
instanceKlass org/xml/sax/Attributes
instanceKlass org/xml/sax/AttributeList
instanceKlass com/sun/org/apache/xerces/internal/util/FeatureState
instanceKlass com/sun/org/apache/xerces/internal/util/PropertyState
instanceKlass com/sun/org/apache/xerces/internal/impl/msg/XMLMessageFormatter
instanceKlass com/sun/org/apache/xerces/internal/util/MessageFormatter
instanceKlass com/sun/org/apache/xerces/internal/impl/XMLVersionDetector
instanceKlass com/sun/org/apache/xerces/internal/impl/validation/ValidationManager
instanceKlass com/sun/org/apache/xerces/internal/impl/dv/dtd/NMTOKENDatatypeValidator
instanceKlass com/sun/org/apache/xerces/internal/impl/dv/dtd/NOTATIONDatatypeValidator
instanceKlass com/sun/org/apache/xerces/internal/impl/dv/dtd/ENTITYDatatypeValidator
instanceKlass com/sun/org/apache/xerces/internal/impl/dv/dtd/ListDatatypeValidator
instanceKlass com/sun/org/apache/xerces/internal/impl/dv/dtd/IDREFDatatypeValidator
instanceKlass com/sun/org/apache/xerces/internal/impl/dv/dtd/IDDatatypeValidator
instanceKlass com/sun/org/apache/xerces/internal/impl/dv/dtd/StringDatatypeValidator
instanceKlass com/sun/org/apache/xerces/internal/impl/dv/DatatypeValidator
instanceKlass com/sun/org/apache/xerces/internal/impl/dv/DTDDVFactory
instanceKlass com/sun/org/apache/xerces/internal/impl/dtd/DTDGrammarBucket
instanceKlass com/sun/org/apache/xerces/internal/impl/dtd/XMLAttributeDecl
instanceKlass com/sun/org/apache/xerces/internal/impl/dtd/XMLSimpleType
instanceKlass com/sun/org/apache/xerces/internal/impl/dtd/XMLElementDecl
instanceKlass com/sun/org/apache/xerces/internal/impl/validation/ValidationState
instanceKlass com/sun/org/apache/xerces/internal/impl/dv/ValidationContext
instanceKlass com/sun/org/apache/xerces/internal/impl/dtd/XMLDTDValidator
instanceKlass com/sun/org/apache/xerces/internal/impl/RevalidationHandler
instanceKlass com/sun/org/apache/xerces/internal/impl/dtd/XMLDTDValidatorFilter
instanceKlass com/sun/org/apache/xerces/internal/xni/parser/XMLDocumentFilter
instanceKlass com/sun/org/apache/xerces/internal/impl/dtd/XMLEntityDecl
instanceKlass com/sun/org/apache/xerces/internal/impl/dtd/XMLDTDProcessor
instanceKlass com/sun/org/apache/xerces/internal/xni/parser/XMLDTDContentModelFilter
instanceKlass com/sun/org/apache/xerces/internal/xni/parser/XMLDTDFilter
instanceKlass com/sun/org/apache/xerces/internal/xni/parser/XMLDTDScanner
instanceKlass com/sun/org/apache/xerces/internal/xni/parser/XMLDTDContentModelSource
instanceKlass com/sun/org/apache/xerces/internal/xni/parser/XMLDTDSource
instanceKlass com/sun/org/apache/xerces/internal/xni/grammars/XMLDTDDescription
instanceKlass com/sun/org/apache/xerces/internal/xni/grammars/XMLGrammarDescription
instanceKlass com/sun/org/apache/xerces/internal/impl/XMLDocumentScannerImpl$TrailingMiscDriver
instanceKlass com/sun/org/apache/xerces/internal/impl/XMLDocumentScannerImpl$PrologDriver
instanceKlass com/sun/org/apache/xerces/internal/impl/XMLDocumentScannerImpl$XMLDeclDriver
instanceKlass com/sun/org/apache/xerces/internal/util/NamespaceSupport
instanceKlass com/sun/org/apache/xerces/internal/xni/NamespaceContext
instanceKlass com/sun/org/apache/xerces/internal/util/XMLAttributesImpl$Attribute
instanceKlass com/sun/org/apache/xerces/internal/util/XMLAttributesImpl
instanceKlass com/sun/org/apache/xerces/internal/xni/XMLAttributes
instanceKlass com/sun/org/apache/xerces/internal/impl/XMLDocumentFragmentScannerImpl$FragmentContentDriver
instanceKlass com/sun/org/apache/xerces/internal/impl/XMLDocumentFragmentScannerImpl$Driver
instanceKlass com/sun/org/apache/xerces/internal/impl/XMLDocumentFragmentScannerImpl$ElementStack2
instanceKlass com/sun/org/apache/xerces/internal/xni/QName
instanceKlass com/sun/org/apache/xerces/internal/impl/XMLDocumentFragmentScannerImpl$ElementStack
instanceKlass com/sun/org/apache/xerces/internal/xni/XMLString
instanceKlass com/sun/org/apache/xerces/internal/impl/XMLScanner
instanceKlass com/sun/xml/internal/stream/XMLBufferListener
instanceKlass com/sun/org/apache/xerces/internal/impl/XMLEntityHandler
instanceKlass com/sun/org/apache/xerces/internal/xni/parser/XMLDocumentScanner
instanceKlass com/sun/org/apache/xerces/internal/xni/parser/XMLDocumentSource
instanceKlass com/sun/org/apache/xerces/internal/impl/XMLErrorReporter
instanceKlass com/sun/org/apache/xerces/internal/impl/XMLEntityScanner
instanceKlass com/sun/org/apache/xerces/internal/xni/XMLLocator
instanceKlass com/sun/xml/internal/stream/XMLEntityStorage
instanceKlass com/sun/org/apache/xerces/internal/util/AugmentationsImpl$AugmentationsItemsContainer
instanceKlass com/sun/org/apache/xerces/internal/util/AugmentationsImpl
instanceKlass com/sun/org/apache/xerces/internal/xni/Augmentations
instanceKlass com/sun/org/apache/xerces/internal/util/XMLResourceIdentifierImpl
instanceKlass com/sun/org/apache/xerces/internal/xni/XMLResourceIdentifier
instanceKlass com/sun/org/apache/xerces/internal/impl/XMLEntityManager
instanceKlass com/sun/org/apache/xerces/internal/xni/parser/XMLEntityResolver
instanceKlass com/sun/org/apache/xerces/internal/xni/parser/XMLComponent
instanceKlass com/sun/org/apache/xerces/internal/util/SymbolTable$Entry
instanceKlass com/sun/org/apache/xerces/internal/util/SymbolTable
instanceKlass com/sun/org/apache/xerces/internal/util/ParserConfigurationSettings
instanceKlass com/sun/org/apache/xerces/internal/parsers/XML11Configurable
instanceKlass com/sun/org/apache/xerces/internal/xni/parser/XMLPullParserConfiguration
instanceKlass com/sun/org/apache/xerces/internal/xni/parser/XMLParserConfiguration
instanceKlass com/sun/org/apache/xerces/internal/xni/parser/XMLComponentManager
instanceKlass com/sun/org/apache/xerces/internal/parsers/XMLParser
instanceKlass com/sun/org/apache/xerces/internal/xni/XMLDTDContentModelHandler
instanceKlass com/sun/org/apache/xerces/internal/xni/XMLDTDHandler
instanceKlass com/sun/org/apache/xerces/internal/xni/XMLDocumentHandler
instanceKlass org/xml/sax/XMLReader
instanceKlass org/xml/sax/Parser
instanceKlass javax/xml/parsers/SAXParser
instanceKlass com/sun/org/apache/xerces/internal/xs/PSVIProvider
instanceKlass com/sun/org/apache/xerces/internal/jaxp/JAXPConstants
instanceKlass javax/xml/catalog/CatalogResolver
instanceKlass org/w3c/dom/ls/LSResourceResolver
instanceKlass javax/xml/transform/URIResolver
instanceKlass javax/xml/stream/XMLResolver
instanceKlass javax/xml/catalog/BaseEntry
instanceKlass javax/xml/catalog/Catalog
instanceKlass javax/xml/catalog/CatalogManager
instanceKlass  @bci javax/xml/catalog/CatalogFeatures setProperties (Ljavax/xml/catalog/CatalogFeatures$Builder;)V 5 <appendix> member <vmtarget> ; # javax/xml/catalog/CatalogFeatures$$Lambda+0x00000224940ac1a8
instanceKlass javax/xml/catalog/CatalogMessages
instanceKlass javax/xml/catalog/Util
instanceKlass com/sun/org/apache/xerces/internal/utils/XMLSecurityPropertyManager
instanceKlass javax/xml/parsers/SAXParserFactory
instanceKlass jdk/xml/internal/JdkXmlUtils
instanceKlass  @bci jdk/xml/internal/SecuritySupport getResource (Ljava/lang/String;)Ljava/net/URL; 1 <appendix> member <vmtarget> ; # jdk/xml/internal/SecuritySupport$$Lambda+0x00000224941e1d48
instanceKlass jdk/xml/internal/JdkCatalog
instanceKlass  @bci jdk/xml/internal/XMLSecurityManager$StringMapper <init> (Ljava/util/Map;)V 30 <appendix> argL0 ; # jdk/xml/internal/XMLSecurityManager$StringMapper$$Lambda+0x00000224941e1078
instanceKlass  @bci jdk/xml/internal/XMLSecurityManager$StringMapper <init> (Ljava/util/Map;)V 25 <appendix> argL0 ; # jdk/xml/internal/XMLSecurityManager$StringMapper$$Lambda+0x00000224941e0e38
instanceKlass jdk/xml/internal/XMLSecurityManager$ValueMapper
instanceKlass jdk/xml/internal/XMLSecurityManager
instanceKlass com/sun/org/apache/xalan/internal/utils/FeaturePropertyBase
instanceKlass jdk/xml/internal/JdkXmlFeatures
instanceKlass jdk/xml/internal/JdkConstants
instanceKlass javax/xml/catalog/CatalogFeatures$Builder
instanceKlass javax/xml/catalog/CatalogFeatures
instanceKlass jdk/xml/internal/TransformErrorListener
instanceKlass javax/xml/transform/ErrorListener
instanceKlass com/sun/org/apache/xalan/internal/xsltc/compiler/SourceLoader
instanceKlass  @bci jdk/xml/internal/SecuritySupport getContextClassLoader ()Ljava/lang/ClassLoader; 0 <appendix> argL0 ; # jdk/xml/internal/SecuritySupport$$Lambda+0x00000224941dd2f0
instanceKlass  @bci javax/xml/transform/FactoryFinder find (Ljava/lang/Class;Ljava/lang/String;)Ljava/lang/Object; 123 <appendix> member <vmtarget> ; # javax/xml/transform/FactoryFinder$$Lambda+0x00000224941dd0c8
instanceKlass javax/xml/transform/FactoryFinder$1
instanceKlass  @bci jdk/xml/internal/SecuritySupport getFileInputStream (Ljava/io/File;)Ljava/io/FileInputStream; 1 <appendix> member <vmtarget> ; # jdk/xml/internal/SecuritySupport$$Lambda+0x00000224941dcc70
instanceKlass  @bci jdk/xml/internal/SecuritySupport doesFileExist (Ljava/io/File;)Z 1 <appendix> member <vmtarget> ; # jdk/xml/internal/SecuritySupport$$Lambda+0x00000224941dca48
instanceKlass  @bci javax/xml/transform/FactoryFinder find (Ljava/lang/Class;Ljava/lang/String;)Ljava/lang/Object; 24 <appendix> member <vmtarget> ; # javax/xml/transform/FactoryFinder$$Lambda+0x00000224941dc820
instanceKlass  @bci jdk/xml/internal/SecuritySupport getSystemProperty (Ljava/lang/String;)Ljava/lang/String; 1 <appendix> member <vmtarget> ; # jdk/xml/internal/SecuritySupport$$Lambda+0x00000224941dc5f8
instanceKlass jdk/xml/internal/SecuritySupport
instanceKlass javax/xml/transform/FactoryFinder
instanceKlass javax/xml/transform/TransformerFactory
instanceKlass  @bci org/springframework/http/converter/xml/Jaxb2RootElementHttpMessageConverter <clinit> ()V 0 <appendix> argL0 ; # org/springframework/http/converter/xml/Jaxb2RootElementHttpMessageConverter$$Lambda+0x0000022494316f78
instanceKlass javax/xml/transform/Source
instanceKlass javax/xml/transform/Result
instanceKlass tools/jackson/databind/JacksonModule
instanceKlass org/springframework/http/converter/json/ProblemDetailJacksonMixin
instanceKlass org/springframework/http/ProblemDetail
instanceKlass tools/jackson/databind/ser/FilterProvider
instanceKlass org/springframework/http/converter/SmartHttpMessageConverter
instanceKlass com/fasterxml/jackson/core/TokenStreamFactory
instanceKlass jakarta/xml/bind/Binder
instanceKlass com/fasterxml/jackson/core/JsonGenerator
instanceKlass com/fasterxml/jackson/core/TreeCodec
instanceKlass com/fasterxml/jackson/core/Versioned
instanceKlass org/springframework/http/converter/DefaultHttpMessageConverters$DefaultBuilder
instanceKlass org/springframework/http/converter/HttpMessageConverters$ServerBuilder
instanceKlass org/springframework/http/converter/HttpMessageConverters$ClientBuilder
instanceKlass org/springframework/http/converter/HttpMessageConverters$Builder
instanceKlass org/springframework/http/converter/HttpMessageConverters
instanceKlass org/apache/commons/logging/impl/NoOpLog
instanceKlass org/springframework/core/log/CompositeLog
instanceKlass org/springframework/core/log/LogDelegateFactory
instanceKlass org/springframework/http/HttpLogging
instanceKlass org/springframework/http/converter/AbstractHttpMessageConverter
instanceKlass org/springframework/util/MimeType
instanceKlass org/springframework/http/StreamingHttpOutputMessage$Body
instanceKlass org/springframework/http/HttpOutputMessage
instanceKlass org/springframework/http/HttpMessage
instanceKlass org/springframework/http/converter/FormHttpMessageConverter
instanceKlass org/springframework/http/converter/HttpMessageConverter
instanceKlass com/sun/security/sasl/Provider$1
instanceKlass  @bci sun/security/provider/certpath/ldap/JdkLDAP <init> ()V 15 <appendix> member <vmtarget> ; # sun/security/provider/certpath/ldap/JdkLDAP$$Lambda+0x00000224941dae00
instanceKlass  @bci sun/security/jgss/SunProvider <init> ()V 15 <appendix> member <vmtarget> ; # sun/security/jgss/SunProvider$$Lambda+0x000002249430f038
instanceKlass org/jcp/xml/dsig/internal/dom/XMLDSigRI$2
instanceKlass org/jcp/xml/dsig/internal/dom/XMLDSigRI$1
instanceKlass sun/security/smartcardio/SunPCSC$1
instanceKlass com/sun/security/sasl/gsskerb/JdkSASL$1
instanceKlass  @bci sun/security/pkcs11/SunPKCS11 register (Lsun/security/pkcs11/SunPKCS11$Descriptor;)V 27 <appendix> argL0 ; # sun/security/pkcs11/SunPKCS11$$Lambda+0x000002249430c960
instanceKlass sun/security/pkcs11/SunPKCS11$Descriptor
instanceKlass javax/security/auth/callback/CallbackHandler
instanceKlass sun/security/mscapi/SunMSCAPI$2
instanceKlass sun/security/mscapi/SunMSCAPI$1
instanceKlass sun/security/jca/ProviderConfig$ProviderLoader
instanceKlass sun/security/jca/ProviderConfig$3
instanceKlass  @bci sun/security/ssl/SunJSSE registerAlgorithms ()V 1 <appendix> member <vmtarget> ; # sun/security/ssl/SunJSSE$$Lambda+0x00000224941d8db0
instanceKlass java/security/spec/ECFieldF2m
instanceKlass sun/security/util/ObjectIdentifier
instanceKlass sun/security/util/ByteArrayTagOrder
instanceKlass sun/security/util/ByteArrayLexOrder
instanceKlass sun/security/util/DerEncoder
instanceKlass java/security/spec/ECParameterSpec
instanceKlass java/security/spec/AlgorithmParameterSpec
instanceKlass java/security/spec/ECPoint
instanceKlass java/security/spec/EllipticCurve
instanceKlass java/security/spec/ECFieldFp
instanceKlass java/security/spec/ECField
instanceKlass sun/security/util/CurveDB
instanceKlass sun/security/ec/SunEC$1
instanceKlass sun/security/rsa/SunRsaSignEntries
instanceKlass org/apache/tomcat/util/http/ConcurrentDateFormat
instanceKlass org/apache/tomcat/util/http/FastHttpDateFormat
instanceKlass  @bci java/util/regex/Pattern ALL ()Ljava/util/regex/Pattern$CharPredicate; 0 <appendix> argL0 ; # java/util/regex/Pattern$$Lambda+0x00000224941d5048
instanceKlass jakarta/servlet/http/HttpServletRequest
instanceKlass org/apache/catalina/SessionIdGenerator
instanceKlass org/springframework/util/AntPathMatcher$AntPathStringMatcher
instanceKlass jakarta/security/auth/message/MessageInfo
instanceKlass org/apache/catalina/Container
instanceKlass  @bci org/springframework/core/io/support/PathMatchingResourcePatternResolver doFindPathMatchingFileResources (Lorg/springframework/core/io/Resource;Ljava/lang/String;)Ljava/util/Set; 465 <appendix> member <vmtarget> ; # org/springframework/core/io/support/PathMatchingResourcePatternResolver$$Lambda+0x0000022494306f88
instanceKlass jakarta/servlet/http/HttpServletResponse
instanceKlass  @bci org/springframework/core/io/support/PathMatchingResourcePatternResolver doFindPathMatchingFileResources (Lorg/springframework/core/io/Resource;Ljava/lang/String;)Ljava/util/Set; 449 <appendix> argL0 ; # org/springframework/core/io/support/PathMatchingResourcePatternResolver$$Lambda+0x0000022494306b48
instanceKlass  @bci java/nio/file/Files walk (Ljava/nio/file/Path;I[Ljava/nio/file/FileVisitOption;)Ljava/util/stream/Stream; 43 <appendix> argL0 ; # java/nio/file/Files$$Lambda+0x00000224941d4708
instanceKlass  @bci java/nio/file/Files walk (Ljava/nio/file/Path;I[Ljava/nio/file/FileVisitOption;)Ljava/util/stream/Stream; 30 <appendix> member <vmtarget> ; # java/nio/file/Files$$Lambda+0x00000224941d44e0
instanceKlass  @cpi java/nio/file/Files 1127 form vmentry <vmtarget> ; # java/lang/invoke/LambdaForm$DMH+0x00000224942f8800
instanceKlass java/nio/file/FileTreeWalker$Event
instanceKlass java/nio/file/FileTreeWalker$DirectoryNode
instanceKlass java/nio/file/FileTreeWalker$1
instanceKlass java/nio/file/FileTreeWalker
instanceKlass java/nio/file/FileTreeIterator
instanceKlass org/apache/catalina/util/LifecycleBase
instanceKlass org/apache/catalina/Lifecycle
instanceKlass  @bci org/springframework/core/io/support/PathMatchingResourcePatternResolver doFindPathMatchingFileResources (Lorg/springframework/core/io/Resource;Ljava/lang/String;)Ljava/util/Set; 368 <appendix> member <vmtarget> ; # org/springframework/core/io/support/PathMatchingResourcePatternResolver$$Lambda+0x0000022494305000
instanceKlass  @cpi org/springframework/core/io/support/PathMatchingResourcePatternResolver 1119 form vmentry <vmtarget> ; # java/lang/invoke/LambdaForm$DMH+0x00000224942f8400
instanceKlass org/apache/catalina/JmxEnabled
instanceKlass sun/nio/fs/WindowsUriSupport
instanceKlass org/apache/catalina/Valve
instanceKlass org/apache/catalina/Contained
instanceKlass  @bci org/springframework/core/io/support/PathMatchingResourcePatternResolver findAllModulePathResources (Ljava/lang/String;)Ljava/util/Set; 52 <appendix> member <vmtarget> ; # org/springframework/core/io/support/PathMatchingResourcePatternResolver$$Lambda+0x00000224943043b8
instanceKlass  @bci org/springframework/core/io/support/PathMatchingResourcePatternResolver findAllModulePathResources (Ljava/lang/String;)Ljava/util/Set; 85 <appendix> member <vmtarget> ; # org/springframework/core/io/support/PathMatchingResourcePatternResolver$$Lambda+0x0000022494304180
instanceKlass  @bci org/springframework/core/io/support/PathMatchingResourcePatternResolver findAllModulePathResources (Ljava/lang/String;)Ljava/util/Set; 38 <appendix> member <vmtarget> ; # org/springframework/core/io/support/PathMatchingResourcePatternResolver$$Lambda+0x0000022494303f28
instanceKlass  @bci org/springframework/core/env/AbstractPropertyResolver doResolvePlaceholders (Ljava/lang/String;Lorg/springframework/util/PropertyPlaceholderHelper;)Ljava/lang/String; 3 <appendix> member <vmtarget> ; # org/springframework/core/env/AbstractPropertyResolver$$Lambda+0x0000022494303d00
instanceKlass jakarta/security/auth/message/config/RegistrationListener
instanceKlass org/springframework/context/annotation/ParserStrategyUtils
instanceKlass org/apache/catalina/Authenticator
instanceKlass org/springframework/context/annotation/TypeFilterUtils$1
instanceKlass org/springframework/context/annotation/TypeFilterUtils
instanceKlass  @bci org/springframework/context/annotation/ConfigurationClassParser doProcessConfigurationClass (Lorg/springframework/context/annotation/ConfigurationClass;Lorg/springframework/context/annotation/ConfigurationClassParser$SourceClass;Ljava/util/function/Predicate;)Lorg/springframework/context/annotation/ConfigurationClassParser$SourceClass; 153 <appendix> argL0 ; # org/springframework/context/annotation/ConfigurationClassParser$$Lambda+0x00000224943025c8
instanceKlass  @bci org/springframework/context/annotation/ConfigurationClassParser doProcessConfigurationClass (Lorg/springframework/context/annotation/ConfigurationClass;Lorg/springframework/context/annotation/ConfigurationClassParser$SourceClass;Ljava/util/function/Predicate;)Lorg/springframework/context/annotation/ConfigurationClassParser$SourceClass; 123 <appendix> argL0 ; # org/springframework/context/annotation/ConfigurationClassParser$$Lambda+0x0000022494302378
instanceKlass  @bci java/util/stream/SortedOps$RefSortingSink end ()V 48 <appendix> member <vmtarget> ; # java/util/stream/SortedOps$RefSortingSink$$Lambda+0x00000224941d27f0
instanceKlass  @bci org/springframework/core/type/AnnotatedTypeMetadata getMergedRepeatableAnnotationAttributes (Ljava/lang/Class;Ljava/lang/Class;Ljava/util/function/Predicate;ZZ)Ljava/util/Set; 89 <appendix> argL0 ; # org/springframework/core/type/AnnotatedTypeMetadata$$Lambda+0x0000022494302158
instanceKlass  @bci org/springframework/core/type/AnnotatedTypeMetadata getMergedRepeatableAnnotationAttributes (Ljava/lang/Class;Ljava/lang/Class;Ljava/util/function/Predicate;ZZ)Ljava/util/Set; 79 <appendix> member <vmtarget> ; # org/springframework/core/type/AnnotatedTypeMetadata$$Lambda+0x0000022494301f10
instanceKlass  @bci org/springframework/core/type/AnnotatedTypeMetadata getMergedRepeatableAnnotationAttributes (Ljava/lang/Class;Ljava/lang/Class;Ljava/util/function/Predicate;ZZ)Ljava/util/Set; 68 <appendix> member <vmtarget> ; # org/springframework/core/type/AnnotatedTypeMetadata$$Lambda+0x0000022494301cc8
instanceKlass java/util/Collections$ReverseComparator2
instanceKlass  @bci java/util/Comparator comparingInt (Ljava/util/function/ToIntFunction;)Ljava/util/Comparator; 6 <appendix> member <vmtarget> ; # java/util/Comparator$$Lambda+0x00000224941d14d0
instanceKlass  @bci org/springframework/core/type/AnnotatedTypeMetadata reversedMetaDistance ()Ljava/util/Comparator; 0 <appendix> argL0 ; # org/springframework/core/type/AnnotatedTypeMetadata$$Lambda+0x0000022494301aa8
instanceKlass java/util/ResourceBundle$Control$2
instanceKlass  @bci org/springframework/core/annotation/MergedAnnotationPredicates typeIn ([Ljava/lang/Class;)Ljava/util/function/Predicate; 1 <appendix> member <vmtarget> ; # org/springframework/core/annotation/MergedAnnotationPredicates$$Lambda+0x0000022494301850
instanceKlass java/util/ResourceBundle$CacheKeyReference
instanceKlass java/util/ResourceBundle$CacheKey
instanceKlass org/springframework/core/annotation/MergedAnnotationPredicates
instanceKlass  @bci java/util/ResourceBundle getLoader (Ljava/lang/Module;)Ljava/lang/ClassLoader; 6 <appendix> member <vmtarget> ; # java/util/ResourceBundle$$Lambda+0x00000224941d09f0
instanceKlass  @bci org/springframework/core/type/AnnotatedTypeMetadata getMergedRepeatableAnnotationAttributes (Ljava/lang/Class;Ljava/lang/Class;ZZ)Ljava/util/Set; 3 <appendix> argL0 ; # org/springframework/core/type/AnnotatedTypeMetadata$$Lambda+0x00000224943013f8
instanceKlass  @bci java/util/ResourceBundle$ResourceBundleControlProviderHolder lambda$static$0 ()Ljava/util/List; 11 <appendix> argL0 ; # java/util/ResourceBundle$ResourceBundleControlProviderHolder$$Lambda+0x00000224941d07b0
instanceKlass org/springframework/context/annotation/PropertySources
instanceKlass java/util/spi/ResourceBundleControlProvider
instanceKlass org/springframework/context/annotation/PropertySource
instanceKlass  @bci java/util/ResourceBundle$ResourceBundleControlProviderHolder <clinit> ()V 0 <appendix> argL0 ; # java/util/ResourceBundle$ResourceBundleControlProviderHolder$$Lambda+0x00000224941d0390
instanceKlass java/util/ResourceBundle$ResourceBundleControlProviderHolder
instanceKlass org/apache/tomcat/util/res/StringManager
instanceKlass org/apache/juli/logging/DirectJDKLog
instanceKlass org/springframework/context/annotation/ConfigurationClass
instanceKlass org/springframework/context/annotation/ComponentScanAnnotationParser
instanceKlass org/apache/juli/logging/Log
instanceKlass org/springframework/core/io/support/DefaultPropertySourceFactory
instanceKlass org/apache/juli/logging/LogFactory
instanceKlass org/springframework/core/io/support/PropertySourceFactory
instanceKlass org/springframework/core/io/support/PropertySourceProcessor
instanceKlass java/text/DontCareFieldPosition$1
instanceKlass java/text/Format$FieldDelegate
instanceKlass org/springframework/context/annotation/PropertySourceRegistry
instanceKlass  @bci org/apache/tomcat/util/http/CookieProcessorBase <clinit> ()V 0 <appendix> argL0 ; # org/apache/tomcat/util/http/CookieProcessorBase$$Lambda+0x00000224942fa710
instanceKlass org/apache/tomcat/util/http/CookieProcessorBase
instanceKlass org/apache/tomcat/util/http/CookieProcessor
instanceKlass org/springframework/context/annotation/ConfigurationClassParser$SourceClass
instanceKlass org/springframework/context/annotation/ConfigurationClassParser$DeferredImportSelectorHandler
instanceKlass tools/jackson/databind/deser/DeserializerCache
instanceKlass  @bci org/springframework/context/annotation/ConfigurationClassParser <clinit> ()V 16 <appendix> argL0 ; # org/springframework/context/annotation/ConfigurationClassParser$$Lambda+0x00000224942fee70
instanceKlass org/springframework/context/annotation/ConfigurationClassParser$DeferredImportSelectorHolder
instanceKlass  @bci org/springframework/context/annotation/ConfigurationClassParser <clinit> ()V 8 <appendix> argL0 ; # org/springframework/context/annotation/ConfigurationClassParser$$Lambda+0x00000224942fe318
instanceKlass tools/jackson/databind/ser/SerializerCache
instanceKlass  @bci org/springframework/context/annotation/ConfigurationClassParser <clinit> ()V 0 <appendix> argL0 ; # org/springframework/context/annotation/ConfigurationClassParser$$Lambda+0x00000224942fdea0
instanceKlass org/springframework/beans/factory/parsing/Problem
instanceKlass org/springframework/context/annotation/ImportRegistry
instanceKlass org/springframework/context/annotation/ConfigurationClassParser
instanceKlass tools/jackson/databind/cfg/ContextAttributes
instanceKlass tools/jackson/databind/cfg/ConfigOverride
instanceKlass  @bci org/springframework/context/annotation/ConfigurationClassPostProcessor processConfigBeanDefinitions (Lorg/springframework/beans/factory/support/BeanDefinitionRegistry;)V 144 <appendix> argL0 ; # org/springframework/context/annotation/ConfigurationClassPostProcessor$$Lambda+0x00000224942fc000
instanceKlass com/fasterxml/jackson/annotation/JsonFormat$Features
instanceKlass org/springframework/aop/framework/AopInfrastructureBean
instanceKlass  @bci org/springframework/context/support/PostProcessorRegistrationDelegate invokeBeanDefinitionRegistryPostProcessors (Ljava/util/Collection;Lorg/springframework/beans/factory/support/BeanDefinitionRegistry;Lorg/springframework/core/metrics/ApplicationStartup;)V 44 <appendix> member <vmtarget> ; # org/springframework/context/support/PostProcessorRegistrationDelegate$$Lambda+0x00000224942f7328
# instanceKlass java/lang/invoke/LambdaForm$MH+0x00000224942f8000
instanceKlass com/fasterxml/jackson/annotation/JsonFormat$Value
instanceKlass org/springframework/beans/AbstractNestablePropertyAccessor$PropertyTokenHolder
instanceKlass org/springframework/beans/factory/config/TypedStringValue
instanceKlass tools/jackson/databind/util/RootNameLookup
instanceKlass  @bci org/springframework/core/convert/TypeDescriptor <init> (Lorg/springframework/core/convert/Property;)V 38 <appendix> member <vmtarget> ; # org/springframework/core/convert/TypeDescriptor$$Lambda+0x00000224942f6720
instanceKlass tools/jackson/databind/introspect/MixInHandler
instanceKlass org/springframework/core/convert/Property
instanceKlass tools/jackson/databind/introspect/AnnotatedMethodMap
instanceKlass tools/jackson/databind/introspect/AnnotationCollector$NoAnnotations
instanceKlass com/sun/beans/WildcardTypeImpl
instanceKlass tools/jackson/databind/util/Annotations
instanceKlass tools/jackson/databind/introspect/AnnotationCollector
instanceKlass tools/jackson/databind/introspect/AnnotatedClass$Creators
instanceKlass com/sun/beans/WeakCache
instanceKlass com/sun/beans/TypeResolver
instanceKlass tools/jackson/databind/BeanDescription
instanceKlass java/beans/SimpleBeanInfo
instanceKlass java/beans/MethodRef
instanceKlass org/springframework/beans/factory/aot/BeanRegistrationAotContribution
instanceKlass org/springframework/beans/factory/support/RegisteredBean
instanceKlass org/springframework/beans/factory/aot/BeanFactoryInitializationAotContribution
instanceKlass tools/jackson/databind/type/TypeFactory
instanceKlass org/springframework/beans/PropertyDescriptorUtils
instanceKlass org/springframework/beans/SimpleBeanInfoFactory
instanceKlass  @bci tools/jackson/databind/ObjectMapper <init> (Ltools/jackson/databind/cfg/MapperBuilder;)V 81 <appendix> member <vmtarget> ; # tools/jackson/databind/ObjectMapper$$Lambda+0x00000224942f2820
instanceKlass  @bci tools/jackson/databind/ObjectMapper <init> (Ltools/jackson/databind/cfg/MapperBuilder;)V 46 <appendix> member <vmtarget> ; # tools/jackson/databind/ObjectMapper$$Lambda+0x00000224942f25e8
instanceKlass tools/jackson/databind/deser/ValueInstantiators$Base
instanceKlass java/beans/BeanInfo
instanceKlass org/springframework/data/util/KotlinBeanInfoFactory
instanceKlass tools/jackson/databind/module/SimpleKeyDeserializers
instanceKlass tools/jackson/databind/ser/ValueSerializerModifier
instanceKlass org/springframework/beans/BeanInfoFactory
instanceKlass tools/jackson/databind/cfg/SerializerFactoryConfig
instanceKlass org/springframework/beans/CachedIntrospectionResults
instanceKlass org/springframework/beans/PropertyAccessorUtils
instanceKlass  @bci org/springframework/beans/factory/support/DefaultSingletonBeanRegistry registerDependentBean (Ljava/lang/String;Ljava/lang/String;)V 76 <appendix> argL0 ; # org/springframework/beans/factory/support/DefaultSingletonBeanRegistry$$Lambda+0x00000224942ef768
instanceKlass  @bci org/springframework/beans/factory/support/DefaultSingletonBeanRegistry registerDependentBean (Ljava/lang/String;Ljava/lang/String;)V 19 <appendix> argL0 ; # org/springframework/beans/factory/support/DefaultSingletonBeanRegistry$$Lambda+0x00000224942ef528
instanceKlass org/springframework/beans/factory/SmartFactoryBean
instanceKlass  @bci org/springframework/beans/factory/support/DefaultSingletonBeanRegistry getSingleton (Ljava/lang/String;Lorg/springframework/beans/factory/ObjectFactory;)Ljava/lang/Object; 1155 <appendix> member <vmtarget> ; # org/springframework/beans/factory/support/DefaultSingletonBeanRegistry$$Lambda+0x00000224942eeae0
instanceKlass org/reactivestreams/Publisher
instanceKlass org/springframework/beans/factory/support/DisposableBeanAdapter
instanceKlass org/springframework/beans/factory/InitializingBean
instanceKlass org/springframework/beans/factory/support/InstanceSupplier
instanceKlass org/springframework/util/function/ThrowingSupplier
instanceKlass  @bci org/springframework/context/expression/StandardBeanExpressionResolver lambda$evaluate$1 (Lorg/springframework/beans/factory/config/BeanExpressionContext;)Lorg/springframework/expression/spel/support/StandardEvaluationContext; 93 <appendix> member <vmtarget> ; # org/springframework/context/expression/StandardBeanExpressionResolver$$Lambda+0x00000224942ebe20
instanceKlass org/springframework/expression/spel/support/StandardTypeConverter
instanceKlass org/springframework/expression/spel/support/StandardTypeLocator
instanceKlass org/springframework/context/expression/BeanFactoryResolver
instanceKlass org/springframework/context/expression/EnvironmentAccessor
instanceKlass org/springframework/expression/spel/support/MapAccessor
instanceKlass org/springframework/expression/spel/CompilablePropertyAccessor
instanceKlass org/springframework/asm/Opcodes
instanceKlass org/springframework/context/expression/BeanFactoryAccessor
instanceKlass org/springframework/expression/spel/support/ReflectivePropertyAccessor
instanceKlass org/springframework/context/expression/BeanExpressionContextAccessor
instanceKlass org/springframework/expression/TypedValue
instanceKlass org/springframework/expression/spel/support/StandardOperatorOverloader
instanceKlass org/springframework/expression/spel/support/StandardTypeComparator
instanceKlass org/springframework/expression/OperatorOverloader
instanceKlass org/springframework/expression/TypeComparator
instanceKlass  @bci org/springframework/context/expression/StandardBeanExpressionResolver evaluate (Ljava/lang/String;Lorg/springframework/beans/factory/config/BeanExpressionContext;)Ljava/lang/Object; 35 <appendix> member <vmtarget> ; # org/springframework/context/expression/StandardBeanExpressionResolver$$Lambda+0x00000224942e23c0
instanceKlass org/springframework/expression/spel/support/StandardEvaluationContext
instanceKlass org/springframework/expression/EvaluationContext
instanceKlass org/springframework/expression/common/LiteralExpression
instanceKlass  @bci org/springframework/context/expression/StandardBeanExpressionResolver evaluate (Ljava/lang/String;Lorg/springframework/beans/factory/config/BeanExpressionContext;)Ljava/lang/Object; 15 <appendix> member <vmtarget> ; # org/springframework/context/expression/StandardBeanExpressionResolver$$Lambda+0x00000224942e65e0
instanceKlass org/springframework/beans/factory/config/AutowiredPropertyMarker
instanceKlass org/springframework/beans/factory/support/BeanDefinitionValueResolver
instanceKlass org/springframework/beans/factory/support/AbstractBeanFactory$BeanFactoryDefaultEditorRegistrar
instanceKlass org/springframework/beans/AbstractNestablePropertyAccessor$PropertyHandler
instanceKlass  @bci tools/jackson/databind/ext/javatime/ser/ZonedDateTimeSerializer <init> (Ljava/time/format/DateTimeFormatter;)V 13 <appendix> argL0 ; # tools/jackson/databind/ext/javatime/ser/ZonedDateTimeSerializer$$Lambda+0x00000224942dde30
instanceKlass org/springframework/beans/factory/parsing/PassThroughSourceExtractor
instanceKlass  @bci tools/jackson/databind/ext/javatime/ser/ZonedDateTimeSerializer <init> (Ljava/time/format/DateTimeFormatter;)V 8 <appendix> argL0 ; # tools/jackson/databind/ext/javatime/ser/ZonedDateTimeSerializer$$Lambda+0x00000224942dd9e8
instanceKlass  @cpi com/fasterxml/jackson/datatype/jsr310/ser/ZonedDateTimeSerializer 132 form vmentry <vmtarget> ; # java/lang/invoke/LambdaForm$DMH+0x00000224942e0800
instanceKlass  @bci tools/jackson/databind/ext/javatime/ser/ZonedDateTimeSerializer <init> (Ljava/time/format/DateTimeFormatter;)V 3 <appendix> argL0 ; # tools/jackson/databind/ext/javatime/ser/ZonedDateTimeSerializer$$Lambda+0x00000224942dd7c8
instanceKlass org/springframework/beans/factory/aot/BeanRegistrationCodeFragments
instanceKlass  @bci tools/jackson/databind/ext/javatime/ser/OffsetDateTimeSerializer <init> ()V 13 <appendix> argL0 ; # tools/jackson/databind/ext/javatime/ser/OffsetDateTimeSerializer$$Lambda+0x00000224942dd3a8
instanceKlass  @bci tools/jackson/databind/ext/javatime/ser/OffsetDateTimeSerializer <init> ()V 8 <appendix> argL0 ; # tools/jackson/databind/ext/javatime/ser/OffsetDateTimeSerializer$$Lambda+0x00000224942dcf38
instanceKlass  @bci tools/jackson/databind/ext/javatime/ser/OffsetDateTimeSerializer <init> ()V 3 <appendix> argL0 ; # tools/jackson/databind/ext/javatime/ser/OffsetDateTimeSerializer$$Lambda+0x00000224942dcd18
instanceKlass  @cpi com/fasterxml/jackson/datatype/jsr310/ser/ZonedDateTimeSerializer 129 form vmentry <vmtarget> ; # java/lang/invoke/LambdaForm$DMH+0x00000224942e0400
# instanceKlass java/lang/invoke/LambdaForm$DMH+0x00000224942e0000
instanceKlass  @bci org/springframework/beans/factory/support/AbstractBeanFactory doGetBean (Ljava/lang/String;Ljava/lang/Class;[Ljava/lang/Object;Z)Ljava/lang/Object; 472 <appendix> member <vmtarget> ; # org/springframework/beans/factory/support/AbstractBeanFactory$$Lambda+0x00000224942dcaf0
instanceKlass  @bci tools/jackson/databind/ext/javatime/ser/InstantSerializer <init> ()V 13 <appendix> argL0 ; # tools/jackson/databind/ext/javatime/ser/InstantSerializer$$Lambda+0x00000224942dc490
instanceKlass java/util/function/ToIntFunction
instanceKlass  @bci tools/jackson/databind/ext/javatime/ser/InstantSerializer <init> ()V 8 <appendix> argL0 ; # tools/jackson/databind/ext/javatime/ser/InstantSerializer$$Lambda+0x00000224942dc270
instanceKlass  @bci tools/jackson/databind/ext/javatime/ser/InstantSerializer <init> ()V 3 <appendix> argL0 ; # tools/jackson/databind/ext/javatime/ser/InstantSerializer$$Lambda+0x00000224942dc050
instanceKlass java/util/function/ToLongFunction
instanceKlass  @bci org/springframework/beans/factory/support/AbstractBeanFactory doGetBean (Ljava/lang/String;Ljava/lang/Class;[Ljava/lang/Object;Z)Ljava/lang/Object; 255 <appendix> member <vmtarget> ; # org/springframework/beans/factory/support/AbstractBeanFactory$$Lambda+0x00000224942dbe28
instanceKlass org/springframework/beans/factory/support/NullBean
instanceKlass  @bci org/springframework/beans/factory/BeanFactoryUtils transformedBeanName (Ljava/lang/String;)Ljava/lang/String; 29 <appendix> argL0 ; # org/springframework/beans/factory/BeanFactoryUtils$$Lambda+0x00000224942db678
instanceKlass tools/jackson/databind/ser/Serializers$Base
instanceKlass org/springframework/beans/factory/support/AbstractBeanFactory$BeanPostProcessorCache
instanceKlass tools/jackson/databind/util/ClassUtil$Ctor
instanceKlass tools/jackson/databind/util/ClassUtil
instanceKlass  @bci org/springframework/core/annotation/TypeMappedAnnotation getValueExtractor (Ljava/lang/Object;)Lorg/springframework/core/annotation/ValueExtractor; 7 <appendix> argL0 ; # org/springframework/core/annotation/TypeMappedAnnotation$$Lambda+0x00000224942da488
instanceKlass tools/jackson/databind/util/ArrayBuilders
instanceKlass org/springframework/beans/factory/config/RuntimeBeanReference
instanceKlass org/springframework/beans/factory/config/BeanReference
instanceKlass org/springframework/beans/MutablePropertyValues
instanceKlass org/springframework/beans/factory/support/BeanDefinitionBuilder
instanceKlass tools/jackson/databind/deser/jdk/JDKKeyDeserializers
instanceKlass  @bci org/springframework/boot/autoconfigure/SharedMetadataReaderFactoryContextInitializer$CachingMetadataReaderFactoryPostProcessor register (Lorg/springframework/beans/factory/support/BeanDefinitionRegistry;)V 13 <appendix> argL0 ; # org/springframework/boot/autoconfigure/SharedMetadataReaderFactoryContextInitializer$CachingMetadataReaderFactoryPostProcessor$$Lambda+0x00000224942d74f8
instanceKlass org/springframework/boot/autoconfigure/SharedMetadataReaderFactoryContextInitializer$SharedMetadataReaderFactoryBean
instanceKlass org/springframework/beans/factory/FactoryBean
instanceKlass tools/jackson/databind/deser/ValueDeserializerModifier
instanceKlass org/springframework/context/support/PostProcessorRegistrationDelegate
instanceKlass tools/jackson/databind/cfg/DeserializerFactoryConfig
instanceKlass  @bci org/springframework/boot/web/server/servlet/context/ServletWebServerApplicationContext$ExistingWebApplicationScopes restore ()V 5 <appendix> member <vmtarget> ; # org/springframework/boot/web/server/servlet/context/ServletWebServerApplicationContext$ExistingWebApplicationScopes$$Lambda+0x00000224942d6150
instanceKlass org/springframework/web/context/support/WebApplicationContextUtils$WebRequestObjectFactory
instanceKlass org/springframework/web/context/request/WebRequest
instanceKlass org/springframework/web/context/request/RequestAttributes
instanceKlass org/springframework/web/context/support/WebApplicationContextUtils$SessionObjectFactory
instanceKlass com/fasterxml/jackson/annotation/ObjectIdGenerator
instanceKlass jakarta/servlet/http/HttpSession
instanceKlass org/springframework/web/context/support/WebApplicationContextUtils$ResponseObjectFactory
instanceKlass jakarta/servlet/ServletResponse
instanceKlass org/springframework/web/context/support/WebApplicationContextUtils$RequestObjectFactory
instanceKlass jakarta/servlet/ServletRequest
instanceKlass org/springframework/web/context/request/AbstractRequestAttributesScope
instanceKlass org/springframework/boot/web/server/servlet/context/ServletWebServerApplicationContext$ExistingWebApplicationScopes
instanceKlass org/springframework/web/context/ServletContextAware
instanceKlass org/springframework/web/context/support/ServletContextAwareProcessor
instanceKlass org/springframework/context/support/ApplicationListenerDetector
instanceKlass org/springframework/context/MessageSourceAware
instanceKlass org/springframework/context/ApplicationEventPublisherAware
instanceKlass org/springframework/beans/factory/config/BeanExpressionContext
instanceKlass org/springframework/beans/factory/config/EmbeddedValueResolver
instanceKlass org/springframework/util/StringValueResolver
instanceKlass org/springframework/context/support/ApplicationContextAwareProcessor
instanceKlass org/springframework/beans/support/ResourceEditorRegistrar
instanceKlass org/springframework/expression/Expression
instanceKlass org/springframework/expression/common/TemplateAwareExpressionParser
instanceKlass org/springframework/expression/spel/SpelParserConfiguration
instanceKlass org/springframework/context/expression/StandardBeanExpressionResolver$1
instanceKlass org/springframework/expression/TypeConverter
instanceKlass org/springframework/expression/TypeLocator
instanceKlass org/springframework/expression/BeanResolver
instanceKlass org/springframework/expression/PropertyAccessor
instanceKlass org/springframework/expression/TargetedAccessor
instanceKlass org/springframework/expression/ExpressionParser
instanceKlass org/springframework/expression/ParserContext
instanceKlass org/springframework/context/expression/StandardBeanExpressionResolver
instanceKlass org/springframework/web/context/request/RequestContextHolder
instanceKlass org/springframework/web/context/support/WebApplicationContextUtils
instanceKlass  @bci org/springframework/boot/devtools/logger/DevToolsLogFactory$Listener onApplicationEvent (Lorg/springframework/boot/context/event/ApplicationPreparedEvent;)V 9 <appendix> argL0 ; # org/springframework/boot/devtools/logger/DevToolsLogFactory$Listener$$Lambda+0x00000224942c30e8
instanceKlass org/springframework/boot/context/logging/LoggingApplicationListener$Lifecycle
instanceKlass org/springframework/context/SmartLifecycle
instanceKlass org/springframework/context/Phased
instanceKlass org/springframework/beans/factory/BeanFactoryUtils
instanceKlass org/springframework/core/style/DefaultValueStyler
instanceKlass org/springframework/core/style/ValueStyler
instanceKlass org/springframework/core/style/StylerUtils
instanceKlass org/springframework/core/style/DefaultToStringStyler
instanceKlass org/springframework/core/style/ToStringStyler
instanceKlass org/springframework/core/style/ToStringCreator
instanceKlass  @bci tools/jackson/databind/ext/javatime/deser/MonthDeserializer <init> (Ljava/time/format/DateTimeFormatter;)V 14 <appendix> argL0 ; # tools/jackson/databind/ext/javatime/deser/MonthDeserializer$$Lambda+0x00000224942c5760
instanceKlass  @bci org/springframework/boot/context/config/ConfigDataEnvironmentContributors getImportedMessage (Ljava/util/Set;)Ljava/lang/CharSequence; 60 <appendix> argL0 ; # org/springframework/boot/context/config/ConfigDataEnvironmentContributors$$Lambda+0x00000224942c5520
instanceKlass  @bci org/springframework/boot/devtools/restart/ClassLoaderFilesResourcePatternResolver$WebResourcePatternResolverFactory getServletContextResourcePatternResolver (Lorg/springframework/context/support/AbstractApplicationContext;Lorg/springframework/core/io/ResourceLoader;)Lorg/springframework/core/io/support/ResourcePatternResolver; 18 <appendix> member <vmtarget> ; # org/springframework/boot/devtools/restart/ClassLoaderFilesResourcePatternResolver$WebResourcePatternResolverFactory$$Lambda+0x00000224942c4ff8
instanceKlass tools/jackson/databind/type/ClassKey
instanceKlass  @bci tools/jackson/databind/ext/javatime/deser/InstantDeserializer <clinit> ()V 132 <appendix> argL0 ; # tools/jackson/databind/ext/javatime/deser/InstantDeserializer$$Lambda+0x00000224942c46c0
instanceKlass  @bci tools/jackson/databind/ext/javatime/deser/InstantDeserializer <clinit> ()V 127 <appendix> argL0 ; # tools/jackson/databind/ext/javatime/deser/InstantDeserializer$$Lambda+0x00000224942c4480
instanceKlass  @bci tools/jackson/databind/ext/javatime/deser/InstantDeserializer <clinit> ()V 122 <appendix> argL0 ; # tools/jackson/databind/ext/javatime/deser/InstantDeserializer$$Lambda+0x00000224942c4240
instanceKlass  @bci tools/jackson/databind/ext/javatime/deser/InstantDeserializer <clinit> ()V 117 <appendix> argL0 ; # tools/jackson/databind/ext/javatime/deser/InstantDeserializer$$Lambda+0x00000224942c4000
# instanceKlass java/lang/invoke/LambdaForm$MH+0x00000224942c0400
instanceKlass  @bci tools/jackson/databind/ext/javatime/deser/InstantDeserializer <clinit> ()V 89 <appendix> argL0 ; # tools/jackson/databind/ext/javatime/deser/InstantDeserializer$$Lambda+0x00000224942bfd20
instanceKlass  @bci tools/jackson/databind/ext/javatime/deser/InstantDeserializer <clinit> ()V 84 <appendix> argL0 ; # tools/jackson/databind/ext/javatime/deser/InstantDeserializer$$Lambda+0x00000224942bfae0
# instanceKlass java/lang/invoke/LambdaForm$MH+0x00000224942c0000
instanceKlass  @bci tools/jackson/databind/ext/javatime/deser/InstantDeserializer <clinit> ()V 79 <appendix> argL0 ; # tools/jackson/databind/ext/javatime/deser/InstantDeserializer$$Lambda+0x00000224942bf8a0
instanceKlass  @bci tools/jackson/databind/ext/javatime/deser/InstantDeserializer <clinit> ()V 74 <appendix> argL0 ; # tools/jackson/databind/ext/javatime/deser/InstantDeserializer$$Lambda+0x00000224942bf660
instanceKlass  @bci tools/jackson/databind/ext/javatime/deser/InstantDeserializer <init> (Ljava/lang/Class;Ljava/time/format/DateTimeFormatter;Ljava/util/function/Function;Ljava/util/function/Function;Ljava/util/function/Function;Ljava/util/function/BiFunction;ZZZ)V 29 <appendix> argL0 ; # tools/jackson/databind/ext/javatime/deser/InstantDeserializer$$Lambda+0x00000224942bf430
instanceKlass jakarta/servlet/ServletContext
instanceKlass  @bci tools/jackson/databind/ext/javatime/deser/InstantDeserializer <clinit> ()V 46 <appendix> argL0 ; # tools/jackson/databind/ext/javatime/deser/InstantDeserializer$$Lambda+0x00000224942beff0
instanceKlass tools/jackson/databind/ext/javatime/deser/InstantDeserializer$FromDecimalArguments
instanceKlass  @bci tools/jackson/databind/ext/javatime/deser/InstantDeserializer <clinit> ()V 41 <appendix> argL0 ; # tools/jackson/databind/ext/javatime/deser/InstantDeserializer$$Lambda+0x00000224942beba0
instanceKlass org/springframework/boot/web/server/WebServer
instanceKlass tools/jackson/databind/ext/javatime/deser/InstantDeserializer$FromIntegerArguments
instanceKlass  @bci tools/jackson/databind/ext/javatime/deser/InstantDeserializer <clinit> ()V 36 <appendix> argL0 ; # tools/jackson/databind/ext/javatime/deser/InstantDeserializer$$Lambda+0x00000224942be550
instanceKlass org/springframework/boot/devtools/restart/ClassLoaderFilesResourcePatternResolver$ResourcePatternResolverFactory
instanceKlass org/springframework/boot/devtools/restart/ClassLoaderFilesResourcePatternResolver
instanceKlass  @bci org/springframework/boot/SpringApplicationRunListeners contextLoaded (Lorg/springframework/context/ConfigurableApplicationContext;)V 4 <appendix> member <vmtarget> ; # org/springframework/boot/SpringApplicationRunListeners$$Lambda+0x00000224942bd4f8
instanceKlass org/springframework/beans/factory/support/BeanDefinitionReaderUtils
instanceKlass org/springframework/context/annotation/Proxyable
instanceKlass tools/jackson/databind/deser/Deserializers$Base
instanceKlass org/springframework/context/annotation/Description
instanceKlass org/springframework/context/annotation/Role
instanceKlass org/springframework/context/annotation/DependsOn
instanceKlass tools/jackson/databind/deser/ValueInstantiators
instanceKlass org/springframework/context/annotation/Fallback
instanceKlass tools/jackson/databind/deser/KeyDeserializers
instanceKlass org/springframework/context/annotation/Primary
instanceKlass org/springframework/context/annotation/Lazy
instanceKlass  @bci org/springframework/context/annotation/AnnotationBeanNameGenerator getMetaAnnotationTypes (Lorg/springframework/core/annotation/MergedAnnotation;)Ljava/util/Set; 24 <appendix> argL0 ; # org/springframework/context/annotation/AnnotationBeanNameGenerator$$Lambda+0x00000224942bac30
instanceKlass  @bci org/springframework/context/annotation/AnnotationBeanNameGenerator getMetaAnnotationTypes (Lorg/springframework/core/annotation/MergedAnnotation;)Ljava/util/Set; 14 <appendix> argL0 ; # org/springframework/context/annotation/AnnotationBeanNameGenerator$$Lambda+0x00000224942ba7c0
instanceKlass  @bci org/springframework/context/annotation/AnnotationBeanNameGenerator determineBeanNameFromAnnotation (Lorg/springframework/beans/factory/annotation/AnnotatedBeanDefinition;)Ljava/lang/String; 132 <appendix> member <vmtarget> ; # org/springframework/context/annotation/AnnotationBeanNameGenerator$$Lambda+0x00000224942b9cb8
instanceKlass  @bci org/springframework/core/annotation/AbstractMergedAnnotation asAnnotationAttributes ([Lorg/springframework/core/annotation/MergedAnnotation$Adapt;)Lorg/springframework/core/annotation/AnnotationAttributes; 1 <appendix> argL0 ; # org/springframework/core/annotation/AbstractMergedAnnotation$$Lambda+0x00000224942b9618
instanceKlass  @bci org/springframework/context/annotation/AnnotationBeanNameGenerator determineBeanNameFromAnnotation (Lorg/springframework/beans/factory/annotation/AnnotatedBeanDefinition;)Ljava/lang/String; 30 <appendix> argL0 ; # org/springframework/context/annotation/AnnotationBeanNameGenerator$$Lambda+0x00000224942b9198
instanceKlass  @bci org/springframework/core/annotation/TypeMappedAnnotation <init> (Lorg/springframework/core/annotation/AnnotationTypeMapping;Ljava/lang/ClassLoader;Ljava/lang/Object;Ljava/lang/Object;Lorg/springframework/core/annotation/ValueExtractor;I[I)V 100 <appendix> member <vmtarget> ; # org/springframework/core/annotation/TypeMappedAnnotation$$Lambda+0x00000224942b8d40
instanceKlass  @bci org/springframework/context/annotation/AnnotationBeanNameGenerator getExplicitBeanName (Lorg/springframework/core/type/AnnotationMetadata;)Ljava/lang/String; 33 <appendix> argL0 ; # org/springframework/context/annotation/AnnotationBeanNameGenerator$$Lambda+0x00000224942b86a8
instanceKlass  @bci org/springframework/context/annotation/AnnotationBeanNameGenerator getExplicitBeanName (Lorg/springframework/core/type/AnnotationMetadata;)Ljava/lang/String; 23 <appendix> argL0 ; # org/springframework/context/annotation/AnnotationBeanNameGenerator$$Lambda+0x00000224942b8458
instanceKlass tools/jackson/databind/KeyDeserializer
instanceKlass  @bci org/springframework/context/annotation/AnnotationBeanNameGenerator getExplicitBeanName (Lorg/springframework/core/type/AnnotationMetadata;)Ljava/lang/String; 13 <appendix> argL0 ; # org/springframework/context/annotation/AnnotationBeanNameGenerator$$Lambda+0x00000224942b8000
instanceKlass org/springframework/core/annotation/TypeMappedAnnotations$Aggregate
instanceKlass tools/jackson/databind/ser/Serializers
instanceKlass org/springframework/core/annotation/TypeMappedAnnotations$AggregatesCollector
instanceKlass org/springframework/core/annotation/TypeMappedAnnotations$AggregatesSpliterator
instanceKlass  @bci org/springframework/core/annotation/AnnotationTypeMappings forAnnotationType (Ljava/lang/Class;Lorg/springframework/core/annotation/RepeatableContainers;Lorg/springframework/core/annotation/AnnotationFilter;Ljava/util/Set;)Lorg/springframework/core/annotation/AnnotationTypeMappings; 43 <appendix> member <vmtarget> ; # org/springframework/core/annotation/AnnotationTypeMappings$$Lambda+0x00000224942b49a0
instanceKlass org/springframework/context/annotation/ScopeMetadata
instanceKlass org/springframework/beans/BeanMetadataAttribute
instanceKlass org/springframework/context/annotation/ImportResource
instanceKlass org/springframework/core/Conventions
instanceKlass org/springframework/context/annotation/ConfigurationClassUtils
instanceKlass org/springframework/boot/autoconfigure/AutoConfigurationPackages$Registrar
instanceKlass org/springframework/boot/context/annotation/DeterminableImports
instanceKlass org/springframework/context/annotation/ImportBeanDefinitionRegistrar
instanceKlass tools/jackson/databind/ValueSerializer
instanceKlass tools/jackson/databind/jsonFormatVisitors/JsonFormatVisitable
instanceKlass tools/jackson/databind/deser/Deserializers
instanceKlass tools/jackson/databind/deser/ValueInstantiator$Gettable
instanceKlass tools/jackson/databind/ValueDeserializer
instanceKlass tools/jackson/databind/deser/NullValueProvider
instanceKlass tools/jackson/databind/ext/javatime/JavaTimeInitializer
instanceKlass tools/jackson/databind/cfg/ModuleContextBase
instanceKlass tools/jackson/databind/cfg/DatatypeFeatures$DefaultHolder
instanceKlass tools/jackson/databind/cfg/DatatypeFeatures
instanceKlass tools/jackson/databind/cfg/CoercionConfig
instanceKlass org/springframework/context/annotation/ComponentScans
instanceKlass tools/jackson/databind/cfg/CoercionConfigs
instanceKlass com/fasterxml/jackson/annotation/JsonSetter$Value
instanceKlass org/springframework/boot/autoconfigure/AutoConfigurationImportSelector
instanceKlass org/springframework/context/annotation/DeferredImportSelector
instanceKlass org/springframework/context/annotation/ImportSelector
instanceKlass tools/jackson/databind/introspect/VisibilityChecker
instanceKlass com/fasterxml/jackson/annotation/JsonInclude$Value
instanceKlass com/fasterxml/jackson/annotation/JacksonAnnotationValue
instanceKlass tools/jackson/databind/cfg/ConfigOverrides
instanceKlass tools/jackson/core/sym/CharsToNameCanonicalizer$Bucket
instanceKlass tools/jackson/core/sym/CharsToNameCanonicalizer$TableInfo
instanceKlass tools/jackson/core/sym/CharsToNameCanonicalizer
instanceKlass tools/jackson/core/sym/ByteQuadsCanonicalizer$TableInfo
instanceKlass tools/jackson/core/sym/ByteQuadsCanonicalizer
instanceKlass tools/jackson/core/util/RecyclerPool$WithPool
instanceKlass tools/jackson/core/util/RecyclerPool$StatefulImplBase
instanceKlass  @bci org/springframework/core/annotation/AnnotationTypeMapping processAliases (ILjava/util/List;)V 118 <appendix> argL0 ; # org/springframework/core/annotation/AnnotationTypeMapping$$Lambda+0x00000224942a4e30
instanceKlass tools/jackson/core/util/RecyclerPool
instanceKlass tools/jackson/core/util/JsonRecyclerPools
instanceKlass tools/jackson/core/ErrorReportConfiguration
instanceKlass tools/jackson/core/StreamWriteConstraints
instanceKlass tools/jackson/core/StreamReadConstraints
instanceKlass org/springframework/boot/autoconfigure/AutoConfigurationExcludeFilter
instanceKlass org/springframework/boot/context/TypeExcludeFilter
instanceKlass tools/jackson/core/ObjectWriteContext$Base
instanceKlass java/lang/annotation/Repeatable
instanceKlass  @bci sun/reflect/annotation/AnnotationParser parseAnnotationArray (ILjava/lang/Class;Ljava/nio/ByteBuffer;Ljdk/internal/reflect/ConstantPool;Ljava/lang/Class;)Ljava/lang/Object; 15 <appendix> member <vmtarget> ; # sun/reflect/annotation/AnnotationParser$$Lambda+0x00000224941cda18
instanceKlass org/springframework/context/annotation/Import
instanceKlass org/springframework/boot/autoconfigure/AutoConfigurationPackage
instanceKlass org/springframework/context/annotation/Configuration
instanceKlass tools/jackson/core/async/ByteArrayFeeder
instanceKlass org/springframework/context/annotation/ComponentScan$Filter
instanceKlass  @bci org/springframework/core/annotation/AnnotationTypeMapping resolveAliasedForTargets ()Ljava/util/Map; 58 <appendix> argL0 ; # org/springframework/core/annotation/AnnotationTypeMapping$$Lambda+0x000002249429b0a0
instanceKlass org/springframework/core/annotation/TypeMappedAnnotations$IsPresent
instanceKlass org/springframework/context/annotation/Conditional
instanceKlass tools/jackson/core/async/ByteBufferFeeder
instanceKlass tools/jackson/core/async/NonBlockingInputFeeder
instanceKlass org/springframework/context/annotation/ComponentScan
instanceKlass tools/jackson/core/TSFBuilder
instanceKlass org/springframework/boot/autoconfigure/EnableAutoConfiguration
instanceKlass org/springframework/boot/SpringBootConfiguration
instanceKlass tools/jackson/core/sym/PropertyNameMatcher
instanceKlass  @bci sun/reflect/annotation/AnnotationParser parseClassArray (ILjava/nio/ByteBuffer;Ljdk/internal/reflect/ConstantPool;Ljava/lang/Class;)Ljava/lang/Object; 10 <appendix> member <vmtarget> ; # sun/reflect/annotation/AnnotationParser$$Lambda+0x00000224941cd2e8
instanceKlass tools/jackson/databind/AbstractTypeResolver
instanceKlass org/springframework/boot/autoconfigure/SpringBootApplication
instanceKlass org/springframework/core/type/StandardClassMetadata
instanceKlass org/springframework/core/type/AnnotationMetadata
instanceKlass org/springframework/core/type/ClassMetadata
instanceKlass tools/jackson/databind/jsontype/TypeDeserializer
instanceKlass  @bci org/springframework/beans/factory/xml/XmlBeanDefinitionReader <init> (Lorg/springframework/beans/factory/support/BeanDefinitionRegistry;)V 94 <appendix> argL0 ; # org/springframework/beans/factory/xml/XmlBeanDefinitionReader$$Lambda+0x0000022494292e60
instanceKlass org/springframework/util/xml/XmlValidationModeDetector
instanceKlass org/springframework/util/xml/SimpleSaxErrorHandler
instanceKlass tools/jackson/databind/jsontype/TypeSerializer
instanceKlass org/springframework/beans/factory/xml/DefaultDocumentLoader
instanceKlass org/springframework/beans/factory/parsing/NullSourceExtractor
instanceKlass org/springframework/beans/factory/parsing/EmptyReaderEventListener
instanceKlass tools/jackson/databind/jsontype/TypeIdResolver
instanceKlass tools/jackson/databind/jsontype/impl/StdTypeResolverBuilder
instanceKlass org/springframework/beans/factory/parsing/FailFastProblemReporter
instanceKlass org/springframework/beans/factory/xml/DefaultBeanDefinitionDocumentReader
instanceKlass org/springframework/beans/factory/xml/BeanDefinitionDocumentReader
instanceKlass org/springframework/beans/factory/support/DefaultBeanNameGenerator
instanceKlass org/springframework/beans/factory/xml/NamespaceHandlerResolver
instanceKlass org/xml/sax/ErrorHandler
instanceKlass org/springframework/beans/factory/xml/DocumentLoader
instanceKlass org/springframework/beans/factory/parsing/SourceExtractor
instanceKlass tools/jackson/databind/cfg/MapperConfig
instanceKlass org/springframework/beans/factory/parsing/ReaderEventListener
instanceKlass tools/jackson/databind/introspect/MixInResolver
instanceKlass org/springframework/beans/factory/parsing/ProblemReporter
instanceKlass org/xml/sax/EntityResolver
instanceKlass tools/jackson/databind/jsontype/TypeResolverProvider
instanceKlass org/springframework/beans/factory/support/AbstractBeanDefinitionReader
instanceKlass org/springframework/beans/factory/support/BeanDefinitionReader
instanceKlass org/springframework/boot/BeanDefinitionLoader
instanceKlass org/springframework/boot/SpringApplication$PropertySourceOrderingBeanFactoryPostProcessor
instanceKlass  @bci org/springframework/boot/SpringApplication quoteProfiles ([Ljava/lang/String;)Ljava/util/List; 4 <appendix> argL0 ; # org/springframework/boot/SpringApplication$$Lambda+0x0000022494289ae8
instanceKlass  @bci org/springframework/boot/StartupInfoLogger appendVersion (Ljava/lang/StringBuilder;Ljava/lang/Class;)V 5 <appendix> member <vmtarget> ; # org/springframework/boot/StartupInfoLogger$$Lambda+0x00000224942898c0
instanceKlass  @bci org/springframework/boot/StartupInfoLogger logStarting (Lorg/apache/commons/logging/Log;)V 23 <appendix> member <vmtarget> ; # org/springframework/boot/StartupInfoLogger$$Lambda+0x0000022494287bc8
instanceKlass ch/qos/logback/core/pattern/SpacePadder
instanceKlass java/time/LocalTime$1
instanceKlass java/time/format/DateTimeFormatterBuilder$2
instanceKlass java/time/LocalDate$1
instanceKlass java/time/ZonedDateTime$1
instanceKlass java/time/temporal/TemporalQueries$7
instanceKlass java/time/temporal/TemporalQueries$6
instanceKlass java/time/temporal/TemporalQueries$5
instanceKlass java/time/temporal/TemporalQueries$4
instanceKlass java/time/temporal/TemporalQueries$3
instanceKlass java/time/temporal/TemporalQueries$2
instanceKlass java/time/temporal/TemporalQueries$1
instanceKlass java/time/temporal/TemporalQueries
instanceKlass java/time/format/DateTimePrintContext
instanceKlass ch/qos/logback/core/util/StringUtil
instanceKlass org/slf4j/helpers/FormattingTuple
instanceKlass org/slf4j/helpers/NormalizedParameters
instanceKlass org/slf4j/helpers/MessageFormatter
instanceKlass ch/qos/logback/classic/spi/EventArgUtil
instanceKlass ch/qos/logback/classic/spi/IThrowableProxy
instanceKlass tools/jackson/databind/node/JsonNodeFactory
instanceKlass tools/jackson/databind/node/JsonNodeCreator
instanceKlass ch/qos/logback/classic/spi/LoggingEvent
instanceKlass tools/jackson/databind/cfg/DefaultCacheProvider
instanceKlass  @bci org/springframework/boot/StartupInfoLogger appendContext (Ljava/lang/StringBuilder;)V 55 <appendix> argL0 ; # org/springframework/boot/StartupInfoLogger$$Lambda+0x0000022494283e40
instanceKlass tools/jackson/databind/cfg/CacheProvider
instanceKlass  @bci org/springframework/boot/StartupInfoLogger appendContext (Ljava/lang/StringBuilder;)V 43 <appendix> argL0 ; # org/springframework/boot/StartupInfoLogger$$Lambda+0x0000022494283a20
instanceKlass org/springframework/boot/system/ApplicationHome
instanceKlass tools/jackson/core/Base64Variant
instanceKlass  @bci org/springframework/boot/StartupInfoLogger appendPid (Ljava/lang/StringBuilder;)V 5 <appendix> member <vmtarget> ; # org/springframework/boot/StartupInfoLogger$$Lambda+0x0000022494282f70
instanceKlass  @bci org/springframework/boot/StartupInfoLogger appendJavaVersion (Ljava/lang/StringBuilder;)V 4 <appendix> argL0 ; # org/springframework/boot/StartupInfoLogger$$Lambda+0x0000022494282d50
instanceKlass  @bci org/springframework/boot/StartupInfoLogger appendApplicationVersion (Ljava/lang/StringBuilder;)V 5 <appendix> member <vmtarget> ; # org/springframework/boot/StartupInfoLogger$$Lambda+0x0000022494282b28
instanceKlass tools/jackson/core/Base64Variants
instanceKlass  @bci org/springframework/boot/StartupInfoLogger appendApplicationName (Ljava/lang/StringBuilder;)V 5 <appendix> member <vmtarget> ; # org/springframework/boot/StartupInfoLogger$$Lambda+0x00000224942826f8
instanceKlass  @bci org/springframework/boot/StartupInfoLogger appendAotMode (Ljava/lang/StringBuilder;)V 4 <appendix> argL0 ; # org/springframework/boot/StartupInfoLogger$$Lambda+0x00000224942824d8
instanceKlass  @bci org/springframework/boot/StartupInfoLogger logStarting (Lorg/apache/commons/logging/Log;)V 8 <appendix> member <vmtarget> ; # org/springframework/boot/StartupInfoLogger$$Lambda+0x00000224942822b0
instanceKlass java/text/DigitList
instanceKlass org/springframework/boot/StartupInfoLogger
instanceKlass  @bci sun/util/locale/provider/JRELocaleProviderAdapter getNumberFormatProvider ()Ljava/text/spi/NumberFormatProvider; 8 <appendix> member <vmtarget> ; # sun/util/locale/provider/JRELocaleProviderAdapter$$Lambda+0x80000006c
instanceKlass  @bci sun/util/locale/provider/JRELocaleProviderAdapter getDateFormatSymbolsProvider ()Ljava/text/spi/DateFormatSymbolsProvider; 8 <appendix> member <vmtarget> ; # sun/util/locale/provider/JRELocaleProviderAdapter$$Lambda+0x80000006a
instanceKlass  @bci org/springframework/boot/SpringApplicationRunListeners contextPrepared (Lorg/springframework/context/ConfigurableApplicationContext;)V 4 <appendix> member <vmtarget> ; # org/springframework/boot/SpringApplicationRunListeners$$Lambda+0x0000022494281e58
instanceKlass java/text/DateFormatSymbols
instanceKlass org/springframework/boot/autoconfigure/logging/ConditionEvaluationReportLogger
instanceKlass  @bci org/springframework/boot/autoconfigure/logging/ConditionEvaluationReportLoggingListener$ConditionEvaluationReportListener <init> (Lorg/springframework/boot/autoconfigure/logging/ConditionEvaluationReportLoggingListener;Lorg/springframework/context/ConfigurableApplicationContext;)V 29 <appendix> member <vmtarget> ; # org/springframework/boot/autoconfigure/logging/ConditionEvaluationReportLoggingListener$ConditionEvaluationReportListener$$Lambda+0x00000224942817e8
instanceKlass org/springframework/boot/autoconfigure/condition/ConditionEvaluationReport$AncestorsMatchedCondition
instanceKlass org/springframework/context/annotation/Condition
instanceKlass org/springframework/boot/autoconfigure/condition/ConditionEvaluationReport
instanceKlass org/springframework/boot/autoconfigure/logging/ConditionEvaluationReportLoggingListener$ConditionEvaluationReportListener
instanceKlass  @bci org/springframework/boot/io/ProtocolResolverApplicationContextInitializer initialize (Lorg/springframework/context/ConfigurableApplicationContext;)V 24 <appendix> member <vmtarget> ; # org/springframework/boot/io/ProtocolResolverApplicationContextInitializer$$Lambda+0x0000022494280cc0
instanceKlass org/springframework/boot/io/Base64ProtocolResolver
instanceKlass org/springframework/core/io/ProtocolResolver
instanceKlass org/springframework/boot/context/ConfigurationWarningsApplicationContextInitializer$ComponentScanPackageCheck
instanceKlass org/springframework/boot/context/ConfigurationWarningsApplicationContextInitializer$Check
instanceKlass org/springframework/boot/context/ConfigurationWarningsApplicationContextInitializer$ConfigurationWarningsPostProcessor
instanceKlass org/springframework/boot/devtools/restart/RestartScopeInitializer$RestartScope
instanceKlass  @bci org/springframework/beans/factory/support/DefaultListableBeanFactory registerSingleton (Ljava/lang/String;Ljava/lang/Object;)V 15 <appendix> member <vmtarget> ; # org/springframework/beans/factory/support/DefaultListableBeanFactory$$Lambda+0x000002249427fb48
instanceKlass  @bci org/springframework/beans/factory/support/DefaultListableBeanFactory registerSingleton (Ljava/lang/String;Ljava/lang/Object;)V 8 <appendix> member <vmtarget> ; # org/springframework/beans/factory/support/DefaultListableBeanFactory$$Lambda+0x000002249427f910
instanceKlass  @bci org/springframework/beans/factory/support/DefaultListableBeanFactory addSingleton (Ljava/lang/String;Ljava/lang/Object;)V 7 <appendix> member <vmtarget> ; # org/springframework/beans/factory/support/DefaultListableBeanFactory$$Lambda+0x000002249427f6b8
instanceKlass org/springframework/boot/context/ContextIdApplicationContextInitializer$ContextId
instanceKlass org/springframework/boot/autoconfigure/SharedMetadataReaderFactoryContextInitializer$CachingMetadataReaderFactoryPostProcessor
instanceKlass  @bci sun/util/locale/provider/LocaleProviderAdapter toLocaleArray (Ljava/util/Set;)[Ljava/util/Locale; 21 <appendix> argL0 ; # sun/util/locale/provider/LocaleProviderAdapter$$Lambda+0x80000006e
instanceKlass  @bci sun/util/locale/provider/LocaleProviderAdapter toLocaleArray (Ljava/util/Set;)[Ljava/util/Locale; 6 <appendix> argL0 ; # sun/util/locale/provider/LocaleProviderAdapter$$Lambda+0x80000006d
instanceKlass  @bci org/springframework/boot/SpringApplication applyInitializers (Lorg/springframework/context/ConfigurableApplicationContext;)V 53 <appendix> member <vmtarget> ; # org/springframework/boot/SpringApplication$$Lambda+0x000002249427efe8
instanceKlass  @bci sun/util/cldr/CLDRLocaleProviderAdapter getCalendarDataProvider ()Ljava/util/spi/CalendarDataProvider; 8 <appendix> member <vmtarget> ; # sun/util/cldr/CLDRLocaleProviderAdapter$$Lambda+0x800000067
instanceKlass sun/util/locale/provider/CalendarDataUtility$CalendarWeekParameterGetter
instanceKlass java/util/Calendar$Builder
instanceKlass  @bci org/springframework/context/index/CandidateComponentsIndexLoader loadIndex (Ljava/lang/ClassLoader;)Lorg/springframework/context/index/CandidateComponentsIndex; 16 <appendix> argL0 ; # org/springframework/context/index/CandidateComponentsIndexLoader$$Lambda+0x000002249427eda8
instanceKlass org/springframework/context/index/CandidateComponentsIndex
instanceKlass  @bci sun/util/locale/provider/JRELocaleProviderAdapter getCalendarProvider ()Lsun/util/spi/CalendarProvider; 8 <appendix> member <vmtarget> ; # sun/util/locale/provider/JRELocaleProviderAdapter$$Lambda+0x800000068
instanceKlass org/springframework/context/index/CandidateComponentsIndexLoader
instanceKlass  @bci org/springframework/core/io/DefaultResourceLoader getResourceCache (Ljava/lang/Class;)Ljava/util/Map; 5 <appendix> argL0 ; # org/springframework/core/io/DefaultResourceLoader$$Lambda+0x000002249427e720
instanceKlass org/springframework/core/type/classreading/MetadataReader
instanceKlass tools/jackson/databind/cfg/BaseSettings
instanceKlass org/springframework/core/type/classreading/MetadataReaderFactoryDelegate
instanceKlass tools/jackson/databind/introspect/DefaultAccessorNamingStrategy$FirstCharBasedValidator
instanceKlass tools/jackson/databind/introspect/DefaultAccessorNamingStrategy$BaseNameValidator
instanceKlass org/springframework/core/type/classreading/AbstractMetadataReaderFactory
instanceKlass org/springframework/core/io/support/ResourcePatternUtils
instanceKlass tools/jackson/databind/introspect/AccessorNamingStrategy
instanceKlass java/util/concurrent/atomic/AtomicReferenceArray
instanceKlass java/util/concurrent/atomic/AtomicLongArray
instanceKlass jakarta/inject/Named
instanceKlass tools/jackson/databind/util/internal/Linked
instanceKlass org/springframework/stereotype/Indexed
instanceKlass org/springframework/stereotype/Component
instanceKlass tools/jackson/databind/util/internal/PrivateMaxEntriesMap$Builder
instanceKlass org/springframework/core/type/filter/AbstractTypeHierarchyTraversingFilter
instanceKlass org/springframework/core/type/filter/TypeFilter
instanceKlass tools/jackson/databind/util/SimpleLookupCache
instanceKlass java/beans/ConstructorProperties
instanceKlass org/springframework/beans/factory/support/BeanDefinitionDefaults
instanceKlass java/beans/Transient
instanceKlass tools/jackson/databind/ext/beans/JavaBeansAnnotations
instanceKlass com/fasterxml/jackson/annotation/JsonMerge
instanceKlass tools/jackson/databind/annotation/JsonDeserialize
instanceKlass org/springframework/core/type/classreading/MetadataReaderFactory
instanceKlass com/fasterxml/jackson/annotation/JsonManagedReference
instanceKlass com/fasterxml/jackson/annotation/JsonBackReference
instanceKlass org/springframework/context/annotation/ClassPathScanningCandidateComponentProvider
instanceKlass com/fasterxml/jackson/annotation/JsonUnwrapped
instanceKlass com/fasterxml/jackson/annotation/JsonRawValue
instanceKlass com/fasterxml/jackson/annotation/JsonTypeInfo
instanceKlass com/fasterxml/jackson/annotation/JsonFormat
instanceKlass com/fasterxml/jackson/annotation/JsonView
instanceKlass org/springframework/context/event/DefaultEventListenerFactory
instanceKlass org/springframework/context/event/EventListenerFactory
instanceKlass tools/jackson/databind/annotation/JsonSerialize
instanceKlass org/springframework/context/event/EventListenerMethodProcessor
instanceKlass org/springframework/beans/factory/SmartInitializingSingleton
instanceKlass org/springframework/beans/factory/annotation/InitDestroyAnnotationBeanPostProcessor
instanceKlass tools/jackson/databind/introspect/ConcreteBeanPropertyBase
instanceKlass tools/jackson/databind/BeanProperty
instanceKlass org/springframework/beans/factory/annotation/AutowiredAnnotationBeanPostProcessor
instanceKlass org/springframework/beans/factory/config/SmartInstantiationAwareBeanPostProcessor
instanceKlass tools/jackson/databind/introspect/BeanPropertyDefinition
instanceKlass tools/jackson/databind/util/FullyNamed
instanceKlass tools/jackson/core/util/Named
instanceKlass org/springframework/beans/factory/config/BeanDefinitionHolder
instanceKlass  @bci org/springframework/beans/factory/support/DefaultListableBeanFactory removeManualSingletonName (Ljava/lang/String;)V 8 <appendix> member <vmtarget> ; # org/springframework/beans/factory/support/DefaultListableBeanFactory$$Lambda+0x0000022494276ba0
instanceKlass  @bci org/springframework/beans/factory/support/DefaultListableBeanFactory removeManualSingletonName (Ljava/lang/String;)V 2 <appendix> member <vmtarget> ; # org/springframework/beans/factory/support/DefaultListableBeanFactory$$Lambda+0x0000022494276968
instanceKlass org/springframework/beans/factory/support/MethodOverrides
instanceKlass org/springframework/context/annotation/ConfigurationClassPostProcessor
instanceKlass org/springframework/context/ApplicationStartupAware
instanceKlass org/springframework/context/ResourceLoaderAware
instanceKlass org/springframework/beans/factory/support/BeanDefinitionRegistryPostProcessor
instanceKlass tools/jackson/databind/introspect/TypeResolutionContext
instanceKlass tools/jackson/databind/introspect/Annotated
instanceKlass jakarta/inject/Qualifier
instanceKlass org/springframework/beans/factory/annotation/Qualifier
instanceKlass tools/jackson/databind/util/LookupCache
instanceKlass org/springframework/beans/factory/annotation/Value
instanceKlass org/springframework/aop/TargetSource
instanceKlass  @bci tools/jackson/core/util/Separators$Spacing apply (C)Ljava/lang/String; 9 <adapter> ; # java/lang/invoke/LambdaForm$MH+0x0000022494270800
instanceKlass org/springframework/orm/jpa/support/PersistenceAnnotationBeanPostProcessor
instanceKlass  @bci tools/jackson/core/util/Separators$Spacing apply (C)Ljava/lang/String; 9 <appendix> form vmentry <vmtarget> ; # java/lang/invoke/LambdaForm$MH+0x0000022494270400
instanceKlass org/springframework/beans/factory/aot/BeanRegistrationAotProcessor
# instanceKlass java/lang/invoke/LambdaForm$MH+0x0000022494270000
instanceKlass  @bci tools/jackson/core/util/Separators$Spacing apply (C)Ljava/lang/String; 9 <appendix> form names 8 function resolvedHandle form vmentry <vmtarget> ; # java/lang/invoke/LambdaForm$DMH+0x000002249426fc00
instanceKlass org/springframework/beans/factory/support/MergedBeanDefinitionPostProcessor
instanceKlass  @bci tools/jackson/core/util/Separators$Spacing apply (C)Ljava/lang/String; 9 <appendix> argL3 form vmentry <vmtarget> ; # java/lang/invoke/LambdaForm$MH+0x000002249426f800
# instanceKlass java/lang/invoke/LambdaForm$MH+0x000002249426f400
instanceKlass org/springframework/beans/factory/config/DestructionAwareBeanPostProcessor
# instanceKlass java/lang/invoke/LambdaForm$MH+0x000002249426f000
instanceKlass org/springframework/beans/factory/config/InstantiationAwareBeanPostProcessor
# instanceKlass java/lang/invoke/LambdaForm$MH+0x000002249426ec00
# instanceKlass java/lang/invoke/LambdaForm$MH+0x000002249426e800
# instanceKlass java/lang/invoke/LambdaForm$MH+0x000002249426e400
# instanceKlass java/lang/invoke/LambdaForm$MH+0x000002249426e000
instanceKlass  @bci tools/jackson/core/util/Separators$Spacing apply (C)Ljava/lang/String; 9 <appendix> form names 12 function resolvedHandle form vmentry <vmtarget> ; # java/lang/invoke/LambdaForm$DMH+0x000002249426dc00
instanceKlass  @bci tools/jackson/core/util/Separators$Spacing apply (C)Ljava/lang/String; 9 <appendix> argL1 form vmentry <vmtarget> ; # java/lang/invoke/LambdaForm$MH+0x000002249426d800
instanceKlass jakarta/persistence/EntityManagerFactory
# instanceKlass java/lang/invoke/LambdaForm$MH+0x000002249426d400
instanceKlass  @bci org/springframework/cglib/core/SpringNamingPolicy getClassName (Ljava/lang/String;Ljava/lang/String;Ljava/lang/Object;Lorg/springframework/cglib/core/Predicate;)Ljava/lang/String; 124 <appendix> argL1 form vmentry <vmtarget> ; # java/lang/invoke/LambdaForm$MH+0x000002249426d000
instanceKlass jakarta/annotation/PostConstruct
# instanceKlass java/lang/invoke/LambdaForm$MH+0x000002249426cc00
# instanceKlass java/lang/invoke/LambdaForm$MH+0x000002249426c800
instanceKlass org/springframework/context/annotation/AnnotationConfigUtils
# instanceKlass java/lang/invoke/LambdaForm$MH+0x000002249426c400
# instanceKlass java/lang/invoke/LambdaForm$MH+0x000002249426c000
instanceKlass org/springframework/context/annotation/ConditionEvaluator$ConditionContextImpl
instanceKlass org/springframework/context/annotation/ConditionContext
instanceKlass tools/jackson/core/util/DefaultPrettyPrinter$NopIndenter
instanceKlass org/springframework/context/annotation/ConditionEvaluator
instanceKlass tools/jackson/core/io/CharTypes
instanceKlass org/springframework/context/annotation/Scope
instanceKlass org/springframework/context/annotation/AnnotationScopeMetadataResolver
instanceKlass tools/jackson/core/io/JsonStringEncoder
instanceKlass tools/jackson/core/io/SerializedString
instanceKlass org/springframework/context/annotation/AnnotationBeanNameGenerator
instanceKlass tools/jackson/core/util/Separators
instanceKlass tools/jackson/core/SerializableString
instanceKlass org/springframework/beans/factory/annotation/AnnotatedBeanDefinition
instanceKlass tools/jackson/core/util/DefaultPrettyPrinter$Indenter
instanceKlass org/springframework/core/type/AnnotatedTypeMetadata
instanceKlass tools/jackson/core/util/DefaultPrettyPrinter
instanceKlass tools/jackson/core/util/Instantiatable
instanceKlass org/springframework/context/annotation/ScopeMetadataResolver
instanceKlass org/springframework/beans/factory/support/BeanNameGenerator
instanceKlass org/springframework/context/annotation/AnnotatedBeanDefinitionReader
instanceKlass tools/jackson/databind/cfg/ConfigFeature
instanceKlass org/springframework/beans/factory/support/SimpleAutowireCandidateResolver
instanceKlass org/springframework/beans/factory/support/SimpleInstantiationStrategy
instanceKlass tools/jackson/databind/cfg/MapperBuilderState
instanceKlass org/springframework/beans/factory/BeanNameAware
instanceKlass tools/jackson/databind/cfg/DatatypeFeature
instanceKlass tools/jackson/databind/cfg/SerializationContexts
instanceKlass jakarta/inject/Provider
instanceKlass tools/jackson/databind/deser/DeserializerFactory
instanceKlass org/springframework/beans/factory/support/AutowireCandidateResolver
instanceKlass org/springframework/beans/factory/ObjectProvider
instanceKlass org/springframework/beans/factory/ObjectFactory
instanceKlass tools/jackson/databind/cfg/DeserializationContexts
instanceKlass org/springframework/util/ReflectionUtils$MethodCallback
instanceKlass tools/jackson/databind/jsontype/TypeResolverBuilder
instanceKlass tools/jackson/databind/introspect/ClassIntrospector
instanceKlass org/springframework/beans/factory/InjectionPoint
instanceKlass org/springframework/beans/PropertyValues
instanceKlass org/springframework/beans/BeanWrapper
instanceKlass org/springframework/beans/ConfigurablePropertyAccessor
instanceKlass org/springframework/beans/PropertyAccessor
instanceKlass tools/jackson/databind/ser/SerializerFactory
instanceKlass org/springframework/core/AttributeAccessorSupport
instanceKlass tools/jackson/databind/jsontype/SubtypeResolver
instanceKlass tools/jackson/databind/JacksonModule$SetupContext
instanceKlass org/springframework/beans/factory/support/InstantiationStrategy
instanceKlass tools/jackson/databind/introspect/AccessorNamingStrategy$Provider
instanceKlass org/springframework/beans/factory/DisposableBean
instanceKlass tools/jackson/databind/jsontype/PolymorphicTypeValidator
instanceKlass tools/jackson/databind/AnnotationIntrospector
instanceKlass tools/jackson/core/PrettyPrinter
instanceKlass tools/jackson/databind/type/TypeBindings
instanceKlass org/springframework/core/SimpleAliasRegistry
instanceKlass tools/jackson/core/FormatFeature
instanceKlass tools/jackson/core/util/JacksonFeature
instanceKlass tools/jackson/core/util/BufferRecycler$Gettable
instanceKlass tools/jackson/core/tree/ArrayTreeNode
instanceKlass tools/jackson/core/tree/ObjectTreeNode
instanceKlass tools/jackson/core/JsonGenerator
instanceKlass org/springframework/beans/factory/config/BeanDefinition
instanceKlass org/springframework/beans/BeanMetadataElement
instanceKlass org/springframework/core/AttributeAccessor
instanceKlass org/springframework/beans/factory/config/ConfigurableListableBeanFactory
instanceKlass org/springframework/context/LifecycleProcessor
instanceKlass org/springframework/beans/PropertyEditorRegistrar
instanceKlass tools/jackson/core/JsonParser
instanceKlass org/springframework/beans/factory/config/BeanExpressionResolver
instanceKlass tools/jackson/core/ObjectWriteContext
instanceKlass org/springframework/beans/factory/config/BeanPostProcessor
instanceKlass org/springframework/beans/factory/config/AutowireCapableBeanFactory
instanceKlass tools/jackson/databind/DatabindContext
instanceKlass tools/jackson/core/ObjectReadContext
instanceKlass org/springframework/boot/web/server/context/ConfigurableWebServerApplicationContext
instanceKlass org/springframework/boot/web/server/context/WebServerApplicationContext
instanceKlass org/springframework/context/annotation/AnnotationConfigRegistry
instanceKlass tools/jackson/databind/JacksonSerializable$Base
instanceKlass  @bci org/springframework/boot/DefaultApplicationContextFactory create (Lorg/springframework/boot/WebApplicationType;)Lorg/springframework/context/ConfigurableApplicationContext; 8 <appendix> member <vmtarget> ; # org/springframework/boot/DefaultApplicationContextFactory$$Lambda+0x0000022494244770
instanceKlass  @bci org/springframework/boot/DefaultApplicationContextFactory create (Lorg/springframework/boot/WebApplicationType;)Lorg/springframework/context/ConfigurableApplicationContext; 2 <appendix> argL0 ; # org/springframework/boot/DefaultApplicationContextFactory$$Lambda+0x0000022494244540
instanceKlass org/springframework/boot/SpringApplicationBannerPrinter$PrintedBanner
instanceKlass tools/jackson/core/TreeNode
instanceKlass org/springframework/boot/SpringBootVersion
instanceKlass tools/jackson/databind/JacksonSerializable
instanceKlass org/springframework/core/io/ContextResource
instanceKlass org/springframework/boot/SpringBootBanner
instanceKlass tools/jackson/core/type/ResolvedType
instanceKlass org/springframework/boot/Banner
instanceKlass org/springframework/boot/SpringApplicationBannerPrinter
instanceKlass  @bci org/springframework/boot/DefaultApplicationContextFactory getEnvironmentType (Lorg/springframework/boot/WebApplicationType;)Ljava/lang/Class; 2 <appendix> argL0 ; # org/springframework/boot/DefaultApplicationContextFactory$$Lambda+0x0000022494241df8
instanceKlass org/springframework/boot/EnvironmentConverter
instanceKlass  @bci org/springframework/boot/context/properties/bind/JavaBeanBinder$BeanProperty getValue (Ljava/util/function/Supplier;)Ljava/util/function/Supplier; 11 <appendix> member <vmtarget> ; # org/springframework/boot/context/properties/bind/JavaBeanBinder$BeanProperty$$Lambda+0x0000022494240b30
instanceKlass  @bci org/springframework/boot/context/properties/bind/JavaBeanBinder determinePropertyName (Lorg/springframework/boot/context/properties/bind/JavaBeanBinder$BeanProperty;)Ljava/lang/String; 51 <appendix> argL0 ; # org/springframework/boot/context/properties/bind/JavaBeanBinder$$Lambda+0x00000224942408f0
instanceKlass  @bci org/springframework/boot/context/properties/bind/JavaBeanBinder determinePropertyName (Lorg/springframework/boot/context/properties/bind/JavaBeanBinder$BeanProperty;)Ljava/lang/String; 43 <appendix> member <vmtarget> ; # org/springframework/boot/context/properties/bind/JavaBeanBinder$$Lambda+0x00000224942406a8
instanceKlass  @bci org/springframework/boot/context/properties/bind/JavaBeanBinder determinePropertyName (Lorg/springframework/boot/context/properties/bind/JavaBeanBinder$BeanProperty;)Ljava/lang/String; 21 <appendix> argL0 ; # org/springframework/boot/context/properties/bind/JavaBeanBinder$$Lambda+0x0000022494240458
instanceKlass  @bci org/springframework/boot/context/properties/bind/JavaBeanBinder$Bean getSupplier (Lorg/springframework/boot/context/properties/bind/Bindable;)Lorg/springframework/boot/context/properties/bind/JavaBeanBinder$BeanSupplier; 6 <appendix> member <vmtarget> ; # org/springframework/boot/context/properties/bind/JavaBeanBinder$Bean$$Lambda+0x0000022494240230
instanceKlass org/springframework/boot/context/properties/bind/JavaBeanBinder$BeanSupplier
instanceKlass  @bci org/springframework/boot/context/properties/bind/JavaBeanBinder$BeanProperties addProperties ([Ljava/lang/reflect/Method;[Ljava/lang/reflect/Field;)V 166 <appendix> argL0 ; # org/springframework/boot/context/properties/bind/JavaBeanBinder$BeanProperties$$Lambda+0x000002249423ec00
instanceKlass  @bci org/springframework/boot/context/properties/bind/JavaBeanBinder$BeanProperties addProperties ([Ljava/lang/reflect/Method;[Ljava/lang/reflect/Field;)V 121 <appendix> argL0 ; # org/springframework/boot/context/properties/bind/JavaBeanBinder$BeanProperties$$Lambda+0x000002249423fd78
instanceKlass  @bci org/springframework/boot/context/properties/bind/JavaBeanBinder$BeanProperties addMethodIfPossible (Ljava/lang/reflect/Method;Ljava/lang/String;ILjava/util/function/BiConsumer;)V 62 <appendix> member <vmtarget> ; # org/springframework/boot/context/properties/bind/JavaBeanBinder$BeanProperties$$Lambda+0x000002249423fb30
instanceKlass  @bci org/springframework/boot/context/properties/bind/JavaBeanBinder$BeanProperties addProperties ([Ljava/lang/reflect/Method;[Ljava/lang/reflect/Field;)V 76 <appendix> argL0 ; # org/springframework/boot/context/properties/bind/JavaBeanBinder$BeanProperties$$Lambda+0x000002249423f900
instanceKlass org/springframework/boot/context/properties/bind/JavaBeanBinder$BeanProperty
instanceKlass tools/jackson/core/TokenStreamFactory
instanceKlass  @bci org/springframework/boot/context/properties/bind/JavaBeanBinder$BeanProperties addProperties (Ljava/lang/Class;)V 40 <appendix> argL0 ; # org/springframework/boot/context/properties/bind/JavaBeanBinder$BeanProperties$$Lambda+0x000002249423f000
instanceKlass  @bci org/springframework/boot/context/properties/bind/JavaBeanBinder$BeanProperties addProperties (Ljava/lang/Class;)V 35 <appendix> argL0 ; # org/springframework/boot/context/properties/bind/JavaBeanBinder$BeanProperties$$Lambda+0x000002249423bd48
# instanceKlass java/lang/invoke/LambdaForm$MH+0x000002249423e800
# instanceKlass java/lang/invoke/LambdaForm$MH+0x000002249423e400
# instanceKlass java/lang/invoke/LambdaForm$MH+0x000002249423e000
# instanceKlass java/lang/invoke/LambdaForm$MH+0x000002249423dc00
instanceKlass tools/jackson/databind/cfg/MapperBuilder
# instanceKlass java/lang/invoke/LambdaForm$MH+0x000002249423d800
# instanceKlass org/springframework/boot/context/properties/bind/JavaBeanBinder$BeanProperties$$InjectedInvoker+0x000002249423d400
instanceKlass java/lang/invoke/MethodHandleImpl$BindCaller$InjectedInvokerHolder
# instanceKlass java/lang/invoke/LambdaForm$MH+0x000002249423d000
# instanceKlass java/lang/invoke/LambdaForm$MH+0x000002249423cc00
# instanceKlass java/lang/invoke/LambdaForm$DMH+0x000002249423c800
# instanceKlass java/lang/invoke/LambdaForm$DMH+0x000002249423c400
# instanceKlass java/lang/invoke/LambdaForm$DMH+0x000002249423c000
instanceKlass tools/jackson/core/util/Snapshottable
instanceKlass java/lang/invoke/MethodHandleImpl$ArrayAccessor
instanceKlass java/lang/invoke/MethodHandleImpl$LoopClauses
instanceKlass java/lang/invoke/MethodHandleImpl$CasesHolder
instanceKlass tools/jackson/databind/ObjectMapper
instanceKlass java/lang/invoke/MethodHandleImpl$BindCaller
instanceKlass org/springframework/core/BridgeMethodResolver
instanceKlass tools/jackson/core/Versioned
instanceKlass tools/jackson/core/TreeCodec
instanceKlass  @bci org/springframework/boot/context/properties/bind/JavaBeanBinder$BeanProperties addProperties (Ljava/lang/Class;)V 21 <appendix> argL0 ; # org/springframework/boot/context/properties/bind/JavaBeanBinder$BeanProperties$$Lambda+0x0000022494239568
instanceKlass  @bci org/springframework/boot/context/properties/bind/JavaBeanBinder$BeanProperties addProperties (Ljava/lang/Class;)V 16 <appendix> member <vmtarget> ; # org/springframework/boot/context/properties/bind/JavaBeanBinder$BeanProperties$$Lambda+0x0000022494239320
instanceKlass  @bci org/springframework/boot/context/properties/bind/Bindable withExistingValue (Ljava/lang/Object;)Lorg/springframework/boot/context/properties/bind/Bindable; 64 <appendix> member <vmtarget> ; # org/springframework/boot/context/properties/bind/Bindable$$Lambda+0x0000022494238ee8
instanceKlass  @bci org/springframework/boot/context/properties/bind/Bindable withExistingValue (Ljava/lang/Object;)Lorg/springframework/boot/context/properties/bind/Bindable; 51 <appendix> argL0 ; # org/springframework/boot/context/properties/bind/Bindable$$Lambda+0x0000022494238cc8
instanceKlass  @bci org/springframework/boot/context/properties/bind/Bindable withExistingValue (Ljava/lang/Object;)Lorg/springframework/boot/context/properties/bind/Bindable; 28 <appendix> member <vmtarget> ; # org/springframework/boot/context/properties/bind/Bindable$$Lambda+0x0000022494238aa0
instanceKlass org/springframework/boot/validation/autoconfigure/JakartaValidationBackgroundPreinitializer
instanceKlass org/springframework/boot/autoconfigure/preinitialize/ConversionServiceBackgroundPreinitializer
instanceKlass org/springframework/boot/autoconfigure/preinitialize/CharsetsBackgroundPreinitializer
instanceKlass org/springframework/boot/http/converter/autoconfigure/MessageConverterBackgroundPreinitializer
instanceKlass org/springframework/boot/tomcat/autoconfigure/TomcatBackgroundPreinitializer
instanceKlass org/springframework/boot/jackson/autoconfigure/JacksonBackgroundPreinitializer
instanceKlass org/springframework/boot/autoconfigure/preinitialize/BackgroundPreinitializer
instanceKlass  @bci org/springframework/boot/logging/logback/LogbackLoggingSystem getShutdownHandler ()Ljava/lang/Runnable; 1 <appendix> member <vmtarget> ; # org/springframework/boot/logging/logback/LogbackLoggingSystem$$Lambda+0x00000224942374f0
instanceKlass  @bci org/springframework/boot/context/logging/LoggingApplicationListener setLogLevels (Lorg/springframework/boot/logging/LoggingSystem;Lorg/springframework/core/env/ConfigurableEnvironment;)V 40 <appendix> member <vmtarget> ; # org/springframework/boot/context/logging/LoggingApplicationListener$$Lambda+0x00000224942372b8
instanceKlass  @bci org/springframework/boot/context/logging/LoggingApplicationListener setLogLevels (Lorg/springframework/boot/logging/LoggingSystem;Lorg/springframework/core/env/ConfigurableEnvironment;)V 23 <appendix> argL0 ; # org/springframework/boot/context/logging/LoggingApplicationListener$$Lambda+0x0000022494237098
instanceKlass  @bci org/springframework/boot/context/logging/LoggingApplicationListener getLogLevelConfigurer (Lorg/springframework/boot/logging/LoggingSystem;)Ljava/util/function/BiConsumer; 2 <appendix> member <vmtarget> ; # org/springframework/boot/context/logging/LoggingApplicationListener$$Lambda+0x0000022494236e60
instanceKlass  @bci org/springframework/boot/context/logging/LoggingApplicationListener bindLoggerGroups (Lorg/springframework/core/env/ConfigurableEnvironment;)V 31 <appendix> member <vmtarget> ; # org/springframework/boot/context/logging/LoggingApplicationListener$$Lambda+0x0000022494236c28
instanceKlass ch/qos/logback/classic/pattern/TargetLengthBasedClassNameAbbreviator
instanceKlass ch/qos/logback/core/pattern/ConverterUtil
instanceKlass ch/qos/logback/classic/pattern/NamedConverter$CacheMissCalculator
instanceKlass ch/qos/logback/core/pattern/FormatInfo
instanceKlass ch/qos/logback/core/pattern/util/AsIsEscapeUtil
instanceKlass ch/qos/logback/core/pattern/parser/OptionTokenizer
instanceKlass ch/qos/logback/core/pattern/util/RestrictedEscapeUtil
instanceKlass ch/qos/logback/core/pattern/parser/TokenStream
instanceKlass ch/qos/logback/core/pattern/util/RegularEscapeUtil
instanceKlass ch/qos/logback/classic/pattern/EnsureExceptionHandling
instanceKlass  @bci ch/qos/logback/classic/PatternLayout <clinit> ()V 1393 <appendix> argL0 ; # ch/qos/logback/classic/PatternLayout$$Lambda+0x00000224942345c0
instanceKlass  @bci ch/qos/logback/classic/PatternLayout <clinit> ()V 1358 <appendix> argL0 ; # ch/qos/logback/classic/PatternLayout$$Lambda+0x0000022494234058
instanceKlass  @bci ch/qos/logback/classic/PatternLayout <clinit> ()V 1341 <appendix> argL0 ; # ch/qos/logback/classic/PatternLayout$$Lambda+0x0000022494233e38
instanceKlass  @bci ch/qos/logback/classic/PatternLayout <clinit> ()V 1306 <appendix> argL0 ; # ch/qos/logback/classic/PatternLayout$$Lambda+0x00000224942338f0
instanceKlass  @bci ch/qos/logback/classic/PatternLayout <clinit> ()V 1289 <appendix> argL0 ; # ch/qos/logback/classic/PatternLayout$$Lambda+0x00000224942333a8
instanceKlass  @bci ch/qos/logback/classic/PatternLayout <clinit> ()V 1272 <appendix> argL0 ; # ch/qos/logback/classic/PatternLayout$$Lambda+0x0000022494232e40
instanceKlass  @bci ch/qos/logback/classic/PatternLayout <clinit> ()V 1255 <appendix> argL0 ; # ch/qos/logback/classic/PatternLayout$$Lambda+0x00000224942328e0
instanceKlass  @bci ch/qos/logback/classic/PatternLayout <clinit> ()V 1238 <appendix> argL0 ; # ch/qos/logback/classic/PatternLayout$$Lambda+0x0000022494232380
instanceKlass  @bci ch/qos/logback/classic/PatternLayout <clinit> ()V 1221 <appendix> argL0 ; # ch/qos/logback/classic/PatternLayout$$Lambda+0x0000022494231e20
instanceKlass  @bci ch/qos/logback/classic/PatternLayout <clinit> ()V 1204 <appendix> argL0 ; # ch/qos/logback/classic/PatternLayout$$Lambda+0x00000224942318c0
instanceKlass  @bci ch/qos/logback/classic/PatternLayout <clinit> ()V 1188 <appendix> argL0 ; # ch/qos/logback/classic/PatternLayout$$Lambda+0x0000022494231360
instanceKlass  @bci ch/qos/logback/classic/PatternLayout <clinit> ()V 1172 <appendix> argL0 ; # ch/qos/logback/classic/PatternLayout$$Lambda+0x0000022494230e00
instanceKlass  @bci ch/qos/logback/classic/PatternLayout <clinit> ()V 1156 <appendix> argL0 ; # ch/qos/logback/classic/PatternLayout$$Lambda+0x00000224942308a0
instanceKlass  @bci ch/qos/logback/classic/PatternLayout <clinit> ()V 1140 <appendix> argL0 ; # ch/qos/logback/classic/PatternLayout$$Lambda+0x0000022494230340
instanceKlass  @bci ch/qos/logback/classic/PatternLayout <clinit> ()V 1124 <appendix> argL0 ; # ch/qos/logback/classic/PatternLayout$$Lambda+0x000002249422fde0
instanceKlass  @bci ch/qos/logback/classic/PatternLayout <clinit> ()V 1108 <appendix> argL0 ; # ch/qos/logback/classic/PatternLayout$$Lambda+0x000002249422f880
instanceKlass  @bci ch/qos/logback/classic/PatternLayout <clinit> ()V 1092 <appendix> argL0 ; # ch/qos/logback/classic/PatternLayout$$Lambda+0x000002249422f320
instanceKlass  @bci ch/qos/logback/classic/PatternLayout <clinit> ()V 1076 <appendix> argL0 ; # ch/qos/logback/classic/PatternLayout$$Lambda+0x000002249422edc0
instanceKlass  @bci ch/qos/logback/classic/PatternLayout <clinit> ()V 1060 <appendix> argL0 ; # ch/qos/logback/classic/PatternLayout$$Lambda+0x000002249422e860
instanceKlass  @bci ch/qos/logback/classic/PatternLayout <clinit> ()V 1044 <appendix> argL0 ; # ch/qos/logback/classic/PatternLayout$$Lambda+0x000002249422e300
instanceKlass  @bci ch/qos/logback/classic/PatternLayout <clinit> ()V 1028 <appendix> argL0 ; # ch/qos/logback/classic/PatternLayout$$Lambda+0x000002249422dda0
instanceKlass  @bci ch/qos/logback/classic/PatternLayout <clinit> ()V 1012 <appendix> argL0 ; # ch/qos/logback/classic/PatternLayout$$Lambda+0x000002249422d500
instanceKlass  @bci ch/qos/logback/classic/PatternLayout <clinit> ()V 996 <appendix> argL0 ; # ch/qos/logback/classic/PatternLayout$$Lambda+0x000002249422cfb8
instanceKlass  @bci ch/qos/logback/classic/PatternLayout <clinit> ()V 964 <appendix> argL0 ; # ch/qos/logback/classic/PatternLayout$$Lambda+0x000002249422ca78
instanceKlass  @bci ch/qos/logback/classic/PatternLayout <clinit> ()V 932 <appendix> argL0 ; # ch/qos/logback/classic/PatternLayout$$Lambda+0x000002249422c528
instanceKlass  @bci ch/qos/logback/classic/PatternLayout <clinit> ()V 900 <appendix> argL0 ; # ch/qos/logback/classic/PatternLayout$$Lambda+0x000002249422bfe0
instanceKlass  @bci ch/qos/logback/classic/PatternLayout <clinit> ()V 868 <appendix> argL0 ; # ch/qos/logback/classic/PatternLayout$$Lambda+0x000002249422ba98
instanceKlass  @bci ch/qos/logback/classic/PatternLayout <clinit> ()V 836 <appendix> argL0 ; # ch/qos/logback/classic/PatternLayout$$Lambda+0x000002249422b538
instanceKlass  @bci ch/qos/logback/classic/PatternLayout <clinit> ()V 820 <appendix> argL0 ; # ch/qos/logback/classic/PatternLayout$$Lambda+0x000002249422b318
instanceKlass  @bci ch/qos/logback/classic/PatternLayout <clinit> ()V 804 <appendix> argL0 ; # ch/qos/logback/classic/PatternLayout$$Lambda+0x000002249422add0
instanceKlass  @bci ch/qos/logback/classic/PatternLayout <clinit> ()V 788 <appendix> argL0 ; # ch/qos/logback/classic/PatternLayout$$Lambda+0x000002249422abb0
instanceKlass  @bci ch/qos/logback/classic/PatternLayout <clinit> ()V 772 <appendix> argL0 ; # ch/qos/logback/classic/PatternLayout$$Lambda+0x000002249422a660
instanceKlass  @bci ch/qos/logback/classic/PatternLayout <clinit> ()V 756 <appendix> argL0 ; # ch/qos/logback/classic/PatternLayout$$Lambda+0x000002249422a440
instanceKlass  @bci ch/qos/logback/classic/PatternLayout <clinit> ()V 740 <appendix> argL0 ; # ch/qos/logback/classic/PatternLayout$$Lambda+0x000002249422a220
instanceKlass  @bci ch/qos/logback/classic/PatternLayout <clinit> ()V 724 <appendix> argL0 ; # ch/qos/logback/classic/PatternLayout$$Lambda+0x000002249422a000
instanceKlass  @bci ch/qos/logback/classic/PatternLayout <clinit> ()V 708 <appendix> argL0 ; # ch/qos/logback/classic/PatternLayout$$Lambda+0x0000022494229de0
instanceKlass  @bci ch/qos/logback/classic/PatternLayout <clinit> ()V 692 <appendix> argL0 ; # ch/qos/logback/classic/PatternLayout$$Lambda+0x0000022494229bc0
instanceKlass  @bci ch/qos/logback/classic/PatternLayout <clinit> ()V 676 <appendix> argL0 ; # ch/qos/logback/classic/PatternLayout$$Lambda+0x0000022494229640
instanceKlass  @bci ch/qos/logback/classic/PatternLayout <clinit> ()V 660 <appendix> argL0 ; # ch/qos/logback/classic/PatternLayout$$Lambda+0x0000022494229420
instanceKlass  @bci ch/qos/logback/classic/PatternLayout <clinit> ()V 644 <appendix> argL0 ; # ch/qos/logback/classic/PatternLayout$$Lambda+0x0000022494229200
instanceKlass  @bci ch/qos/logback/classic/PatternLayout <clinit> ()V 628 <appendix> argL0 ; # ch/qos/logback/classic/PatternLayout$$Lambda+0x0000022494228fe0
instanceKlass  @bci ch/qos/logback/classic/PatternLayout <clinit> ()V 596 <appendix> argL0 ; # ch/qos/logback/classic/PatternLayout$$Lambda+0x0000022494228a90
instanceKlass  @bci ch/qos/logback/classic/PatternLayout <clinit> ()V 580 <appendix> argL0 ; # ch/qos/logback/classic/PatternLayout$$Lambda+0x0000022494228870
instanceKlass  @bci ch/qos/logback/classic/PatternLayout <clinit> ()V 548 <appendix> argL0 ; # ch/qos/logback/classic/PatternLayout$$Lambda+0x0000022494228328
instanceKlass  @bci ch/qos/logback/classic/PatternLayout <clinit> ()V 532 <appendix> argL0 ; # ch/qos/logback/classic/PatternLayout$$Lambda+0x0000022494227d28
instanceKlass  @bci ch/qos/logback/classic/PatternLayout <clinit> ()V 500 <appendix> argL0 ; # ch/qos/logback/classic/PatternLayout$$Lambda+0x0000022494227b08
instanceKlass  @bci ch/qos/logback/classic/PatternLayout <clinit> ()V 484 <appendix> argL0 ; # ch/qos/logback/classic/PatternLayout$$Lambda+0x00000224942278e8
instanceKlass  @bci ch/qos/logback/classic/PatternLayout <clinit> ()V 452 <appendix> argL0 ; # ch/qos/logback/classic/PatternLayout$$Lambda+0x00000224942273a0
instanceKlass  @bci ch/qos/logback/classic/PatternLayout <clinit> ()V 436 <appendix> argL0 ; # ch/qos/logback/classic/PatternLayout$$Lambda+0x0000022494227180
instanceKlass  @bci ch/qos/logback/classic/PatternLayout <clinit> ()V 404 <appendix> argL0 ; # ch/qos/logback/classic/PatternLayout$$Lambda+0x0000022494226c18
instanceKlass  @bci ch/qos/logback/classic/PatternLayout <clinit> ()V 388 <appendix> argL0 ; # ch/qos/logback/classic/PatternLayout$$Lambda+0x00000224942269f8
instanceKlass  @bci ch/qos/logback/classic/PatternLayout <clinit> ()V 372 <appendix> argL0 ; # ch/qos/logback/classic/PatternLayout$$Lambda+0x00000224942267d8
instanceKlass  @bci ch/qos/logback/classic/PatternLayout <clinit> ()V 340 <appendix> argL0 ; # ch/qos/logback/classic/PatternLayout$$Lambda+0x0000022494226290
instanceKlass  @bci ch/qos/logback/classic/PatternLayout <clinit> ()V 324 <appendix> argL0 ; # ch/qos/logback/classic/PatternLayout$$Lambda+0x0000022494226070
instanceKlass  @bci ch/qos/logback/classic/PatternLayout <clinit> ()V 308 <appendix> argL0 ; # ch/qos/logback/classic/PatternLayout$$Lambda+0x0000022494225e50
instanceKlass ch/qos/logback/classic/pattern/Abbreviator
instanceKlass  @bci ch/qos/logback/classic/PatternLayout <clinit> ()V 276 <appendix> argL0 ; # ch/qos/logback/classic/PatternLayout$$Lambda+0x00000224942253a0
instanceKlass  @bci ch/qos/logback/classic/PatternLayout <clinit> ()V 260 <appendix> argL0 ; # ch/qos/logback/classic/PatternLayout$$Lambda+0x0000022494225180
instanceKlass  @bci ch/qos/logback/classic/PatternLayout <clinit> ()V 228 <appendix> argL0 ; # ch/qos/logback/classic/PatternLayout$$Lambda+0x0000022494224c38
instanceKlass  @bci ch/qos/logback/classic/PatternLayout <clinit> ()V 212 <appendix> argL0 ; # ch/qos/logback/classic/PatternLayout$$Lambda+0x0000022494224a18
instanceKlass  @bci ch/qos/logback/classic/PatternLayout <clinit> ()V 196 <appendix> argL0 ; # ch/qos/logback/classic/PatternLayout$$Lambda+0x00000224942247f8
instanceKlass  @bci ch/qos/logback/classic/PatternLayout <clinit> ()V 164 <appendix> argL0 ; # ch/qos/logback/classic/PatternLayout$$Lambda+0x00000224942242b0
instanceKlass  @bci ch/qos/logback/classic/PatternLayout <clinit> ()V 148 <appendix> argL0 ; # ch/qos/logback/classic/PatternLayout$$Lambda+0x0000022494224090
instanceKlass  @bci ch/qos/logback/classic/PatternLayout <clinit> ()V 116 <appendix> argL0 ; # ch/qos/logback/classic/PatternLayout$$Lambda+0x0000022494223b40
instanceKlass  @bci ch/qos/logback/classic/PatternLayout <clinit> ()V 100 <appendix> argL0 ; # ch/qos/logback/classic/PatternLayout$$Lambda+0x0000022494223920
instanceKlass  @bci ch/qos/logback/classic/PatternLayout <clinit> ()V 68 <appendix> argL0 ; # ch/qos/logback/classic/PatternLayout$$Lambda+0x00000224942233d8
instanceKlass  @bci ch/qos/logback/classic/PatternLayout <clinit> ()V 52 <appendix> argL0 ; # ch/qos/logback/classic/PatternLayout$$Lambda+0x00000224942231b8
instanceKlass  @bci ch/qos/logback/core/pattern/parser/Parser <clinit> ()V 38 <appendix> argL0 ; # ch/qos/logback/core/pattern/parser/Parser$$Lambda+0x0000022494222c70
instanceKlass  @bci ch/qos/logback/core/pattern/parser/Parser <clinit> ()V 22 <appendix> argL0 ; # ch/qos/logback/core/pattern/parser/Parser$$Lambda+0x0000022494222718
instanceKlass ch/qos/logback/core/pattern/parser/Token
instanceKlass ch/qos/logback/core/pattern/parser/Node
instanceKlass ch/qos/logback/core/pattern/util/IEscapeUtil
instanceKlass ch/qos/logback/core/pattern/PostCompileProcessor
instanceKlass ch/qos/logback/classic/jul/JULHelper
instanceKlass java/util/Vector$Itr
instanceKlass ch/qos/logback/core/subst/NodeToStringTransformer$1
instanceKlass ch/qos/logback/core/CoreConstants
instanceKlass ch/qos/logback/core/subst/Node
instanceKlass ch/qos/logback/core/subst/Parser$1
instanceKlass ch/qos/logback/core/subst/Parser
instanceKlass ch/qos/logback/core/subst/Token
instanceKlass ch/qos/logback/core/subst/Tokenizer
instanceKlass ch/qos/logback/core/subst/NodeToStringTransformer
instanceKlass  @bci org/springframework/boot/logging/logback/DefaultLogbackConfiguration defaults (Lorg/springframework/boot/logging/logback/LogbackConfigurator;)V 57 <appendix> argL0 ; # org/springframework/boot/logging/logback/DefaultLogbackConfiguration$$Lambda+0x000002249421ae18
instanceKlass  @bci org/springframework/boot/logging/logback/DefaultLogbackConfiguration defaults (Lorg/springframework/boot/logging/logback/LogbackConfigurator;)V 44 <appendix> argL0 ; # org/springframework/boot/logging/logback/DefaultLogbackConfiguration$$Lambda+0x000002249421a548
instanceKlass  @bci org/springframework/boot/logging/logback/DefaultLogbackConfiguration defaults (Lorg/springframework/boot/logging/logback/LogbackConfigurator;)V 31 <appendix> argL0 ; # org/springframework/boot/logging/logback/DefaultLogbackConfiguration$$Lambda+0x0000022494219fd8
instanceKlass  @bci org/springframework/boot/logging/logback/DefaultLogbackConfiguration defaults (Lorg/springframework/boot/logging/logback/LogbackConfigurator;)V 18 <appendix> argL0 ; # org/springframework/boot/logging/logback/DefaultLogbackConfiguration$$Lambda+0x0000022494219a78
instanceKlass  @bci org/springframework/boot/logging/logback/DefaultLogbackConfiguration defaults (Lorg/springframework/boot/logging/logback/LogbackConfigurator;)V 5 <appendix> argL0 ; # org/springframework/boot/logging/logback/DefaultLogbackConfiguration$$Lambda+0x0000022494219530
instanceKlass  @bci org/springframework/boot/logging/logback/DefaultLogbackConfiguration <clinit> ()V 45 <appendix> form vmentry <vmtarget> ; # java/lang/invoke/LambdaForm$MH+0x000002249421ec00
# instanceKlass java/lang/invoke/LambdaForm$MH+0x000002249421e800
# instanceKlass java/lang/invoke/LambdaForm$MH+0x000002249421e400
instanceKlass  @bci org/springframework/boot/logging/logback/DefaultLogbackConfiguration <clinit> ()V 45 <appendix> argL4 form vmentry <vmtarget> ; # java/lang/invoke/LambdaForm$MH+0x000002249421e000
# instanceKlass java/lang/invoke/LambdaForm$MH+0x000002249421dc00
# instanceKlass java/lang/invoke/LambdaForm$MH+0x000002249421d800
# instanceKlass java/lang/invoke/LambdaForm$MH+0x000002249421d400
# instanceKlass java/lang/invoke/LambdaForm$MH+0x000002249421d000
instanceKlass  @bci org/springframework/boot/logging/logback/DefaultLogbackConfiguration <clinit> ()V 45 <appendix> argL1 form vmentry <vmtarget> ; # java/lang/invoke/LambdaForm$MH+0x000002249421cc00
# instanceKlass java/lang/invoke/LambdaForm$MH+0x000002249421c800
# instanceKlass java/lang/invoke/LambdaForm$MH+0x000002249421c400
# instanceKlass java/lang/invoke/LambdaForm$MH+0x000002249421c000
instanceKlass  @bci java/util/Collections$UnmodifiableMap$UnmodifiableEntrySet entryConsumer (Ljava/util/function/Consumer;)Ljava/util/function/Consumer; 1 <appendix> member <vmtarget> ; # java/util/Collections$UnmodifiableMap$UnmodifiableEntrySet$$Lambda+0x00000224941c94a0
instanceKlass  @bci org/springframework/boot/logging/logback/ColorConverter getName (Lorg/springframework/boot/ansi/AnsiElement;)Ljava/lang/String; 24 <appendix> argL0 ; # org/springframework/boot/logging/logback/ColorConverter$$Lambda+0x00000224942192f0
instanceKlass  @bci org/springframework/boot/logging/logback/ColorConverter getName (Lorg/springframework/boot/ansi/AnsiElement;)Ljava/lang/String; 14 <appendix> member <vmtarget> ; # org/springframework/boot/logging/logback/ColorConverter$$Lambda+0x0000022494219098
instanceKlass java/util/Collections$UnmodifiableMap$UnmodifiableEntrySet$UnmodifiableEntrySetSpliterator
instanceKlass  @bci org/springframework/boot/logging/logback/ColorConverter <clinit> ()V 25 <appendix> member <vmtarget> ; # org/springframework/boot/logging/logback/ColorConverter$$Lambda+0x0000022494218e60
instanceKlass  @bci org/springframework/boot/logging/logback/ColorConverter <clinit> ()V 14 <appendix> argL0 ; # org/springframework/boot/logging/logback/ColorConverter$$Lambda+0x0000022494218c10
instanceKlass ch/qos/logback/core/rolling/RollingPolicy
instanceKlass org/springframework/boot/logging/logback/DefaultLogbackConfiguration
instanceKlass  @bci org/springframework/boot/logging/logback/LogbackLoggingSystem lambda$loadDefaults$0 (Lch/qos/logback/classic/LoggerContext;Lorg/springframework/boot/logging/LoggingInitializationContext;Lorg/springframework/boot/logging/LogFile;)V 59 <appendix> member <vmtarget> ; # org/springframework/boot/logging/logback/LogbackLoggingSystem$$Lambda+0x0000022494215000
instanceKlass  @cpi org/springframework/boot/logging/logback/LogbackLoggingSystem 826 form vmentry <vmtarget> ; # java/lang/invoke/LambdaForm$DMH+0x0000022494214800
instanceKlass  @bci org/springframework/boot/logging/logback/SystemStatusListener retrospectivePrint ()V 45 <appendix> member <vmtarget> ; # org/springframework/boot/logging/logback/SystemStatusListener$$Lambda+0x0000022494217cc0
instanceKlass  @bci org/springframework/boot/logging/logback/SystemStatusListener retrospectivePrint ()V 34 <appendix> member <vmtarget> ; # org/springframework/boot/logging/logback/SystemStatusListener$$Lambda+0x0000022494217a70
instanceKlass  @cpi org/springframework/boot/logging/logback/SystemStatusListener 142 form vmentry <vmtarget> ; # java/lang/invoke/LambdaForm$DMH+0x0000022494214400
instanceKlass  @bci org/springframework/boot/logging/logback/LogbackLoggingSystem loadDefaults (Lorg/springframework/boot/logging/LoggingInitializationContext;Lorg/springframework/boot/logging/LogFile;)V 15 <appendix> member <vmtarget> ; # org/springframework/boot/logging/logback/LogbackLoggingSystem$$Lambda+0x0000022494216e10
instanceKlass java/util/concurrent/Executors$DefaultThreadFactory
instanceKlass ch/qos/logback/core/util/ExecutorServiceUtil$1
instanceKlass ch/qos/logback/core/util/ExecutorServiceUtil
instanceKlass ch/qos/logback/core/LifeCycleManager
instanceKlass  @bci org/springframework/boot/logging/logback/LogbackLoggingSystem putInitializationContextObjects (Lch/qos/logback/classic/LoggerContext;Lorg/springframework/boot/logging/LoggingInitializationContext;)V 3 <appendix> member <vmtarget> ; # org/springframework/boot/logging/logback/LogbackLoggingSystem$$Lambda+0x0000022494216218
instanceKlass org/springframework/boot/logging/LoggingInitializationContext
instanceKlass org/springframework/boot/logging/LoggerGroup
instanceKlass  @bci org/springframework/boot/logging/LoggerGroups putAll (Ljava/util/Map;)V 2 <appendix> member <vmtarget> ; # org/springframework/boot/logging/LoggerGroups$$Lambda+0x0000022494213b18
instanceKlass org/springframework/boot/logging/LoggerGroups
instanceKlass org/springframework/boot/logging/LogFile
instanceKlass  @bci org/springframework/boot/logging/LoggingSystemProperties apply (Lorg/springframework/boot/logging/LogFile;Lorg/springframework/core/env/PropertyResolver;)V 83 <appendix> member <vmtarget> ; # org/springframework/boot/logging/LoggingSystemProperties$$Lambda+0x0000022494213028
instanceKlass  @bci org/springframework/boot/logging/LoggingSystemProperties apply (Lorg/springframework/boot/logging/LogFile;Lorg/springframework/core/env/PropertyResolver;)V 69 <appendix> member <vmtarget> ; # org/springframework/boot/logging/LoggingSystemProperties$$Lambda+0x0000022494212de0
instanceKlass  @bci org/springframework/boot/logging/LoggingSystemProperties setSystemProperty (Lorg/springframework/boot/logging/LoggingSystemProperty;Lorg/springframework/core/env/PropertyResolver;Ljava/lang/String;)V 4 <appendix> argL0 ; # org/springframework/boot/logging/LoggingSystemProperties$$Lambda+0x0000022494212ba0
instanceKlass java/io/Console$1
instanceKlass jdk/internal/access/JavaIOAccess
instanceKlass java/io/PrintWriter$1
instanceKlass jdk/internal/access/JavaIOPrintWriterAccess
instanceKlass sun/nio/cs/ArrayEncoder
instanceKlass jdk/internal/io/JdkConsoleImpl
instanceKlass jdk/internal/org/jline/JdkConsoleProviderImpl$LazyDelegatingJdkConsoleImpl
instanceKlass jdk/internal/org/jline/JdkConsoleProviderImpl
instanceKlass jdk/internal/io/JdkConsole
instanceKlass jdk/jshell/execution/impl/ConsoleImpl$ConsoleProviderImpl
instanceKlass java/util/ServiceLoader$LayerLookupIterator
instanceKlass jdk/internal/io/JdkConsoleProvider
instanceKlass java/io/Console$2
instanceKlass java/io/Console
instanceKlass  @bci org/springframework/boot/logging/LoggingSystemProperties setSystemProperty (Lorg/springframework/boot/logging/LoggingSystemProperty;Lorg/springframework/core/env/PropertyResolver;)V 3 <appendix> argL0 ; # org/springframework/boot/logging/LoggingSystemProperties$$Lambda+0x0000022494212230
instanceKlass  @bci org/springframework/boot/logging/AbstractLoggingSystem getDefaultValueResolver (Lorg/springframework/core/env/Environment;)Ljava/util/function/Function; 7 <appendix> member <vmtarget> ; # org/springframework/boot/logging/AbstractLoggingSystem$$Lambda+0x0000022494211ba8
instanceKlass org/jboss/logging/Logger
instanceKlass org/jboss/logging/BasicLogger
instanceKlass  @bci org/springframework/boot/logging/LoggingSystemProperties <clinit> ()V 0 <appendix> argL0 ; # org/springframework/boot/logging/LoggingSystemProperties$$Lambda+0x0000022494210850
instanceKlass  @cpi org/springframework/boot/logging/LoggingSystemProperties 332 form vmentry <vmtarget> ; # java/lang/invoke/LambdaForm$DMH+0x0000022494214000
instanceKlass org/springframework/boot/ansi/AnsiElement
instanceKlass  @bci org/springframework/boot/support/AnsiOutputApplicationListener onApplicationEvent (Lorg/springframework/boot/context/event/ApplicationEnvironmentPreparedEvent;)V 16 <appendix> argL0 ; # org/springframework/boot/support/AnsiOutputApplicationListener$$Lambda+0x000002249420cc78
instanceKlass java/util/stream/Sink$ChainedInt
instanceKlass  @bci org/springframework/boot/convert/LenientObjectToEnumConverterFactory$LenientToEnumConverter getCanonicalName (Ljava/lang/String;)Ljava/lang/String; 37 <appendix> member <vmtarget> ; # org/springframework/boot/convert/LenientObjectToEnumConverterFactory$LenientToEnumConverter$$Lambda+0x000002249420ca40
instanceKlass  @cpi org/springframework/boot/convert/LenientObjectToEnumConverterFactory$LenientToEnumConverter 220 form vmentry <vmtarget> ; # java/lang/invoke/LambdaForm$DMH+0x000002249420c400
instanceKlass  @bci org/springframework/boot/convert/LenientObjectToEnumConverterFactory$LenientToEnumConverter getCanonicalName (Ljava/lang/String;)Ljava/lang/String; 26 <appendix> argL0 ; # org/springframework/boot/convert/LenientObjectToEnumConverterFactory$LenientToEnumConverter$$Lambda+0x000002249420c800
instanceKlass java/util/function/IntUnaryOperator
instanceKlass  @bci org/springframework/boot/convert/LenientObjectToEnumConverterFactory$LenientToEnumConverter getCanonicalName (Ljava/lang/String;)Ljava/lang/String; 16 <appendix> argL0 ; # org/springframework/boot/convert/LenientObjectToEnumConverterFactory$LenientToEnumConverter$$Lambda+0x000002249420dc60
instanceKlass org/springframework/boot/ansi/AnsiOutput
instanceKlass org/springframework/core/convert/support/ConversionUtils
instanceKlass org/springframework/boot/convert/LenientObjectToEnumConverterFactory$LenientToEnumConverter
instanceKlass  @bci org/springframework/boot/convert/LenientObjectToEnumConverterFactory getConverter (Ljava/lang/Class;)Lorg/springframework/core/convert/converter/Converter; 23 <appendix> member <vmtarget> ; # org/springframework/boot/convert/LenientObjectToEnumConverterFactory$$Lambda+0x000002249420fd18
instanceKlass java/lang/Short$ShortCache
instanceKlass java/lang/Byte$ByteCache
instanceKlass org/springframework/beans/BeanUtils
instanceKlass org/springframework/util/AntPathMatcher$PathSeparatorPatternCache
instanceKlass org/springframework/util/AntPathMatcher
instanceKlass  @bci org/springframework/core/io/support/PathMatchingResourcePatternResolver <clinit> ()V 64 <appendix> argL0 ; # org/springframework/core/io/support/PathMatchingResourcePatternResolver$$Lambda+0x000002249420b478
instanceKlass  @bci org/springframework/core/io/support/PathMatchingResourcePatternResolver <clinit> ()V 40 <appendix> argL0 ; # org/springframework/core/io/support/PathMatchingResourcePatternResolver$$Lambda+0x000002249420b238
instanceKlass org/springframework/util/PathMatcher
instanceKlass org/springframework/core/io/support/PathMatchingResourcePatternResolver
instanceKlass org/xml/sax/InputSource
instanceKlass java/util/concurrent/ConcurrentLinkedDeque$AbstractItr
instanceKlass org/springframework/core/convert/support/GenericConversionService$ConverterCacheKey
instanceKlass  @bci org/springframework/boot/context/properties/bind/PropertySourcesPlaceholdersResolver resolvePlaceholders (Ljava/lang/Object;)Ljava/lang/Object; 18 <appendix> member <vmtarget> ; # org/springframework/boot/context/properties/bind/PropertySourcesPlaceholdersResolver$$Lambda+0x0000022494208240
instanceKlass  @cpi org/springframework/boot/context/properties/bind/PropertySourcesPlaceholdersResolver 132 form vmentry <vmtarget> ; # java/lang/invoke/LambdaForm$DMH+0x000002249420c000
instanceKlass org/springframework/boot/context/properties/source/ConfigurationProperty
instanceKlass org/springframework/boot/origin/PropertySourceOrigin
instanceKlass  @bci org/springframework/boot/devtools/env/DevToolsHomePropertiesPostProcessor postProcessEnvironment (Lorg/springframework/core/env/ConfigurableEnvironment;Lorg/springframework/boot/SpringApplication;)V 47 <appendix> member <vmtarget> ; # org/springframework/boot/devtools/env/DevToolsHomePropertiesPostProcessor$$Lambda+0x0000022494207898
instanceKlass  @bci org/springframework/boot/devtools/env/DevToolsHomePropertiesPostProcessor postProcessEnvironment (Lorg/springframework/core/env/ConfigurableEnvironment;Lorg/springframework/boot/SpringApplication;)V 27 <appendix> argL0 ; # org/springframework/boot/devtools/env/DevToolsHomePropertiesPostProcessor$$Lambda+0x0000022494207658
instanceKlass  @bci org/springframework/boot/devtools/env/DevToolsHomePropertiesPostProcessor getHomeDirectory ()Ljava/io/File; 26 <appendix> member <vmtarget> ; # org/springframework/boot/devtools/env/DevToolsHomePropertiesPostProcessor$$Lambda+0x0000022494207430
instanceKlass  @bci org/springframework/boot/devtools/env/DevToolsHomePropertiesPostProcessor getHomeDirectory ()Ljava/io/File; 17 <appendix> member <vmtarget> ; # org/springframework/boot/devtools/env/DevToolsHomePropertiesPostProcessor$$Lambda+0x0000022494207208
instanceKlass  @bci org/springframework/boot/devtools/env/DevToolsHomePropertiesPostProcessor getHomeDirectory ()Ljava/io/File; 8 <appendix> member <vmtarget> ; # org/springframework/boot/devtools/env/DevToolsHomePropertiesPostProcessor$$Lambda+0x0000022494206fe0
instanceKlass  @bci org/springframework/boot/devtools/env/DevToolsHomePropertiesPostProcessor getPropertySources ()Ljava/util/List; 40 <appendix> member <vmtarget> ; # org/springframework/boot/devtools/env/DevToolsHomePropertiesPostProcessor$$Lambda+0x0000022494206d98
instanceKlass  @bci org/springframework/boot/context/config/InvalidConfigDataPropertyException throwIfPropertyFound (Lorg/springframework/boot/context/config/ConfigDataEnvironmentContributor;)V 14 <appendix> member <vmtarget> ; # org/springframework/boot/context/config/InvalidConfigDataPropertyException$$Lambda+0x0000022494206b60
instanceKlass  @bci org/springframework/boot/context/config/ConfigDataEnvironmentContributor hasAnyProfileSpecificChildren (Ljava/util/List;)Z 73 <appendix> argL0 ; # org/springframework/boot/context/config/ConfigDataEnvironmentContributor$$Lambda+0x0000022494206698
instanceKlass  @bci org/springframework/boot/context/config/ConfigDataLocationResolvers resolve (Lorg/springframework/boot/context/config/ConfigDataLocationResolver;Lorg/springframework/boot/context/config/ConfigDataLocationResolverContext;Lorg/springframework/boot/context/config/ConfigDataLocation;Lorg/springframework/boot/context/config/Profiles;)Ljava/util/List; 32 <appendix> member <vmtarget> ; # org/springframework/boot/context/config/ConfigDataLocationResolvers$$Lambda+0x0000022494206470
instanceKlass  @bci org/springframework/boot/context/config/Profiles expandProfiles (Ljava/util/List;)Ljava/util/List; 92 <appendix> member <vmtarget> ; # org/springframework/boot/context/config/Profiles$$Lambda+0x0000022494206238
instanceKlass  @bci org/springframework/boot/context/config/Profiles expandProfiles (Ljava/util/List;)Ljava/util/List; 19 <appendix> member <vmtarget> ; # org/springframework/boot/context/config/Profiles$$Lambda+0x0000022494206000
instanceKlass  @cpi org/springframework/boot/context/config/Profiles 410 form vmentry <vmtarget> ; # java/lang/invoke/LambdaForm$DMH+0x0000022494205c00
instanceKlass  @bci org/springframework/boot/context/config/Profiles getProfiles (Lorg/springframework/core/env/Environment;Lorg/springframework/boot/context/properties/bind/Binder;Lorg/springframework/boot/context/config/ProfilesValidator;Lorg/springframework/boot/context/config/Profiles$Type;)Ljava/util/Collection; 42 <appendix> member <vmtarget> ; # org/springframework/boot/context/config/Profiles$$Lambda+0x0000022494203c78
instanceKlass  @bci org/springframework/boot/context/config/Profiles$Type <clinit> ()V 33 <appendix> argL0 ; # org/springframework/boot/context/config/Profiles$Type$$Lambda+0x0000022494203840
instanceKlass  @bci org/springframework/boot/context/config/Profiles$Type <clinit> ()V 9 <appendix> argL0 ; # org/springframework/boot/context/config/Profiles$Type$$Lambda+0x0000022494203600
instanceKlass  @bci org/springframework/boot/context/config/Profiles <init> (Lorg/springframework/core/env/Environment;Lorg/springframework/boot/context/properties/bind/Binder;Ljava/util/Collection;)V 37 <appendix> argL0 ; # org/springframework/boot/context/config/Profiles$$Lambda+0x0000022494203190
instanceKlass org/springframework/boot/context/properties/bind/MapBinder$EntryBinder
instanceKlass  @bci org/springframework/boot/context/properties/bind/MapBinder bindAggregate (Lorg/springframework/boot/context/properties/source/ConfigurationPropertyName;Lorg/springframework/boot/context/properties/bind/Bindable;Lorg/springframework/boot/context/properties/bind/AggregateElementBinder;)Ljava/lang/Object; 186 <appendix> member <vmtarget> ; # org/springframework/boot/context/properties/bind/MapBinder$$Lambda+0x0000022494202d20
instanceKlass  @bci org/springframework/boot/context/config/ProfilesValidator validate (Ljava/lang/Object;)V 22 <appendix> member <vmtarget> ; # org/springframework/boot/context/config/ProfilesValidator$$Lambda+0x0000022494202ae8
instanceKlass  @bci org/springframework/boot/context/config/Profiles <init> (Lorg/springframework/core/env/Environment;Lorg/springframework/boot/context/properties/bind/Binder;Ljava/util/Collection;)V 17 <appendix> argL0 ; # org/springframework/boot/context/config/Profiles$$Lambda+0x00000224942028c8
instanceKlass  @bci org/springframework/boot/context/config/ConfigDataEnvironment getIncludedProfiles (Lorg/springframework/boot/context/config/ConfigDataEnvironmentContributors;Lorg/springframework/boot/context/config/ConfigDataActivationContext;)Ljava/util/Collection; 117 <appendix> member <vmtarget> ; # org/springframework/boot/context/config/ConfigDataEnvironment$$Lambda+0x0000022494202690
instanceKlass  @bci org/springframework/boot/context/properties/bind/CollectionBinder bindAggregate (Lorg/springframework/boot/context/properties/source/ConfigurationPropertyName;Lorg/springframework/boot/context/properties/bind/Bindable;Lorg/springframework/boot/context/properties/bind/AggregateElementBinder;)Ljava/lang/Object; 38 <appendix> member <vmtarget> ; # org/springframework/boot/context/properties/bind/CollectionBinder$$Lambda+0x0000022494202468
instanceKlass org/springframework/boot/context/config/ProfilesValidator
instanceKlass org/springframework/boot/context/config/Profiles
instanceKlass  @bci org/springframework/boot/context/config/ConfigDataEnvironment withProfiles (Lorg/springframework/boot/context/config/ConfigDataEnvironmentContributors;Lorg/springframework/boot/context/config/ConfigDataActivationContext;)Lorg/springframework/boot/context/config/ConfigDataActivationContext; 14 <appendix> argL0 ; # org/springframework/boot/context/config/ConfigDataEnvironment$$Lambda+0x0000022494201d48
instanceKlass  @bci org/springframework/boot/cloud/CloudPlatform$7 isDetected (Lorg/springframework/core/env/Environment;)Z 15 <appendix> member <vmtarget> ; # org/springframework/boot/cloud/CloudPlatform$7$$Lambda+0x0000022494201af0
instanceKlass  @bci org/springframework/boot/context/config/ConfigDataEnvironmentContributors getBinderSources (Ljava/util/function/Predicate;)Ljava/util/Iterator; 24 <appendix> argL0 ; # org/springframework/boot/context/config/ConfigDataEnvironmentContributors$$Lambda+0x00000224942018b0
instanceKlass  @bci org/springframework/boot/context/config/ConfigDataEnvironmentContributors getBinderSources (Ljava/util/function/Predicate;)Ljava/util/Iterator; 8 <appendix> member <vmtarget> ; # org/springframework/boot/context/config/ConfigDataEnvironmentContributors$$Lambda+0x0000022494201658
instanceKlass  @bci java/util/function/Predicate and (Ljava/util/function/Predicate;)Ljava/util/function/Predicate; 7 <appendix> member <vmtarget> ; # java/util/function/Predicate$$Lambda+0x00000224941c3a48
instanceKlass  @cpi java/util/function/Predicate 72 form vmentry <vmtarget> ; # java/lang/invoke/LambdaForm$DMH+0x0000022494205800
instanceKlass  @bci org/springframework/boot/context/config/ConfigDataEnvironmentContributors lambda$getBinder$0 (Ljava/util/function/Predicate;ZLorg/springframework/boot/context/config/ConfigDataActivationContext;)Ljava/util/Iterator; 4 <appendix> form vmentry <vmtarget> ; # java/lang/invoke/LambdaForm$DMH+0x0000022494205400
instanceKlass  @bci org/springframework/boot/context/config/ConfigDataEnvironmentContributors lambda$getBinder$0 (Ljava/util/function/Predicate;ZLorg/springframework/boot/context/config/ConfigDataActivationContext;)Ljava/util/Iterator; 4 <appendix> member <vmtarget> ; # org/springframework/boot/context/config/ConfigDataEnvironmentContributors$$Lambda+0x0000022494201400
instanceKlass  @cpi org/springframework/boot/context/config/ConfigDataEnvironmentContributors 513 form vmentry <vmtarget> ; # java/lang/invoke/LambdaForm$DMH+0x0000022494205000
instanceKlass org/springframework/boot/context/config/ConfigDataEnvironmentContributors$InactiveSourceChecker
instanceKlass  @bci org/springframework/boot/context/config/ConfigDataEnvironmentContributors getBinder (Lorg/springframework/boot/context/config/ConfigDataActivationContext;Ljava/util/function/Predicate;Ljava/util/Set;)Lorg/springframework/boot/context/properties/bind/Binder; 16 <adapter> ; # java/lang/invoke/LambdaForm$MH+0x0000022494204c00
# instanceKlass java/lang/invoke/LambdaForm$DMH+0x0000022494204800
instanceKlass  @bci org/springframework/boot/context/config/ConfigDataEnvironmentContributors getBinder (Lorg/springframework/boot/context/config/ConfigDataActivationContext;Ljava/util/function/Predicate;Ljava/util/Set;)Lorg/springframework/boot/context/properties/bind/Binder; 16 <appendix> form vmentry <vmtarget> ; # java/lang/invoke/LambdaForm$DMH+0x0000022494204400
instanceKlass  @bci org/springframework/boot/context/config/ConfigDataEnvironmentContributors getBinder (Lorg/springframework/boot/context/config/ConfigDataActivationContext;Ljava/util/function/Predicate;Ljava/util/Set;)Lorg/springframework/boot/context/properties/bind/Binder; 16 <appendix> member <vmtarget> ; # org/springframework/boot/context/config/ConfigDataEnvironmentContributors$$Lambda+0x0000022494200f48
instanceKlass  @cpi org/springframework/boot/context/config/ConfigDataEnvironmentContributors 502 form vmentry <vmtarget> ; # java/lang/invoke/LambdaForm$DMH+0x0000022494204000
instanceKlass org/springframework/boot/context/properties/bind/DefaultValue
instanceKlass org/springframework/boot/context/properties/bind/DataObjectPropertyName
instanceKlass org/springframework/boot/context/properties/bind/ValueObjectBinder$ConstructorParameter
instanceKlass org/springframework/core/SerializableTypeWrapper$MethodInvokeTypeProvider
instanceKlass  @bci java/lang/reflect/Proxy getProxyConstructor (Ljava/lang/Class;Ljava/lang/ClassLoader;[Ljava/lang/Class;)Ljava/lang/reflect/Constructor; 80 <appendix> argL0 ; # java/lang/reflect/Proxy$$Lambda+0x00000224941c3818
instanceKlass org/springframework/core/SerializableTypeWrapper$TypeProxyInvocationHandler
instanceKlass org/springframework/core/SerializableTypeWrapper$MethodParameterTypeProvider
instanceKlass  @bci org/springframework/core/MethodParameter validateIndex (Ljava/lang/reflect/Executable;I)I 21 <appendix> member <vmtarget> ; # org/springframework/core/MethodParameter$$Lambda+0x00000224941bfcf8
instanceKlass org/springframework/core/MethodParameter
instanceKlass org/springframework/boot/context/properties/bind/Name
instanceKlass  @bci org/springframework/boot/context/properties/bind/DefaultBindConstructorProvider$Constructors getConstructors (Ljava/lang/Class;Z)Lorg/springframework/boot/context/properties/bind/DefaultBindConstructorProvider$Constructors; 123 <appendix> member <vmtarget> ; # org/springframework/boot/context/properties/bind/DefaultBindConstructorProvider$Constructors$$Lambda+0x00000224941bf110
instanceKlass org/springframework/boot/context/properties/bind/ConstructorBinding
instanceKlass  @bci org/springframework/boot/context/properties/bind/DefaultBindConstructorProvider$Constructors getCandidateConstructors (Ljava/lang/Class;)[Ljava/lang/reflect/Constructor; 29 <appendix> argL0 ; # org/springframework/boot/context/properties/bind/DefaultBindConstructorProvider$Constructors$$Lambda+0x00000224941beaf8
instanceKlass  @bci org/springframework/boot/context/properties/bind/DefaultBindConstructorProvider$Constructors getCandidateConstructors (Ljava/lang/Class;)[Ljava/lang/reflect/Constructor; 19 <appendix> argL0 ; # org/springframework/boot/context/properties/bind/DefaultBindConstructorProvider$Constructors$$Lambda+0x00000224941be8a8
instanceKlass org/springframework/beans/factory/annotation/Autowired
instanceKlass  @bci org/springframework/boot/context/properties/bind/DefaultBindConstructorProvider$Constructors isAutowiredPresent (Ljava/lang/Class;)Z 17 <appendix> argL0 ; # org/springframework/boot/context/properties/bind/DefaultBindConstructorProvider$Constructors$$Lambda+0x00000224941be458
instanceKlass  @bci org/springframework/boot/context/properties/bind/DefaultBindConstructorProvider$Constructors isAutowiredPresent (Ljava/lang/Class;)Z 7 <appendix> argL0 ; # org/springframework/boot/context/properties/bind/DefaultBindConstructorProvider$Constructors$$Lambda+0x00000224941be218
instanceKlass org/springframework/boot/context/config/ConfigDataProperties$Activate
instanceKlass org/springframework/boot/context/properties/bind/DefaultBindConstructorProvider$Constructors
instanceKlass  @bci org/springframework/boot/context/properties/bind/JavaBeanBinder$Bean$CacheKey hashCode ()I 1 <adapter> ; # java/lang/invoke/LambdaForm$MH+0x00000224941bd800
instanceKlass  @bci org/springframework/boot/context/properties/bind/JavaBeanBinder$Bean$CacheKey hashCode ()I 1 <appendix> form vmentry <vmtarget> ; # java/lang/invoke/LambdaForm$MH+0x00000224941bd400
# instanceKlass java/lang/invoke/LambdaForm$MH+0x00000224941bd000
# instanceKlass java/lang/invoke/LambdaForm$MH+0x00000224941bcc00
instanceKlass  @bci org/springframework/boot/context/properties/bind/JavaBeanBinder$Bean$CacheKey hashCode ()I 1 <appendix> form names 7 function resolvedHandle form vmentry <vmtarget> ; # java/lang/invoke/LambdaForm$DMH+0x00000224941bc800
instanceKlass  @bci org/springframework/boot/context/properties/bind/JavaBeanBinder$Bean$CacheKey hashCode ()I 1 <appendix> argL1 form vmentry <vmtarget> ; # java/lang/invoke/LambdaForm$MH+0x00000224941bc400
instanceKlass  @bci org/springframework/boot/context/properties/bind/JavaBeanBinder$Bean$CacheKey hashCode ()I 1 <appendix> argL2 argL2 form vmentry <vmtarget> ; # java/lang/invoke/LambdaForm$MH+0x00000224941bc000
instanceKlass  @bci java/lang/runtime/ObjectMethods bootstrap (Ljava/lang/invoke/MethodHandles$Lookup;Ljava/lang/String;Ljava/lang/invoke/TypeDescriptor;Ljava/lang/Class;Ljava/lang/String;[Ljava/lang/invoke/MethodHandle;)Ljava/lang/Object; 37 <appendix> argL0 ; # java/lang/runtime/ObjectMethods$$Lambda+0x00000224941c2f98
# instanceKlass java/lang/invoke/LambdaForm$DMH+0x00000224941bbc00
# instanceKlass java/lang/invoke/LambdaForm$DMH+0x00000224941bb800
# instanceKlass java/lang/invoke/LambdaForm$DMH+0x00000224941bb400
# instanceKlass java/lang/invoke/LambdaForm$DMH+0x00000224941bb000
# instanceKlass java/lang/invoke/LambdaForm$DMH+0x00000224941bac00
# instanceKlass java/lang/invoke/LambdaForm$DMH+0x00000224941ba800
# instanceKlass java/lang/invoke/LambdaForm$DMH+0x00000224941ba400
# instanceKlass java/lang/invoke/LambdaForm$DMH+0x00000224941ba000
# instanceKlass java/lang/invoke/LambdaForm$DMH+0x00000224941b9c00
# instanceKlass java/lang/invoke/LambdaForm$DMH+0x00000224941b9800
# instanceKlass java/lang/invoke/LambdaForm$DMH+0x00000224941b9400
instanceKlass  @cpi org/springframework/core/env/AbstractEnvironment 433 form vmentry <vmtarget> ; # java/lang/invoke/LambdaForm$DMH+0x00000224941b9000
instanceKlass java/lang/runtime/ObjectMethods$1
# instanceKlass java/lang/invoke/LambdaForm$MH+0x00000224941b8c00
instanceKlass sun/invoke/util/ValueConversions$WrapperCache
instanceKlass  @bci org/springframework/boot/context/properties/bind/JavaBeanBinder$Bean$CacheKey hashCode ()I 1 <appendix> argL1 argL1 form vmentry <vmtarget> ; # java/lang/invoke/LambdaForm$MH+0x00000224941b8800
# instanceKlass java/lang/invoke/LambdaForm$DMH+0x00000224941b8400
instanceKlass java/lang/runtime/ObjectMethods
instanceKlass org/springframework/boot/context/properties/bind/AbstractBindHandler
instanceKlass org/springframework/boot/context/config/ConfigDataEnvironmentContributorPlaceholdersResolver
instanceKlass  @bci org/springframework/beans/factory/config/YamlProcessor buildFlattenedMap (Ljava/util/Map;Ljava/util/Map;Ljava/lang/String;)V 4 <appendix> member <vmtarget> ; # org/springframework/beans/factory/config/YamlProcessor$$Lambda+0x00000224941b6fd0
instanceKlass  @cpi org/springframework/beans/factory/config/YamlProcessor 467 form vmentry <vmtarget> ; # java/lang/invoke/LambdaForm$DMH+0x00000224941b8000
instanceKlass  @bci java/util/Map$Entry comparingByKey (Ljava/util/Comparator;)Ljava/util/Comparator; 6 <appendix> member <vmtarget> ; # java/util/Map$Entry$$Lambda+0x00000224941c26c8
instanceKlass  @bci org/springframework/core/SortedProperties <clinit> ()V 6 <appendix> argL0 ; # org/springframework/core/SortedProperties$$Lambda+0x00000224941b6d90
instanceKlass org/springframework/core/CollectionFactory
instanceKlass  @bci org/springframework/beans/factory/config/YamlProcessor asMap (Ljava/lang/Object;)Ljava/util/Map; 39 <appendix> member <vmtarget> ; # org/springframework/beans/factory/config/YamlProcessor$$Lambda+0x00000224941b6090
instanceKlass org/springframework/boot/origin/OriginTrackedValue
instanceKlass org/springframework/boot/origin/TextResourceOrigin
instanceKlass org/springframework/boot/origin/TextResourceOrigin$Location
instanceKlass java/util/TreeMap$NavigableSubMap$SubMapIterator
instanceKlass java/util/Collections$ReverseComparator
instanceKlass org/yaml/snakeyaml/parser/ParserImpl$ParseDocumentStart
instanceKlass org/yaml/snakeyaml/nodes/NodeTuple
instanceKlass org/yaml/snakeyaml/events/ImplicitTuple
instanceKlass org/yaml/snakeyaml/parser/ParserImpl$ParseBlockMappingValue
instanceKlass org/yaml/snakeyaml/parser/ParserImpl$ParseBlockMappingKey
instanceKlass org/yaml/snakeyaml/resolver/Resolver$1
instanceKlass org/yaml/snakeyaml/parser/ParserImpl$ParseBlockMappingFirstKey
instanceKlass org/yaml/snakeyaml/parser/ParserImpl$ParseBlockNode
instanceKlass org/yaml/snakeyaml/parser/ParserImpl$ParseDocumentEnd
instanceKlass org/yaml/snakeyaml/scanner/SimpleKey
instanceKlass org/yaml/snakeyaml/scanner/Constant
instanceKlass org/yaml/snakeyaml/parser/ParserImpl$ParseImplicitDocumentStart
instanceKlass org/yaml/snakeyaml/Yaml$YamlIterable
instanceKlass org/yaml/snakeyaml/Yaml$1
instanceKlass org/yaml/snakeyaml/comments/CommentEventsCollector
instanceKlass org/yaml/snakeyaml/parser/ParserImpl$ParseStreamStart
instanceKlass org/yaml/snakeyaml/parser/VersionTagsTuple
instanceKlass org/yaml/snakeyaml/error/Mark
instanceKlass org/yaml/snakeyaml/util/ArrayStack
instanceKlass org/yaml/snakeyaml/tokens/Token
instanceKlass org/yaml/snakeyaml/scanner/ScannerImpl
instanceKlass org/yaml/snakeyaml/reader/StreamReader
instanceKlass org/yaml/snakeyaml/events/Event
instanceKlass org/yaml/snakeyaml/parser/Production
instanceKlass org/yaml/snakeyaml/scanner/Scanner
instanceKlass org/yaml/snakeyaml/parser/ParserImpl
instanceKlass org/yaml/snakeyaml/util/MergeUtils
instanceKlass org/yaml/snakeyaml/composer/Composer
instanceKlass java/beans/Introspector$1
instanceKlass jdk/internal/access/JavaBeansAccess
instanceKlass java/beans/FeatureDescriptor
instanceKlass java/beans/Introspector
instanceKlass org/yaml/snakeyaml/util/PlatformFeatureDetector
instanceKlass org/yaml/snakeyaml/introspector/Property
instanceKlass org/yaml/snakeyaml/introspector/PropertyUtils
instanceKlass org/yaml/snakeyaml/emitter/Emitable
instanceKlass org/yaml/snakeyaml/parser/Parser
instanceKlass org/yaml/snakeyaml/resolver/ResolverTuple
instanceKlass org/yaml/snakeyaml/representer/Representer$RepresentJavaBean
instanceKlass org/yaml/snakeyaml/representer/SafeRepresenter$RepresentEnum
instanceKlass org/yaml/snakeyaml/representer/SafeRepresenter$RepresentDate
instanceKlass org/yaml/snakeyaml/representer/SafeRepresenter$RepresentArray
instanceKlass org/yaml/snakeyaml/representer/SafeRepresenter$RepresentIterator
instanceKlass org/yaml/snakeyaml/representer/SafeRepresenter$RepresentSet
instanceKlass org/yaml/snakeyaml/representer/SafeRepresenter$RepresentMap
instanceKlass org/yaml/snakeyaml/representer/SafeRepresenter$RepresentList
instanceKlass org/yaml/snakeyaml/representer/SafeRepresenter$RepresentNumber
instanceKlass org/yaml/snakeyaml/representer/SafeRepresenter$RepresentPrimitiveArray
instanceKlass org/yaml/snakeyaml/representer/SafeRepresenter$RepresentByteArray
instanceKlass org/yaml/snakeyaml/representer/SafeRepresenter$RepresentUuid
instanceKlass org/yaml/snakeyaml/representer/SafeRepresenter$RepresentBoolean
instanceKlass org/yaml/snakeyaml/representer/SafeRepresenter$RepresentString
instanceKlass org/yaml/snakeyaml/representer/SafeRepresenter$RepresentNull
instanceKlass org/yaml/snakeyaml/representer/Represent
instanceKlass org/yaml/snakeyaml/representer/BaseRepresenter
instanceKlass org/yaml/snakeyaml/serializer/NumberAnchorGenerator
instanceKlass org/yaml/snakeyaml/serializer/AnchorGenerator
instanceKlass org/yaml/snakeyaml/DumperOptions
instanceKlass org/yaml/snakeyaml/constructor/SafeConstructor$ConstructYamlMap
instanceKlass org/yaml/snakeyaml/constructor/SafeConstructor$ConstructYamlSeq
instanceKlass org/yaml/snakeyaml/constructor/SafeConstructor$ConstructYamlSet
instanceKlass org/yaml/snakeyaml/external/com/google/gdata/util/common/base/UnicodeEscaper
instanceKlass org/yaml/snakeyaml/external/com/google/gdata/util/common/base/Escaper
instanceKlass org/yaml/snakeyaml/util/UriEncoder
instanceKlass org/yaml/snakeyaml/nodes/Tag
instanceKlass org/yaml/snakeyaml/internal/Logger
instanceKlass org/yaml/snakeyaml/TypeDescription
instanceKlass org/yaml/snakeyaml/constructor/AbstractConstruct
instanceKlass org/yaml/snakeyaml/constructor/Construct
instanceKlass org/yaml/snakeyaml/nodes/Node
instanceKlass org/yaml/snakeyaml/inspector/UnTrustedTagInspector
instanceKlass org/yaml/snakeyaml/LoaderOptions
instanceKlass  @bci org/springframework/boot/env/OriginTrackedYamlLoader load ()Ljava/util/List; 11 <appendix> member <vmtarget> ; # org/springframework/boot/env/OriginTrackedYamlLoader$$Lambda+0x000002249419b190
instanceKlass org/springframework/beans/factory/config/YamlProcessor$MatchCallback
instanceKlass org/yaml/snakeyaml/resolver/Resolver
instanceKlass org/yaml/snakeyaml/constructor/BaseConstructor
instanceKlass org/yaml/snakeyaml/inspector/TagInspector
instanceKlass org/springframework/beans/factory/config/YamlProcessor
instanceKlass org/springframework/boot/origin/OriginTrackedResource
instanceKlass java/net/URLClassLoader$2
instanceKlass  @bci org/springframework/boot/context/config/ConfigDataEnvironmentContributor withReplacement (Lorg/springframework/boot/context/config/ConfigDataEnvironmentContributor;Lorg/springframework/boot/context/config/ConfigDataEnvironmentContributor;)Lorg/springframework/boot/context/config/ConfigDataEnvironmentContributor; 31 <appendix> member <vmtarget> ; # org/springframework/boot/context/config/ConfigDataEnvironmentContributor$$Lambda+0x000002249419e5a0
instanceKlass  @bci org/springframework/boot/context/config/ConfigDataEnvironmentContributors asContributors (Ljava/util/Map;)Ljava/util/List; 19 <appendix> member <vmtarget> ; # org/springframework/boot/context/config/ConfigDataEnvironmentContributors$$Lambda+0x000002249419e368
instanceKlass  @cpi org/springframework/context/annotation/ConfigurationClassBeanDefinitionReader 766 form vmentry <vmtarget> ; # java/lang/invoke/LambdaForm$DMH+0x0000022494199800
instanceKlass  @bci org/springframework/boot/context/config/ConfigDataEnvironmentContributors withProcessedImports (Lorg/springframework/boot/context/config/ConfigDataImporter;Lorg/springframework/boot/context/config/ConfigDataActivationContext;)Lorg/springframework/boot/context/config/ConfigDataEnvironmentContributors; 201 <appendix> member <vmtarget> ; # org/springframework/boot/context/config/ConfigDataEnvironmentContributors$$Lambda+0x000002249419e140
instanceKlass org/springframework/boot/context/config/ConfigData
instanceKlass  @bci org/springframework/boot/context/config/ConfigDataLoaders load (Lorg/springframework/boot/context/config/ConfigDataLoaderContext;Lorg/springframework/boot/context/config/ConfigDataResource;)Lorg/springframework/boot/context/config/ConfigData; 13 <appendix> member <vmtarget> ; # org/springframework/boot/context/config/ConfigDataLoaders$$Lambda+0x000002249419dd08
instanceKlass  @bci org/springframework/boot/context/config/ConfigDataLoaders getLoader (Lorg/springframework/boot/context/config/ConfigDataLoaderContext;Lorg/springframework/boot/context/config/ConfigDataResource;)Lorg/springframework/boot/context/config/ConfigDataLoader; 127 <appendix> member <vmtarget> ; # org/springframework/boot/context/config/ConfigDataLoaders$$Lambda+0x000002249419dae0
instanceKlass org/springframework/boot/context/config/ConfigDataResolutionResult
instanceKlass  @bci org/springframework/boot/context/config/StandardConfigDataLocationResolver resolvePatternEmptyDirectories (Lorg/springframework/boot/context/config/StandardConfigDataReference;)Ljava/util/Set; 108 <appendix> argL0 ; # org/springframework/boot/context/config/StandardConfigDataLocationResolver$$Lambda+0x000002249419d698
instanceKlass  @bci org/springframework/boot/context/config/StandardConfigDataLocationResolver resolvePatternEmptyDirectories (Lorg/springframework/boot/context/config/StandardConfigDataReference;)Ljava/util/Set; 98 <appendix> member <vmtarget> ; # org/springframework/boot/context/config/StandardConfigDataLocationResolver$$Lambda+0x000002249419d450
instanceKlass  @bci org/springframework/boot/context/config/StandardConfigDataLocationResolver resolvePatternEmptyDirectories (Lorg/springframework/boot/context/config/StandardConfigDataReference;)Ljava/util/Set; 87 <appendix> argL0 ; # org/springframework/boot/context/config/StandardConfigDataLocationResolver$$Lambda+0x000002249419d200
instanceKlass  @bci org/springframework/boot/context/config/LocationResourceLoader validatePattern (Ljava/lang/String;Lorg/springframework/boot/context/config/LocationResourceLoader$ResourceType;)V 93 <appendix> member <vmtarget> ; # org/springframework/boot/context/config/LocationResourceLoader$$Lambda+0x000002249419c870
instanceKlass  @bci org/springframework/boot/context/config/LocationResourceLoader validatePattern (Ljava/lang/String;Lorg/springframework/boot/context/config/LocationResourceLoader$ResourceType;)V 53 <appendix> member <vmtarget> ; # org/springframework/boot/context/config/LocationResourceLoader$$Lambda+0x000002249419c648
instanceKlass  @bci org/springframework/boot/context/config/LocationResourceLoader validatePattern (Ljava/lang/String;Lorg/springframework/boot/context/config/LocationResourceLoader$ResourceType;)V 29 <appendix> member <vmtarget> ; # org/springframework/boot/context/config/LocationResourceLoader$$Lambda+0x000002249419c420
instanceKlass  @bci org/springframework/boot/context/config/LocationResourceLoader validatePattern (Ljava/lang/String;Lorg/springframework/boot/context/config/LocationResourceLoader$ResourceType;)V 6 <appendix> member <vmtarget> ; # org/springframework/boot/context/config/LocationResourceLoader$$Lambda+0x000002249419c1f8
instanceKlass  @bci org/springframework/boot/context/config/LocationResourceLoader validateNonPattern (Ljava/lang/String;)V 14 <appendix> member <vmtarget> ; # org/springframework/boot/context/config/LocationResourceLoader$$Lambda+0x0000022494193a68
instanceKlass  @bci jakarta/el/ExpressionFactory <clinit> ()V 11 <appendix> form vmentry <vmtarget> ; # java/lang/invoke/LambdaForm$MH+0x0000022494199400
# instanceKlass java/lang/invoke/LambdaForm$MH+0x0000022494199000
instanceKlass  @bci jakarta/el/ExpressionFactory <clinit> ()V 11 <appendix> argL3 form vmentry <vmtarget> ; # java/lang/invoke/LambdaForm$MH+0x0000022494198c00
# instanceKlass java/lang/invoke/LambdaForm$MH+0x0000022494198800
# instanceKlass java/lang/invoke/LambdaForm$MH+0x0000022494198400
# instanceKlass java/lang/invoke/LambdaForm$MH+0x0000022494198000
# instanceKlass java/lang/invoke/LambdaForm$MH+0x0000022494191c00
instanceKlass  @bci jakarta/el/ExpressionFactory <clinit> ()V 11 <appendix> argL1 form vmentry <vmtarget> ; # java/lang/invoke/LambdaForm$MH+0x0000022494191800
# instanceKlass java/lang/invoke/LambdaForm$MH+0x0000022494191400
# instanceKlass java/lang/invoke/LambdaForm$MH+0x0000022494191000
# instanceKlass java/lang/invoke/LambdaForm$MH+0x0000022494190c00
instanceKlass org/springframework/boot/context/config/StandardConfigDataReference
instanceKlass  @bci org/springframework/boot/context/config/ConfigDataLocationResolvers resolve (Lorg/springframework/boot/context/config/ConfigDataLocationResolver;Lorg/springframework/boot/context/config/ConfigDataLocationResolverContext;Lorg/springframework/boot/context/config/ConfigDataLocation;Lorg/springframework/boot/context/config/Profiles;)Ljava/util/List; 6 <appendix> member <vmtarget> ; # org/springframework/boot/context/config/ConfigDataLocationResolvers$$Lambda+0x00000224941935f8
instanceKlass org/springframework/boot/context/config/ConfigDataEnvironmentContributors$ContributorDataLoaderContext
instanceKlass org/springframework/boot/context/config/ConfigDataEnvironmentContributors$ContributorConfigDataLocationResolverContext
instanceKlass org/springframework/boot/context/config/ConfigDataEnvironmentContributor$ContributorIterator
instanceKlass  @bci org/springframework/boot/bootstrap/DefaultBootstrapContext register (Ljava/lang/Class;Lorg/springframework/boot/bootstrap/BootstrapRegistry$InstanceSupplier;Z)V 60 <appendix> member <vmtarget> ; # org/springframework/boot/bootstrap/DefaultBootstrapContext$$Lambda+0x0000022494192d00
instanceKlass org/springframework/boot/bootstrap/BootstrapRegistry$InstanceSupplier$1
instanceKlass  @bci org/springframework/boot/bootstrap/BootstrapRegistry$InstanceSupplier from (Ljava/util/function/Supplier;)Lorg/springframework/boot/bootstrap/BootstrapRegistry$InstanceSupplier; 1 <appendix> member <vmtarget> ; # org/springframework/boot/bootstrap/BootstrapRegistry$InstanceSupplier$$Lambda+0x0000022494192428
instanceKlass org/springframework/boot/bootstrap/BootstrapRegistry$InstanceSupplier
instanceKlass  @bci org/springframework/boot/context/config/ConfigDataEnvironment registerBootstrapBinder (Lorg/springframework/boot/context/config/ConfigDataEnvironmentContributors;Lorg/springframework/boot/context/config/ConfigDataActivationContext;[Lorg/springframework/boot/context/config/ConfigDataEnvironmentContributors$BinderOption;)V 9 <appendix> member <vmtarget> ; # org/springframework/boot/context/config/ConfigDataEnvironment$$Lambda+0x0000022494192000
instanceKlass org/springframework/boot/context/config/ConfigDataActivationContext
instanceKlass org/springframework/boot/context/config/ConfigDataImporter
instanceKlass  @bci org/springframework/boot/context/config/ConfigDataEnvironmentContributors <clinit> ()V 0 <appendix> argL0 ; # org/springframework/boot/context/config/ConfigDataEnvironmentContributors$$Lambda+0x00000224941974c8
instanceKlass org/springframework/boot/context/config/ConfigDataLocationResolverContext
instanceKlass org/springframework/boot/context/config/ConfigDataLoaderContext
instanceKlass org/springframework/boot/context/config/ConfigDataEnvironmentContributors
instanceKlass  @bci org/springframework/boot/context/config/ConfigDataProperties <init> (Ljava/util/List;Lorg/springframework/boot/context/config/ConfigDataProperties$Activate;)V 15 <appendix> argL0 ; # org/springframework/boot/context/config/ConfigDataProperties$$Lambda+0x0000022494196c08
instanceKlass org/springframework/boot/context/config/ConfigDataProperties
instanceKlass org/springframework/boot/context/config/ConfigDataEnvironmentContributor
instanceKlass org/springframework/boot/context/config/SystemEnvironmentConfigDataLoader
instanceKlass org/springframework/boot/context/config/ConfigData$Options
instanceKlass org/springframework/boot/context/config/ConfigData$AlwaysPropertySourceOptions
instanceKlass org/springframework/boot/context/config/ConfigData$PropertySourceOptions
instanceKlass org/springframework/boot/context/config/StandardConfigDataLoader
instanceKlass org/springframework/boot/context/config/ConfigDataResource
instanceKlass org/springframework/boot/context/config/ConfigTreeConfigDataLoader
instanceKlass org/springframework/boot/context/config/ConfigDataLoader
instanceKlass  @bci org/springframework/boot/context/config/ConfigDataLoaders <init> (Lorg/springframework/boot/logging/DeferredLogFactory;Lorg/springframework/boot/bootstrap/ConfigurableBootstrapContext;Lorg/springframework/core/io/support/SpringFactoriesLoader;)V 66 <appendix> argL0 ; # org/springframework/boot/context/config/ConfigDataLoaders$$Lambda+0x0000022494194000
instanceKlass org/springframework/boot/context/config/ConfigDataLoaders
instanceKlass org/springframework/boot/context/config/ConfigDataEnvironmentUpdateListener$1
instanceKlass org/springframework/boot/context/config/ConfigDataEnvironmentUpdateListener
instanceKlass  @bci org/springframework/boot/context/config/SystemEnvironmentConfigDataLocationResolver <init> ()V 21 <appendix> argL0 ; # org/springframework/boot/context/config/SystemEnvironmentConfigDataLocationResolver$$Lambda+0x000002249418b578
instanceKlass org/springframework/boot/context/config/SystemEnvironmentConfigDataLocationResolver
instanceKlass  @bci org/springframework/boot/context/config/StandardConfigDataLocationResolver validateConfigName (Ljava/lang/String;)V 15 <appendix> member <vmtarget> ; # org/springframework/boot/context/config/StandardConfigDataLocationResolver$$Lambda+0x000002249418b100
instanceKlass  @bci org/springframework/boot/context/properties/bind/Binder lambda$bindAggregate$0 (Lorg/springframework/boot/context/properties/bind/AggregateBinder;Lorg/springframework/boot/context/properties/bind/BindHandler;Lorg/springframework/boot/context/properties/bind/Binder$Context;Lorg/springframework/boot/context/properties/source/ConfigurationPropertyName;Lorg/springframework/boot/context/properties/bind/Bindable;Lorg/springframework/boot/context/properties/source/ConfigurationPropertySource;)Ljava/lang/Object; 17 <adapter> ; # java/lang/invoke/LambdaForm$MH+0x0000022494190800
# instanceKlass java/lang/invoke/LambdaForm$DMH+0x0000022494190400
instanceKlass  @bci org/springframework/boot/context/properties/bind/Binder lambda$bindAggregate$0 (Lorg/springframework/boot/context/properties/bind/AggregateBinder;Lorg/springframework/boot/context/properties/bind/BindHandler;Lorg/springframework/boot/context/properties/bind/Binder$Context;Lorg/springframework/boot/context/properties/source/ConfigurationPropertyName;Lorg/springframework/boot/context/properties/bind/Bindable;Lorg/springframework/boot/context/properties/source/ConfigurationPropertySource;)Ljava/lang/Object; 17 <appendix> form vmentry <vmtarget> ; # java/lang/invoke/LambdaForm$DMH+0x0000022494190000
instanceKlass  @bci org/springframework/boot/context/properties/bind/Binder lambda$bindAggregate$0 (Lorg/springframework/boot/context/properties/bind/AggregateBinder;Lorg/springframework/boot/context/properties/bind/BindHandler;Lorg/springframework/boot/context/properties/bind/Binder$Context;Lorg/springframework/boot/context/properties/source/ConfigurationPropertyName;Lorg/springframework/boot/context/properties/bind/Bindable;Lorg/springframework/boot/context/properties/source/ConfigurationPropertySource;)Ljava/lang/Object; 17 <appendix> member <vmtarget> ; # org/springframework/boot/context/properties/bind/Binder$$Lambda+0x000002249418aed8
instanceKlass  @cpi org/springframework/boot/context/properties/bind/Binder 729 form vmentry <vmtarget> ; # java/lang/invoke/LambdaForm$DMH+0x0000022494189c00
instanceKlass  @bci java/util/stream/StreamSpliterators$WrappingSpliterator initPartialTraversalState ()V 37 <appendix> member <vmtarget> ; # java/util/stream/StreamSpliterators$WrappingSpliterator$$Lambda+0x00000224940fef50
instanceKlass  @bci java/util/stream/StreamSpliterators$WrappingSpliterator initPartialTraversalState ()V 24 <appendix> member <vmtarget> ; # java/util/stream/StreamSpliterators$WrappingSpliterator$$Lambda+0x00000224940feca0
instanceKlass java/util/stream/StreamSpliterators
instanceKlass java/util/stream/StreamSpliterators$AbstractWrappingSpliterator
instanceKlass  @bci java/util/stream/AbstractPipeline spliterator ()Ljava/util/Spliterator; 103 <appendix> member <vmtarget> ; # java/util/stream/AbstractPipeline$$Lambda+0x00000224940fe340
instanceKlass  @bci org/springframework/boot/context/properties/source/SpringIterableConfigurationPropertySource stream ()Ljava/util/stream/Stream; 9 <appendix> argL0 ; # org/springframework/boot/context/properties/source/SpringIterableConfigurationPropertySource$$Lambda+0x000002249418ac88
instanceKlass org/springframework/boot/context/properties/source/FilteredConfigurationPropertiesSource
instanceKlass  @bci org/springframework/boot/context/properties/bind/IndexedElementsBinder getKnownIndexedChildren (Lorg/springframework/boot/context/properties/source/IterableConfigurationPropertySource;Lorg/springframework/boot/context/properties/source/ConfigurationPropertyName;)Ljava/util/Set; 15 <appendix> member <vmtarget> ; # org/springframework/boot/context/properties/bind/IndexedElementsBinder$$Lambda+0x000002249418a440
instanceKlass  @bci org/springframework/boot/context/properties/bind/ArrayBinder bindAggregate (Lorg/springframework/boot/context/properties/source/ConfigurationPropertyName;Lorg/springframework/boot/context/properties/bind/Bindable;Lorg/springframework/boot/context/properties/bind/AggregateElementBinder;)Ljava/lang/Object; 4 <appendix> argL0 ; # org/springframework/boot/context/properties/bind/ArrayBinder$$Lambda+0x000002249418a220
instanceKlass org/springframework/boot/context/properties/bind/AggregateBinder$AggregateSupplier
instanceKlass  @bci org/springframework/boot/context/properties/bind/Binder bindAggregate (Lorg/springframework/boot/context/properties/source/ConfigurationPropertyName;Lorg/springframework/boot/context/properties/bind/Bindable;Lorg/springframework/boot/context/properties/bind/BindHandler;Lorg/springframework/boot/context/properties/bind/Binder$Context;Lorg/springframework/boot/context/properties/bind/AggregateBinder;)Ljava/lang/Object; 19 <appendix> member <vmtarget> ; # org/springframework/boot/context/properties/bind/Binder$$Lambda+0x000002249418fb38
instanceKlass  @bci org/springframework/boot/context/properties/bind/Binder bindAggregate (Lorg/springframework/boot/context/properties/source/ConfigurationPropertyName;Lorg/springframework/boot/context/properties/bind/Bindable;Lorg/springframework/boot/context/properties/bind/BindHandler;Lorg/springframework/boot/context/properties/bind/Binder$Context;Lorg/springframework/boot/context/properties/bind/AggregateBinder;)Ljava/lang/Object; 6 <appendix> member <vmtarget> ; # org/springframework/boot/context/properties/bind/Binder$$Lambda+0x000002249418f900
instanceKlass org/springframework/boot/context/properties/bind/AggregateElementBinder
# instanceKlass java/lang/invoke/LambdaForm$MH+0x0000022494189800
# instanceKlass java/lang/invoke/LambdaForm$MH+0x0000022494189400
# instanceKlass java/lang/invoke/LambdaForm$MH+0x0000022494189000
instanceKlass org/springframework/boot/context/config/StandardConfigDataLocationResolver
instanceKlass  @bci org/springframework/boot/context/config/LocationResourceLoader <clinit> ()V 18 <appendix> argL0 ; # org/springframework/boot/context/config/LocationResourceLoader$$Lambda+0x000002249418efe8
instanceKlass  @bci java/util/Comparator comparing (Ljava/util/function/Function;)Ljava/util/Comparator; 6 <appendix> member <vmtarget> ; # java/util/Comparator$$Lambda+0x00000224940fe0a0
instanceKlass  @cpi org/springframework/boot/autoconfigure/AutoConfigurationSorter 218 form vmentry <vmtarget> ; # java/lang/invoke/LambdaForm$DMH+0x0000022494188c00
instanceKlass  @bci org/springframework/boot/context/config/LocationResourceLoader <clinit> ()V 7 <appendix> argL0 ; # org/springframework/boot/context/config/LocationResourceLoader$$Lambda+0x000002249418eda8
instanceKlass org/springframework/boot/context/config/LocationResourceLoader
instanceKlass org/springframework/boot/context/config/ConfigTreeConfigDataLocationResolver
instanceKlass org/springframework/boot/context/config/ConfigDataLocationResolver
instanceKlass  @bci org/springframework/boot/context/config/ConfigDataLocationResolvers <init> (Lorg/springframework/boot/logging/DeferredLogFactory;Lorg/springframework/boot/bootstrap/ConfigurableBootstrapContext;Lorg/springframework/boot/context/properties/bind/Binder;Lorg/springframework/core/io/ResourceLoader;Lorg/springframework/core/io/support/SpringFactoriesLoader;)V 77 <appendix> argL0 ; # org/springframework/boot/context/config/ConfigDataLocationResolvers$$Lambda+0x000002249418e510
instanceKlass org/springframework/boot/context/config/ConfigDataLocationResolvers
instanceKlass org/springframework/boot/context/properties/bind/BindResult
instanceKlass  @bci org/springframework/boot/context/properties/source/ConfigurationPropertySourcesCaching$CacheOverrides close ()V 4 <appendix> argL0 ; # org/springframework/boot/context/properties/source/ConfigurationPropertySourcesCaching$CacheOverrides$$Lambda+0x000002249418da50
instanceKlass  @cpi org/springframework/boot/context/properties/source/ConfigurationPropertySourcesCaching$CacheOverrides 63 form vmentry <vmtarget> ; # java/lang/invoke/LambdaForm$DMH+0x0000022494188800
instanceKlass org/springframework/boot/context/properties/bind/JavaBeanBinder$BeanProperties
instanceKlass org/springframework/boot/context/properties/bind/ValueObjectBinder$ValueObject
instanceKlass  @bci org/springframework/boot/context/properties/bind/ValueObjectBinder$Discoverer <clinit> ()V 35 <appendix> argL0 ; # org/springframework/boot/context/properties/bind/ValueObjectBinder$Discoverer$$Lambda+0x000002249418cd28
instanceKlass  @bci org/springframework/boot/context/properties/bind/ValueObjectBinder$Discoverer <clinit> ()V 17 <appendix> argL0 ; # org/springframework/boot/context/properties/bind/ValueObjectBinder$Discoverer$$Lambda+0x000002249418caf8
instanceKlass  @cpi org/springframework/boot/context/properties/bind/ValueObjectBinder$Discoverer 113 form vmentry <vmtarget> ; # java/lang/invoke/LambdaForm$DMH+0x0000022494188400
instanceKlass org/springframework/core/StandardReflectionParameterNameDiscoverer
instanceKlass org/springframework/core/PrioritizedParameterNameDiscoverer
instanceKlass org/springframework/boot/context/properties/bind/ValueObjectBinder$Discoverer
instanceKlass org/springframework/core/ParameterNameDiscoverer
instanceKlass  @bci org/springframework/boot/context/properties/bind/Binder lambda$bindDataObject$1 (Lorg/springframework/boot/context/properties/bind/BindMethod;Lorg/springframework/boot/context/properties/source/ConfigurationPropertyName;Lorg/springframework/boot/context/properties/bind/Bindable;Lorg/springframework/boot/context/properties/bind/Binder$Context;Lorg/springframework/boot/context/properties/bind/DataObjectPropertyBinder;)Ljava/lang/Object; 8 <appendix> member <vmtarget> ; # org/springframework/boot/context/properties/bind/Binder$$Lambda+0x0000022494187bc8
instanceKlass  @bci org/springframework/boot/context/properties/bind/Binder bindDataObject (Lorg/springframework/boot/context/properties/source/ConfigurationPropertyName;Lorg/springframework/boot/context/properties/bind/Bindable;Lorg/springframework/boot/context/properties/bind/BindHandler;Lorg/springframework/boot/context/properties/bind/Binder$Context;Z)Ljava/lang/Object; 68 <appendix> form vmentry <vmtarget> ; # java/lang/invoke/LambdaForm$DMH+0x0000022494188000
instanceKlass  @bci org/springframework/boot/context/properties/bind/Binder bindDataObject (Lorg/springframework/boot/context/properties/source/ConfigurationPropertyName;Lorg/springframework/boot/context/properties/bind/Bindable;Lorg/springframework/boot/context/properties/bind/BindHandler;Lorg/springframework/boot/context/properties/bind/Binder$Context;Z)Ljava/lang/Object; 68 <appendix> member <vmtarget> ; # org/springframework/boot/context/properties/bind/Binder$$Lambda+0x00000224941879a0
instanceKlass  @bci org/springframework/boot/context/properties/bind/Binder bindDataObject (Lorg/springframework/boot/context/properties/source/ConfigurationPropertyName;Lorg/springframework/boot/context/properties/bind/Bindable;Lorg/springframework/boot/context/properties/bind/BindHandler;Lorg/springframework/boot/context/properties/bind/Binder$Context;Z)Ljava/lang/Object; 52 <appendix> member <vmtarget> ; # org/springframework/boot/context/properties/bind/Binder$$Lambda+0x0000022494187778
instanceKlass org/springframework/boot/context/properties/bind/DataObjectPropertyBinder
instanceKlass  @bci org/springframework/boot/context/properties/source/ConfigurationPropertyName asSystemEnvironmentLegacyName ()Lorg/springframework/boot/context/properties/source/ConfigurationPropertyName; 13 <appendix> member <vmtarget> ; # org/springframework/boot/context/properties/source/ConfigurationPropertyName$$Lambda+0x0000022494187350
instanceKlass  @bci org/springframework/boot/context/properties/source/ConfigurationPropertySourcesCaching override ()Lorg/springframework/boot/context/properties/source/ConfigurationPropertyCaching$CacheOverride; 16 <appendix> member <vmtarget> ; # org/springframework/boot/context/properties/source/ConfigurationPropertySourcesCaching$$Lambda+0x0000022494186a98
instanceKlass org/springframework/boot/context/properties/source/ConfigurationPropertySourcesCaching$CacheOverrides
instanceKlass org/springframework/boot/context/properties/bind/Binder$Context
instanceKlass org/springframework/boot/context/properties/bind/JavaBeanBinder
instanceKlass org/springframework/boot/context/properties/bind/ValueObjectBinder
instanceKlass org/springframework/boot/context/properties/bind/DataObjectBinder
instanceKlass org/springframework/boot/context/properties/bind/DefaultBindConstructorProvider
instanceKlass org/springframework/boot/context/properties/bind/BindConstructorProvider
instanceKlass org/springframework/boot/context/properties/bind/BindHandler$1
instanceKlass org/springframework/beans/TypeConverterDelegate
instanceKlass org/springframework/beans/PropertyEditorRegistrySupport
instanceKlass org/springframework/beans/PropertyEditorRegistry
instanceKlass org/springframework/beans/TypeConverter
instanceKlass java/beans/PropertyEditorSupport
instanceKlass java/beans/PropertyEditor
instanceKlass org/springframework/boot/context/properties/bind/BindConverter$TypeConverterConverter
instanceKlass org/springframework/boot/context/properties/bind/BindConverter
instanceKlass org/springframework/boot/context/properties/source/ConfigurationPropertySourcesCaching
instanceKlass org/springframework/boot/context/properties/bind/PropertySourcesPlaceholdersResolver
instanceKlass org/springframework/boot/context/properties/bind/AggregateBinder
instanceKlass org/springframework/boot/context/properties/bind/BindContext
instanceKlass org/springframework/boot/context/properties/bind/Binder
instanceKlass org/springframework/boot/context/config/ConfigDataLocation
instanceKlass org/springframework/boot/context/properties/bind/BindHandler
instanceKlass org/springframework/boot/context/properties/bind/PlaceholdersResolver
instanceKlass org/springframework/boot/origin/OriginProvider
instanceKlass org/springframework/boot/context/config/ConfigDataEnvironment
instanceKlass org/springframework/core/io/WritableResource
instanceKlass  @bci org/springframework/boot/support/SpringApplicationJsonEnvironmentPostProcessor postProcessEnvironment (Lorg/springframework/core/env/ConfigurableEnvironment;Lorg/springframework/boot/SpringApplication;)V 38 <appendix> member <vmtarget> ; # org/springframework/boot/support/SpringApplicationJsonEnvironmentPostProcessor$$Lambda+0x000002249417f610
instanceKlass  @bci org/springframework/boot/support/SpringApplicationJsonEnvironmentPostProcessor postProcessEnvironment (Lorg/springframework/core/env/ConfigurableEnvironment;Lorg/springframework/boot/SpringApplication;)V 21 <appendix> argL0 ; # org/springframework/boot/support/SpringApplicationJsonEnvironmentPostProcessor$$Lambda+0x000002249417f3c0
instanceKlass  @bci org/springframework/boot/support/SpringApplicationJsonEnvironmentPostProcessor postProcessEnvironment (Lorg/springframework/core/env/ConfigurableEnvironment;Lorg/springframework/boot/SpringApplication;)V 11 <appendix> argL0 ; # org/springframework/boot/support/SpringApplicationJsonEnvironmentPostProcessor$$Lambda+0x000002249417f180
instanceKlass org/springframework/boot/support/SpringApplicationJsonEnvironmentPostProcessor$JsonPropertyValue
instanceKlass java/util/stream/Sink$OfInt
instanceKlass java/util/function/IntConsumer
instanceKlass  @bci java/util/stream/MatchOps makeInt (Ljava/util/function/IntPredicate;Ljava/util/stream/MatchOps$MatchKind;)Ljava/util/stream/TerminalOp; 20 <appendix> member <vmtarget> ; # java/util/stream/MatchOps$$Lambda+0x00000224940fd468
instanceKlass  @bci org/springframework/boot/context/properties/source/SystemEnvironmentPropertyMapper isNumber (Ljava/lang/String;)Z 4 <appendix> argL0 ; # org/springframework/boot/context/properties/source/SystemEnvironmentPropertyMapper$$Lambda+0x000002249417ed10
instanceKlass java/util/function/IntPredicate
instanceKlass java/lang/StringLatin1$CharsSpliterator
instanceKlass  @bci org/springframework/boot/context/properties/source/SystemEnvironmentPropertyMapper convertName (Ljava/lang/String;)Lorg/springframework/boot/context/properties/source/ConfigurationPropertyName; 4 <appendix> member <vmtarget> ; # org/springframework/boot/context/properties/source/SystemEnvironmentPropertyMapper$$Lambda+0x000002249417eac8
instanceKlass  @bci org/springframework/boot/context/properties/source/ConfigurationPropertyName buildToString (Lorg/springframework/boot/context/properties/source/ConfigurationPropertyName$ToStringFormat;)Ljava/lang/String; 66 <appendix> member <vmtarget> ; # org/springframework/boot/context/properties/source/ConfigurationPropertyName$$Lambda+0x000002249417e8a0
instanceKlass  @bci org/springframework/boot/context/properties/source/ConfigurationPropertyName convertToUniformElement (Ljava/lang/CharSequence;)Ljava/lang/CharSequence; 3 <appendix> argL0 ; # org/springframework/boot/context/properties/source/ConfigurationPropertyName$$Lambda+0x000002249417e680
instanceKlass org/springframework/boot/context/properties/source/ConfigurationPropertyName$ElementCharPredicate
instanceKlass  @bci org/springframework/boot/context/properties/source/ConfigurationPropertyName buildToString (Lorg/springframework/boot/context/properties/source/ConfigurationPropertyName$ToStringFormat;)Ljava/lang/String; 51 <appendix> member <vmtarget> ; # org/springframework/boot/context/properties/source/ConfigurationPropertyName$$Lambda+0x000002249417e258
instanceKlass  @bci java/util/function/BiPredicate or (Ljava/util/function/BiPredicate;)Ljava/util/function/BiPredicate; 7 <appendix> member <vmtarget> ; # java/util/function/BiPredicate$$Lambda+0x00000224940fbe68
instanceKlass  @cpi java/util/function/BiPredicate 60 form vmentry <vmtarget> ; # java/lang/invoke/LambdaForm$DMH+0x000002249417c800
instanceKlass  @bci org/springframework/boot/context/properties/source/SystemEnvironmentPropertyMapper getAncestorOfCheck ()Ljava/util/function/BiPredicate; 1 <appendix> member <vmtarget> ; # org/springframework/boot/context/properties/source/SystemEnvironmentPropertyMapper$$Lambda+0x000002249417e000
instanceKlass  @cpi org/springframework/data/repository/config/DefaultImplementationLookupConfiguration 208 form vmentry <vmtarget> ; # java/lang/invoke/LambdaForm$DMH+0x000002249417c400
instanceKlass  @bci org/springframework/boot/context/properties/source/SpringIterableConfigurationPropertySource$Cache add (Ljava/util/Map;Ljava/lang/Object;Ljava/lang/Object;)V 2 <appendix> argL0 ; # org/springframework/boot/context/properties/source/SpringIterableConfigurationPropertySource$Cache$$Lambda+0x000002249417b608
instanceKlass  @bci org/springframework/core/env/PropertiesPropertySource getPropertyNames ()[Ljava/lang/String; 37 <appendix> argL0 ; # org/springframework/core/env/PropertiesPropertySource$$Lambda+0x000002249417b3e8
instanceKlass  @bci org/springframework/core/env/PropertiesPropertySource getPropertyNames ()[Ljava/lang/String; 27 <appendix> argL0 ; # org/springframework/core/env/PropertiesPropertySource$$Lambda+0x000002249417b198
instanceKlass  @bci org/springframework/boot/context/properties/source/SpringIterableConfigurationPropertySource getCache ()Lorg/springframework/boot/context/properties/source/SpringIterableConfigurationPropertySource$Cache; 11 <appendix> member <vmtarget> ; # org/springframework/boot/context/properties/source/SpringIterableConfigurationPropertySource$$Lambda+0x000002249417ad40
instanceKlass  @bci org/springframework/boot/context/properties/source/SpringIterableConfigurationPropertySource getCache ()Lorg/springframework/boot/context/properties/source/SpringIterableConfigurationPropertySource$Cache; 5 <appendix> member <vmtarget> ; # org/springframework/boot/context/properties/source/SpringIterableConfigurationPropertySource$$Lambda+0x000002249417ab18
instanceKlass org/springframework/boot/context/properties/source/SpringIterableConfigurationPropertySource$Cache
instanceKlass org/springframework/boot/context/properties/source/DefaultPropertyMapper$LastMapping
instanceKlass  @bci org/springframework/boot/context/properties/source/SoftReferenceConfigurationPropertyCache <clinit> ()V 6 <appendix> argL0 ; # org/springframework/boot/context/properties/source/SoftReferenceConfigurationPropertyCache$$Lambda+0x000002249417a488
instanceKlass  @cpi org/springframework/boot/context/properties/source/SoftReferenceConfigurationPropertyCache 148 form vmentry <vmtarget> ; # java/lang/invoke/LambdaForm$DMH+0x000002249417c000
instanceKlass org/springframework/boot/context/properties/source/ConfigurationPropertyCaching$CacheOverride
instanceKlass org/springframework/boot/context/properties/source/SoftReferenceConfigurationPropertyCache
instanceKlass org/springframework/boot/context/properties/source/ConfigurationPropertyCaching
instanceKlass org/springframework/boot/context/properties/source/SystemEnvironmentPropertyMapper
instanceKlass  @bci org/springframework/boot/context/properties/source/PropertyMapper <clinit> ()V 0 <appendix> argL0 ; # org/springframework/boot/context/properties/source/PropertyMapper$$Lambda+0x0000022494179968
instanceKlass org/springframework/boot/context/properties/source/DefaultPropertyMapper
instanceKlass org/springframework/boot/context/properties/source/PropertyMapper
instanceKlass org/springframework/boot/context/properties/source/CachingConfigurationPropertySource
instanceKlass org/springframework/boot/context/properties/source/IterableConfigurationPropertySource
instanceKlass org/springframework/boot/context/properties/source/SpringConfigurationPropertySource
instanceKlass  @bci org/springframework/boot/context/properties/source/SpringConfigurationPropertySources iterator ()Ljava/util/Iterator; 14 <appendix> member <vmtarget> ; # org/springframework/boot/context/properties/source/SpringConfigurationPropertySources$$Lambda+0x00000224941786d0
instanceKlass org/springframework/boot/context/properties/source/SpringConfigurationPropertySources$SourcesIterator
instanceKlass org/springframework/boot/origin/Origin
instanceKlass org/springframework/aot/AotDetector
instanceKlass  @bci java/util/stream/Collectors toCollection (Ljava/util/function/Supplier;)Ljava/util/stream/Collector; 10 <appendix> argL0 ; # java/util/stream/Collectors$$Lambda+0x00000224940fbc20
instanceKlass  @bci java/util/stream/Collectors toCollection (Ljava/util/function/Supplier;)Ljava/util/stream/Collector; 5 <appendix> argL0 ; # java/util/stream/Collectors$$Lambda+0x00000224940fb9f0
instanceKlass  @bci org/springframework/boot/support/SpringFactoriesEnvironmentPostProcessorsFactory getEnvironmentPostProcessors (Lorg/springframework/boot/logging/DeferredLogFactory;Lorg/springframework/boot/bootstrap/ConfigurableBootstrapContext;)Ljava/util/List; 99 <appendix> argL0 ; # org/springframework/boot/support/SpringFactoriesEnvironmentPostProcessorsFactory$$Lambda+0x0000022494176ff8
instanceKlass  @bci org/springframework/boot/support/SpringFactoriesEnvironmentPostProcessorsFactory getEnvironmentPostProcessors (Lorg/springframework/boot/logging/DeferredLogFactory;Lorg/springframework/boot/bootstrap/ConfigurableBootstrapContext;)Ljava/util/List; 89 <appendix> argL0 ; # org/springframework/boot/support/SpringFactoriesEnvironmentPostProcessorsFactory$$Lambda+0x0000022494176db8
instanceKlass org/springframework/boot/env/EnvironmentPostProcessor
instanceKlass org/springframework/boot/support/SystemEnvironmentPropertySourceEnvironmentPostProcessor
instanceKlass org/springframework/boot/support/SpringApplicationJsonEnvironmentPostProcessor
instanceKlass org/springframework/boot/support/RandomValuePropertySourceEnvironmentPostProcessor
instanceKlass org/springframework/boot/context/config/ConfigDataEnvironmentPostProcessor
instanceKlass  @bci org/springframework/boot/logging/DeferredLogs getLog (Ljava/lang/Class;)Lorg/apache/commons/logging/Log; 2 <appendix> member <vmtarget> ; # org/springframework/boot/logging/DeferredLogs$$Lambda+0x0000022494173758
instanceKlass org/springframework/boot/cloud/CloudFoundryVcapEnvironmentPostProcessor
instanceKlass org/springframework/boot/devtools/env/DevToolsPropertyDefaultsPostProcessor
instanceKlass org/springframework/boot/env/YamlPropertySourceLoader
instanceKlass org/yaml/snakeyaml/Yaml
instanceKlass org/springframework/boot/env/PropertiesPropertySourceLoader
instanceKlass org/springframework/boot/env/PropertySourceLoader
instanceKlass org/springframework/boot/devtools/env/DevToolsHomePropertiesPostProcessor
instanceKlass org/springframework/boot/EnvironmentPostProcessor
instanceKlass org/springframework/boot/support/SpringFactoriesEnvironmentPostProcessorsFactory
instanceKlass  @bci org/springframework/boot/SpringApplicationRunListeners environmentPrepared (Lorg/springframework/boot/bootstrap/ConfigurableBootstrapContext;Lorg/springframework/core/env/ConfigurableEnvironment;)V 5 <appendix> member <vmtarget> ; # org/springframework/boot/SpringApplicationRunListeners$$Lambda+0x00000224941720e0
instanceKlass org/springframework/boot/context/properties/source/ConfigurationPropertySource
instanceKlass org/springframework/boot/context/properties/source/SpringConfigurationPropertySources
instanceKlass  @bci java/lang/ProcessHandleImpl lambda$static$1 ()Ljava/util/concurrent/Executor; 45 <appendix> form vmentry <vmtarget> ; # java/lang/invoke/LambdaForm$DMH+0x0000022494174800
instanceKlass  @bci java/lang/ProcessHandleImpl lambda$static$1 ()Ljava/util/concurrent/Executor; 45 <appendix> member <vmtarget> ; # java/lang/ProcessHandleImpl$$Lambda+0x00000224940fb7d0
instanceKlass  @cpi java/lang/ProcessHandleImpl 436 form vmentry <vmtarget> ; # java/lang/invoke/LambdaForm$DMH+0x0000022494174400
# instanceKlass java/lang/invoke/LambdaForm$DMH+0x0000022494174000
instanceKlass  @bci java/lang/ProcessHandleImpl <clinit> ()V 32 <appendix> argL0 ; # java/lang/ProcessHandleImpl$$Lambda+0x00000224940fb5b0
instanceKlass java/lang/ProcessHandleImpl
instanceKlass java/lang/ProcessHandle
instanceKlass org/springframework/boot/system/ApplicationPid
instanceKlass org/springframework/boot/convert/CharSequenceToObjectConverter
instanceKlass org/springframework/boot/convert/LenientObjectToEnumConverterFactory
instanceKlass sun/reflect/generics/tree/ByteSignature
instanceKlass org/springframework/boot/convert/InputStreamSourceToByteArrayConverter
instanceKlass org/springframework/boot/convert/StringToFileConverter
instanceKlass org/springframework/boot/convert/NumberToDataSizeConverter
instanceKlass org/springframework/util/unit/DataSize
instanceKlass org/springframework/boot/convert/StringToDataSizeConverter
instanceKlass org/springframework/boot/convert/NumberToPeriodConverter
instanceKlass org/springframework/boot/convert/PeriodToStringConverter
instanceKlass org/springframework/boot/convert/StringToPeriodConverter
instanceKlass org/springframework/boot/convert/DurationToNumberConverter
instanceKlass org/springframework/boot/convert/NumberToDurationConverter
instanceKlass org/springframework/boot/convert/DurationToStringConverter
instanceKlass org/springframework/boot/convert/StringToDurationConverter
instanceKlass org/springframework/boot/convert/DelimitedStringToCollectionConverter
instanceKlass org/springframework/boot/convert/DelimitedStringToArrayConverter
instanceKlass org/springframework/boot/convert/CollectionToDelimitedStringConverter
instanceKlass org/springframework/boot/convert/ArrayToDelimitedStringConverter
instanceKlass org/springframework/boot/convert/IsoOffsetFormatter
instanceKlass org/springframework/boot/convert/InetAddressFormatter
instanceKlass  @bci org/springframework/format/support/FormattingConversionService getFieldType (Ljava/lang/Object;Ljava/lang/Class;)Ljava/lang/Class; 39 <appendix> member <vmtarget> ; # org/springframework/format/support/FormattingConversionService$$Lambda+0x000002249416e650
instanceKlass sun/reflect/generics/tree/ArrayTypeSignature
instanceKlass sun/reflect/generics/tree/CharSignature
instanceKlass org/springframework/boot/convert/CharArrayFormatter
instanceKlass org/springframework/format/annotation/DurationFormat
instanceKlass org/springframework/format/annotation/DateTimeFormat
instanceKlass org/springframework/format/datetime/standard/MonthDayFormatter
instanceKlass java/time/MonthDay
instanceKlass org/springframework/format/datetime/standard/YearMonthFormatter
instanceKlass java/time/YearMonth
instanceKlass org/springframework/format/datetime/standard/MonthFormatter
instanceKlass org/springframework/format/datetime/standard/YearFormatter
instanceKlass java/time/Year
instanceKlass org/springframework/format/datetime/standard/DurationFormatter
instanceKlass org/springframework/format/datetime/standard/PeriodFormatter
instanceKlass org/springframework/format/datetime/standard/InstantFormatter
instanceKlass java/time/OffsetTime
instanceKlass org/springframework/format/support/FormattingConversionService$ParserConverter
instanceKlass org/springframework/format/support/FormattingConversionService$PrinterConverter
instanceKlass org/springframework/format/datetime/standard/TemporalAccessorParser
instanceKlass org/springframework/format/datetime/standard/TemporalAccessorPrinter
instanceKlass java/time/format/DateTimeFormatterBuilder$LocalizedPrinterParser
instanceKlass org/springframework/format/datetime/standard/DateTimeConverters$InstantToLongConverter
instanceKlass org/springframework/format/datetime/standard/DateTimeConverters$LongToInstantConverter
instanceKlass org/springframework/format/datetime/standard/DateTimeConverters$CalendarToInstantConverter
instanceKlass org/springframework/format/datetime/standard/DateTimeConverters$CalendarToLocalDateTimeConverter
instanceKlass org/springframework/format/datetime/standard/DateTimeConverters$CalendarToLocalTimeConverter
instanceKlass org/springframework/format/datetime/standard/DateTimeConverters$CalendarToLocalDateConverter
instanceKlass org/springframework/format/datetime/standard/DateTimeConverters$CalendarToOffsetDateTimeConverter
instanceKlass org/springframework/format/datetime/standard/DateTimeConverters$CalendarToZonedDateTimeConverter
instanceKlass org/springframework/format/datetime/standard/DateTimeConverters$OffsetDateTimeToInstantConverter
instanceKlass org/springframework/format/datetime/standard/DateTimeConverters$OffsetDateTimeToZonedDateTimeConverter
instanceKlass org/springframework/format/datetime/standard/DateTimeConverters$OffsetDateTimeToLocalDateTimeConverter
instanceKlass org/springframework/format/datetime/standard/DateTimeConverters$OffsetDateTimeToLocalTimeConverter
instanceKlass org/springframework/format/datetime/standard/DateTimeConverters$OffsetDateTimeToLocalDateConverter
instanceKlass org/springframework/format/datetime/standard/DateTimeConverters$ZonedDateTimeToInstantConverter
instanceKlass java/time/OffsetDateTime
instanceKlass org/springframework/format/datetime/standard/DateTimeConverters$ZonedDateTimeToOffsetDateTimeConverter
instanceKlass org/springframework/format/datetime/standard/DateTimeConverters$ZonedDateTimeToLocalDateTimeConverter
instanceKlass org/springframework/format/datetime/standard/DateTimeConverters$ZonedDateTimeToLocalTimeConverter
instanceKlass org/springframework/format/datetime/standard/DateTimeConverters$ZonedDateTimeToLocalDateConverter
instanceKlass org/springframework/format/datetime/standard/DateTimeConverters$LocalDateTimeToLocalTimeConverter
instanceKlass org/springframework/format/datetime/standard/DateTimeConverters$LocalDateTimeToLocalDateConverter
instanceKlass org/springframework/format/datetime/DateFormatterRegistrar$LongToCalendarConverter
instanceKlass org/springframework/format/datetime/DateFormatterRegistrar$LongToDateConverter
instanceKlass org/springframework/format/datetime/DateFormatterRegistrar$CalendarToLongConverter
instanceKlass org/springframework/format/datetime/DateFormatterRegistrar$CalendarToDateConverter
instanceKlass org/springframework/format/datetime/DateFormatterRegistrar$DateToCalendarConverter
instanceKlass org/springframework/format/datetime/DateFormatterRegistrar$DateToLongConverter
instanceKlass org/springframework/format/datetime/DateFormatterRegistrar
instanceKlass org/springframework/format/datetime/standard/DateTimeConverters
instanceKlass org/springframework/format/datetime/standard/DateTimeFormatterFactory
instanceKlass org/springframework/format/datetime/standard/DateTimeFormatterRegistrar
instanceKlass org/springframework/format/FormatterRegistrar
instanceKlass org/springframework/format/support/FormattingConversionService$AnnotationParserConverter
instanceKlass org/springframework/format/support/FormattingConversionService$AnnotationPrinterConverter
instanceKlass org/springframework/util/NumberUtils
instanceKlass  @bci org/springframework/core/GenericTypeResolver getSingleGeneric (Lorg/springframework/core/ResolvableType;)Ljava/lang/Class; 15 <appendix> member <vmtarget> ; # org/springframework/core/GenericTypeResolver$$Lambda+0x0000022494166698
instanceKlass org/springframework/format/annotation/NumberFormat
instanceKlass org/springframework/core/GenericTypeResolver
instanceKlass org/springframework/context/support/EmbeddedValueResolutionSupport
instanceKlass org/springframework/format/AnnotationFormatterFactory
instanceKlass org/springframework/core/convert/support/OptionalToObjectConverter
instanceKlass org/springframework/core/convert/support/ObjectToOptionalConverter
instanceKlass org/springframework/core/convert/support/FallbackObjectToStringConverter
instanceKlass org/springframework/core/convert/support/IdToEntityConverter
instanceKlass org/springframework/core/convert/support/ObjectToObjectConverter
instanceKlass java/time/ZonedDateTime
instanceKlass java/time/chrono/ChronoZonedDateTime
instanceKlass java/util/Calendar
instanceKlass org/springframework/core/convert/support/ZonedDateTimeToCalendarConverter
instanceKlass org/springframework/core/convert/support/ZoneIdToTimeZoneConverter
instanceKlass org/springframework/core/convert/support/StringToTimeZoneConverter
instanceKlass org/springframework/core/convert/support/InstantToDateConverter
instanceKlass org/springframework/core/convert/support/DateToInstantConverter
instanceKlass org/springframework/core/convert/support/ByteBufferConverter
instanceKlass  @bci org/springframework/core/convert/TypeDescriptor <init> (Lorg/springframework/core/ResolvableType;Ljava/lang/Class;[Ljava/lang/annotation/Annotation;)V 27 <appendix> member <vmtarget> ; # org/springframework/core/convert/TypeDescriptor$$Lambda+0x00000224941639e8
instanceKlass org/springframework/core/annotation/AnnotatedElementAdapter
instanceKlass org/springframework/core/convert/TypeDescriptor$AnnotatedElementSupplier
instanceKlass org/springframework/core/convert/TypeDescriptor
instanceKlass org/springframework/core/convert/support/StreamConverter
instanceKlass org/springframework/core/convert/support/ObjectToCollectionConverter
instanceKlass org/springframework/core/convert/support/CollectionToObjectConverter
instanceKlass org/springframework/core/convert/support/StringToCollectionConverter
instanceKlass org/springframework/core/convert/support/ObjectToArrayConverter
instanceKlass org/springframework/core/convert/support/ArrayToObjectConverter
instanceKlass org/springframework/core/convert/support/StringToArrayConverter
instanceKlass org/springframework/core/convert/support/CollectionToStringConverter
instanceKlass org/springframework/core/convert/support/ArrayToStringConverter
instanceKlass org/springframework/core/convert/support/MapToMapConverter
instanceKlass org/springframework/core/convert/support/CollectionToCollectionConverter
instanceKlass org/springframework/core/convert/support/ArrayToArrayConverter
instanceKlass org/springframework/core/convert/support/CollectionToArrayConverter
instanceKlass org/springframework/core/convert/support/ArrayToCollectionConverter
instanceKlass org/springframework/core/convert/support/StringToPatternConverter
instanceKlass java/util/UUID
instanceKlass org/springframework/core/convert/support/StringToUUIDConverter
instanceKlass org/springframework/core/convert/support/PropertiesToStringConverter
instanceKlass org/springframework/core/convert/support/StringToPropertiesConverter
instanceKlass java/util/Currency
instanceKlass org/springframework/core/convert/support/StringToCurrencyConverter
instanceKlass org/springframework/core/convert/support/StringToCharsetConverter
instanceKlass org/springframework/core/convert/support/StringToLocaleConverter
instanceKlass org/springframework/core/convert/support/IntegerToEnumConverterFactory
instanceKlass sun/reflect/generics/tree/Wildcard
instanceKlass sun/reflect/generics/tree/BottomSignature
instanceKlass org/springframework/core/convert/support/AbstractConditionalEnumConverter
instanceKlass org/springframework/core/convert/support/StringToEnumConverterFactory
instanceKlass org/springframework/core/convert/support/StringToBooleanConverter
instanceKlass org/springframework/core/convert/support/CharacterToNumberFactory
instanceKlass org/springframework/core/convert/support/NumberToCharacterConverter
instanceKlass org/springframework/core/convert/support/StringToCharacterConverter
instanceKlass org/springframework/core/convert/support/GenericConversionService$ConverterAdapter
instanceKlass org/springframework/core/convert/support/ObjectToStringConverter
instanceKlass org/springframework/core/convert/support/StringToNumberConverterFactory
instanceKlass java/util/concurrent/ConcurrentLinkedDeque$Node
instanceKlass  @bci org/springframework/core/convert/support/GenericConversionService$Converters getMatchableConverters (Lorg/springframework/core/convert/converter/GenericConverter$ConvertiblePair;)Lorg/springframework/core/convert/support/GenericConversionService$ConvertersForPair; 5 <appendix> argL0 ; # org/springframework/core/convert/support/GenericConversionService$Converters$$Lambda+0x000002249415e418
instanceKlass org/springframework/core/convert/support/GenericConversionService$ConvertersForPair
instanceKlass org/springframework/core/convert/converter/GenericConverter$ConvertiblePair
instanceKlass org/springframework/core/convert/support/GenericConversionService$ConverterFactoryAdapter
instanceKlass org/springframework/core/convert/converter/ConditionalGenericConverter
instanceKlass org/springframework/core/convert/support/NumberToNumberConverterFactory
instanceKlass org/springframework/core/convert/converter/ConditionalConverter
instanceKlass org/springframework/core/convert/support/GenericConversionService$Converters
instanceKlass org/springframework/core/convert/support/GenericConversionService$NoOpConverter
instanceKlass org/springframework/core/convert/converter/ConverterFactory
instanceKlass org/springframework/core/convert/converter/Converter
instanceKlass org/springframework/format/Formatter
instanceKlass org/springframework/format/Parser
instanceKlass org/springframework/format/Printer
instanceKlass org/springframework/core/convert/converter/GenericConverter
instanceKlass org/springframework/core/convert/support/GenericConversionService
instanceKlass org/springframework/context/EmbeddedValueResolverAware
instanceKlass org/springframework/format/FormatterRegistry
instanceKlass javax/naming/spi/NamingManager
instanceKlass  @bci com/sun/naming/internal/VersionHelper getJavaHomeConfStream (Ljava/lang/String;)Ljava/io/InputStream; 1 <appendix> member <vmtarget> ; # com/sun/naming/internal/VersionHelper$$Lambda+0x00000224940f58d0
instanceKlass  @bci com/sun/naming/internal/VersionHelper$InputStreamEnumeration getNextElement ()Ljava/io/InputStream; 1 <appendix> member <vmtarget> ; # com/sun/naming/internal/VersionHelper$InputStreamEnumeration$$Lambda+0x00000224940f56a8
instanceKlass com/sun/naming/internal/VersionHelper$InputStreamEnumeration
instanceKlass javax/naming/NamingEnumeration
instanceKlass  @bci com/sun/naming/internal/VersionHelper getResources (Ljava/lang/ClassLoader;Ljava/lang/String;)Ljavax/naming/NamingEnumeration; 2 <appendix> member <vmtarget> ; # com/sun/naming/internal/VersionHelper$$Lambda+0x00000224940f4fd0
instanceKlass  @bci com/sun/naming/internal/VersionHelper getContextClassLoader ()Ljava/lang/ClassLoader; 0 <appendix> argL0 ; # com/sun/naming/internal/VersionHelper$$Lambda+0x00000224940f4db0
instanceKlass  @bci com/sun/naming/internal/VersionHelper getJndiProperties ()[Ljava/lang/String; 0 <appendix> argL0 ; # com/sun/naming/internal/VersionHelper$$Lambda+0x00000224940f4b90
instanceKlass  @bci com/sun/naming/internal/VersionHelper <clinit> ()V 10 <appendix> argL0 ; # com/sun/naming/internal/VersionHelper$$Lambda+0x00000224940f4970
instanceKlass com/sun/naming/internal/VersionHelper
instanceKlass com/sun/naming/internal/ResourceManager
instanceKlass org/springframework/jndi/JndiAccessor
instanceKlass org/springframework/util/PlaceholderParser
instanceKlass org/springframework/util/PropertyPlaceholderHelper
instanceKlass org/springframework/util/PropertyPlaceholderHelper$PlaceholderResolver
instanceKlass org/springframework/util/SystemPropertyUtils
instanceKlass org/springframework/core/SpringProperties
instanceKlass org/springframework/core/env/AbstractPropertyResolver
instanceKlass org/springframework/boot/origin/OriginLookup
instanceKlass org/springframework/boot/context/properties/source/ConfigurationPropertySources
instanceKlass org/springframework/core/env/MutablePropertySources
instanceKlass javax/naming/InitialContext
instanceKlass javax/naming/Context
instanceKlass org/springframework/core/env/PropertySources
instanceKlass org/springframework/core/env/AbstractEnvironment
instanceKlass org/springframework/web/context/ConfigurableWebEnvironment
instanceKlass org/springframework/boot/web/server/servlet/context/ServletWebServerApplicationContextFactory
instanceKlass org/springframework/boot/web/server/reactive/context/ReactiveWebServerApplicationContextFactory
instanceKlass  @bci org/springframework/boot/DefaultApplicationContextFactory createEnvironment (Lorg/springframework/boot/WebApplicationType;)Lorg/springframework/core/env/ConfigurableEnvironment; 2 <appendix> argL0 ; # org/springframework/boot/DefaultApplicationContextFactory$$Lambda+0x0000022494155688
instanceKlass org/springframework/core/env/CommandLineArgs
instanceKlass org/springframework/core/env/SimpleCommandLineArgsParser
instanceKlass org/springframework/boot/DefaultApplicationArguments
instanceKlass java/util/logging/LogManager$CloseOnReset
instanceKlass  @bci org/springframework/boot/logging/logback/LogbackLoggingSystem getLoggerContext ()Lch/qos/logback/classic/LoggerContext; 11 <appendix> member <vmtarget> ; # org/springframework/boot/logging/logback/LogbackLoggingSystem$$Lambda+0x0000022494154420
instanceKlass org/springframework/boot/logging/AbstractLoggingSystem$LogLevels
instanceKlass org/springframework/boot/logging/LoggerConfigurationComparator
instanceKlass org/springframework/boot/logging/logback/LogbackConfigurator
instanceKlass ch/qos/logback/classic/spi/LoggerContextListener
instanceKlass org/springframework/boot/logging/LoggingSystemProperties
instanceKlass  @bci org/springframework/core/annotation/TypeMappedAnnotation createIfPossible (Lorg/springframework/core/annotation/AnnotationTypeMapping;Ljava/lang/Object;Ljava/lang/annotation/Annotation;ILorg/springframework/core/annotation/IntrospectionFailureLogger;)Lorg/springframework/core/annotation/TypeMappedAnnotation; 3 <appendix> argL0 ; # org/springframework/core/annotation/TypeMappedAnnotation$$Lambda+0x0000022494151ca0
instanceKlass org/springframework/core/annotation/AnnotationUtils
instanceKlass org/springframework/core/annotation/ValueExtractor
instanceKlass  @bci org/springframework/core/annotation/AnnotationTypeMappings <init> (Lorg/springframework/core/annotation/RepeatableContainers;Lorg/springframework/core/annotation/AnnotationFilter;Ljava/lang/Class;Ljava/util/Set;)V 36 <appendix> argL0 ; # org/springframework/core/annotation/AnnotationTypeMappings$$Lambda+0x0000022494151130
instanceKlass  @bci sun/reflect/annotation/AnnotationParser parseEnumArray (ILjava/lang/Class;Ljava/nio/ByteBuffer;Ljdk/internal/reflect/ConstantPool;Ljava/lang/Class;)Ljava/lang/Object; 16 <appendix> member <vmtarget> ; # sun/reflect/annotation/AnnotationParser$$Lambda+0x00000224940f2e90
instanceKlass org/springframework/core/annotation/AliasFor
instanceKlass org/springframework/core/annotation/AnnotationTypeMapping$MirrorSets
instanceKlass org/springframework/core/annotation/AnnotationTypeMapping$MirrorSets$MirrorSet
instanceKlass org/springframework/core/annotation/AnnotationTypeMapping
instanceKlass  @bci org/springframework/core/annotation/AnnotationTypeMappings forAnnotationType (Ljava/lang/Class;Lorg/springframework/core/annotation/RepeatableContainers;Lorg/springframework/core/annotation/AnnotationFilter;Ljava/util/Set;)Lorg/springframework/core/annotation/AnnotationTypeMappings; 12 <appendix> member <vmtarget> ; # org/springframework/core/annotation/AnnotationTypeMappings$$Lambda+0x0000022494150000
instanceKlass org/springframework/core/annotation/AnnotationTypeMappings$Cache
instanceKlass org/springframework/core/annotation/AnnotationTypeMappings
instanceKlass  @bci org/springframework/core/annotation/RepeatableContainers$StandardRepeatableContainers getRepeatedAnnotationsMethod (Ljava/lang/Class;)Ljava/lang/reflect/Method; 4 <appendix> argL0 ; # org/springframework/core/annotation/RepeatableContainers$StandardRepeatableContainers$$Lambda+0x000002249414d800
instanceKlass  @bci org/springframework/core/annotation/AttributeMethods forAnnotationType (Ljava/lang/Class;)Lorg/springframework/core/annotation/AttributeMethods; 12 <appendix> argL0 ; # org/springframework/core/annotation/AttributeMethods$$Lambda+0x000002249414fc40
instanceKlass  @bci org/springframework/core/annotation/AttributeMethods <clinit> ()V 31 <appendix> argL0 ; # org/springframework/core/annotation/AttributeMethods$$Lambda+0x000002249414f9a8
instanceKlass  @cpi org/springframework/beans/factory/support/AutowireUtils 357 form vmentry <vmtarget> ; # java/lang/invoke/LambdaForm$DMH+0x000002249414d400
instanceKlass org/springframework/core/annotation/AttributeMethods
instanceKlass org/springframework/beans/factory/aot/BeanFactoryInitializationAotProcessor
instanceKlass org/springframework/boot/logging/logback/LogbackLoggingSystem$Factory
instanceKlass org/springframework/boot/logging/log4j2/Log4J2LoggingSystem$Factory
instanceKlass org/springframework/boot/logging/java/JavaLoggingSystem$Factory
instanceKlass  @bci org/springframework/boot/logging/LoggingSystemFactory fromSpringFactories ()Lorg/springframework/boot/logging/LoggingSystemFactory; 4 <appendix> argL0 ; # org/springframework/boot/logging/LoggingSystemFactory$$Lambda+0x000002249414b518
instanceKlass org/springframework/boot/logging/DelegatingLoggingSystemFactory
instanceKlass org/springframework/boot/logging/LoggingSystemFactory
instanceKlass org/springframework/boot/logging/LoggingSystem
# instanceKlass java/lang/invoke/LambdaForm$MH+0x000002249414d000
# instanceKlass java/lang/invoke/LambdaForm$MH+0x000002249414cc00
# instanceKlass java/lang/invoke/LambdaForm$MH+0x000002249414c800
instanceKlass com/example/resortbackendapplication1/ResortBackend1Application
instanceKlass  @bci java/io/FilePermissionCollection add (Ljava/security/Permission;)V 68 <appendix> argL0 ; # java/io/FilePermissionCollection$$Lambda+0x00000224940f2a68
instanceKlass java/net/URLClassLoader$1
instanceKlass  @bci org/springframework/boot/devtools/restart/FailureHandler <clinit> ()V 0 <appendix> argL0 ; # org/springframework/boot/devtools/restart/FailureHandler$$Lambda+0x000002249414a490
instanceKlass org/springframework/boot/devtools/restart/FailureHandler
instanceKlass  @bci org/springframework/boot/devtools/restart/Restarter immediateRestart ()V 5 <appendix> member <vmtarget> ; # org/springframework/boot/devtools/restart/Restarter$$Lambda+0x0000022494149e20
instanceKlass org/springframework/asm/ClassVisitor
instanceKlass org/springframework/cglib/core/ClassNameReader
instanceKlass java/util/concurrent/LinkedBlockingDeque$Node
instanceKlass java/lang/Thread$ThreadNumbering
instanceKlass org/springframework/boot/devtools/restart/MainMethod
instanceKlass  @bci org/springframework/boot/devtools/settings/DevToolsSettings add (Ljava/util/Map;)V 50 <appendix> member <vmtarget> ; # org/springframework/boot/devtools/settings/DevToolsSettings$$Lambda+0x0000022494148d10
instanceKlass  @bci org/springframework/boot/devtools/settings/DevToolsSettings getPatterns (Ljava/util/Map;Ljava/lang/String;)Ljava/util/Map; 11 <appendix> member <vmtarget> ; # org/springframework/boot/devtools/settings/DevToolsSettings$$Lambda+0x0000022494148ad8
instanceKlass org/springframework/boot/devtools/settings/DevToolsSettings
instanceKlass java/util/jar/JarVerifier
instanceKlass  @bci org/springframework/boot/devtools/restart/ChangeableUrls urlsFromClassLoader (Ljava/lang/ClassLoader;)[Ljava/net/URL; 44 <appendix> argL0 ; # org/springframework/boot/devtools/restart/ChangeableUrls$$Lambda+0x0000022494148690
instanceKlass  @bci org/springframework/boot/devtools/restart/ChangeableUrls urlsFromClassLoader (Ljava/lang/ClassLoader;)[Ljava/net/URL; 34 <appendix> argL0 ; # org/springframework/boot/devtools/restart/ChangeableUrls$$Lambda+0x0000022494148450
instanceKlass  @bci sun/management/spi/PlatformMBeanProvider$PlatformComponent getMBeans (Ljava/lang/Class;)Ljava/util/List; 63 <appendix> member <vmtarget> ; # sun/management/spi/PlatformMBeanProvider$PlatformComponent$$Lambda+0x00000224940f1b30
instanceKlass  @bci sun/management/spi/PlatformMBeanProvider$PlatformComponent getMBeans (Ljava/lang/Class;)Ljava/util/List; 47 <appendix> member <vmtarget> ; # sun/management/spi/PlatformMBeanProvider$PlatformComponent$$Lambda+0x00000224940f18d8
instanceKlass java/util/stream/ReduceOps$2ReducingSink
instanceKlass  @bci java/lang/management/ManagementFactory$PlatformMBeanFinder findSingleton (Ljava/lang/Class;)Lsun/management/spi/PlatformMBeanProvider$PlatformComponent; 30 <appendix> member <vmtarget> ; # java/lang/management/ManagementFactory$PlatformMBeanFinder$$Lambda+0x00000224940f10e0
instanceKlass  @bci java/lang/management/ManagementFactory$PlatformMBeanFinder findSingleton (Ljava/lang/Class;)Lsun/management/spi/PlatformMBeanProvider$PlatformComponent; 19 <appendix> member <vmtarget> ; # java/lang/management/ManagementFactory$PlatformMBeanFinder$$Lambda+0x00000224940f0e88
instanceKlass org/springframework/boot/devtools/logger/DevToolsLogFactory
instanceKlass org/springframework/boot/devtools/restart/ChangeableUrls
instanceKlass org/springframework/boot/devtools/restart/SilentExitExceptionHandler
instanceKlass org/springframework/boot/logging/DeferredLog$Line
instanceKlass org/springframework/boot/logging/DeferredLog
instanceKlass org/springframework/boot/devtools/restart/classloader/ClassLoaderFiles
instanceKlass org/springframework/core/SmartClassLoader
instanceKlass org/springframework/boot/devtools/restart/classloader/ClassLoaderFileRepository
instanceKlass org/springframework/beans/factory/support/BeanDefinitionRegistry
instanceKlass org/springframework/core/AliasRegistry
instanceKlass org/springframework/core/io/DefaultResourceLoader
instanceKlass java/util/concurrent/BlockingDeque
instanceKlass org/springframework/boot/devtools/restart/Restarter
instanceKlass org/springframework/boot/devtools/restart/AgentReloader
instanceKlass org/springframework/boot/devtools/restart/DefaultRestartInitializer
instanceKlass java/lang/StackTraceElement$HashedModules
instanceKlass org/springframework/context/aot/AbstractAotProcessor
instanceKlass org/springframework/boot/devtools/system/DevToolsEnablementDeducer
instanceKlass org/springframework/aop/SpringProxy
instanceKlass org/springframework/aop/support/AopUtils
instanceKlass org/springframework/context/event/GenericApplicationListenerAdapter
instanceKlass org/springframework/context/event/AbstractApplicationEventMulticaster$CachedListenerRetriever
instanceKlass org/springframework/context/event/AbstractApplicationEventMulticaster$ListenerCacheKey
instanceKlass org/springframework/core/ResolvableTypeProvider
instanceKlass org/springframework/aop/framework/Advised
instanceKlass org/springframework/aop/TargetClassAware
instanceKlass org/springframework/aop/framework/AopProxyUtils
instanceKlass  @bci org/springframework/boot/context/event/EventPublishingRunListener refreshApplicationListeners ()V 16 <appendix> member <vmtarget> ; # org/springframework/boot/context/event/EventPublishingRunListener$$Lambda+0x0000022494145170
instanceKlass  @bci org/springframework/boot/SpringApplicationRunListeners starting (Lorg/springframework/boot/bootstrap/ConfigurableBootstrapContext;Ljava/lang/Class;)V 10 <appendix> member <vmtarget> ; # org/springframework/boot/SpringApplicationRunListeners$$Lambda+0x0000022494144f38
instanceKlass  @bci org/springframework/boot/SpringApplicationRunListeners starting (Lorg/springframework/boot/bootstrap/ConfigurableBootstrapContext;Ljava/lang/Class;)V 4 <appendix> member <vmtarget> ; # org/springframework/boot/SpringApplicationRunListeners$$Lambda+0x0000022494144d00
instanceKlass org/springframework/boot/SpringApplicationRunListeners
# instanceKlass java/lang/invoke/LambdaForm$MH+0x0000022494140800
# instanceKlass java/lang/invoke/LambdaForm$MH+0x0000022494140400
instanceKlass  @bci org/springframework/core/io/support/SpringFactoriesLoader$FactoryInstantiator resolveArgs (Lorg/springframework/core/io/support/SpringFactoriesLoader$ArgumentResolver;)[Ljava/lang/Object; 22 <appendix> member <vmtarget> ; # org/springframework/core/io/support/SpringFactoriesLoader$FactoryInstantiator$$Lambda+0x0000022494144870
instanceKlass org/springframework/util/ErrorHandler
instanceKlass org/springframework/boot/availability/AvailabilityState
instanceKlass org/springframework/boot/context/event/EventPublishingRunListener
instanceKlass org/springframework/boot/SpringApplicationRunListener
instanceKlass  @bci org/springframework/core/io/support/SpringFactoriesLoader$ArgumentResolver and (Lorg/springframework/core/io/support/SpringFactoriesLoader$ArgumentResolver;)Lorg/springframework/core/io/support/SpringFactoriesLoader$ArgumentResolver; 2 <appendix> member <vmtarget> ; # org/springframework/core/io/support/SpringFactoriesLoader$ArgumentResolver$$Lambda+0x000002249413f500
instanceKlass  @cpi org/springframework/core/io/support/SpringFactoriesLoader$ArgumentResolver 103 form vmentry <vmtarget> ; # java/lang/invoke/LambdaForm$DMH+0x0000022494140000
instanceKlass org/springframework/core/io/support/SpringFactoriesLoader$ArgumentResolver$1
instanceKlass  @bci org/springframework/core/io/support/SpringFactoriesLoader$ArgumentResolver ofSupplied (Ljava/lang/Class;Ljava/util/function/Supplier;)Lorg/springframework/core/io/support/SpringFactoriesLoader$ArgumentResolver; 2 <appendix> member <vmtarget> ; # org/springframework/core/io/support/SpringFactoriesLoader$ArgumentResolver$$Lambda+0x000002249413f058
instanceKlass  @bci org/springframework/core/io/support/SpringFactoriesLoader$ArgumentResolver of (Ljava/lang/Class;Ljava/lang/Object;)Lorg/springframework/core/io/support/SpringFactoriesLoader$ArgumentResolver; 2 <appendix> member <vmtarget> ; # org/springframework/core/io/support/SpringFactoriesLoader$ArgumentResolver$$Lambda+0x000002249413ee30
instanceKlass org/springframework/core/io/support/SpringFactoriesLoader$ArgumentResolver
instanceKlass  @bci org/springframework/boot/SpringApplication createBootstrapContext ()Lorg/springframework/boot/bootstrap/DefaultBootstrapContext; 13 <appendix> member <vmtarget> ; # org/springframework/boot/SpringApplication$$Lambda+0x000002249413e9f8
instanceKlass org/springframework/context/event/AbstractApplicationEventMulticaster$DefaultListenerRetriever
instanceKlass org/springframework/context/event/AbstractApplicationEventMulticaster
instanceKlass org/springframework/beans/factory/BeanFactoryAware
instanceKlass org/springframework/beans/factory/BeanClassLoaderAware
instanceKlass org/springframework/context/event/ApplicationEventMulticaster
instanceKlass org/springframework/boot/bootstrap/DefaultBootstrapContext
instanceKlass org/springframework/boot/SpringApplication$Startup
instanceKlass  @bci org/springframework/boot/SpringApplication findMainClass (Ljava/util/stream/Stream;)Ljava/util/Optional; 16 <appendix> argL0 ; # org/springframework/boot/SpringApplication$$Lambda+0x000002249413cb20
instanceKlass  @bci org/springframework/boot/SpringApplication findMainClass (Ljava/util/stream/Stream;)Ljava/util/Optional; 1 <appendix> argL0 ; # org/springframework/boot/SpringApplication$$Lambda+0x000002249413c8d0
instanceKlass  @bci org/springframework/boot/SpringApplication deduceMainApplicationClass ()Ljava/lang/Class; 7 <appendix> member <vmtarget> ; # org/springframework/boot/SpringApplication$$Lambda+0x000002249413c688
instanceKlass org/springframework/core/NativeDetector
instanceKlass java/util/concurrent/CountDownLatch
instanceKlass org/springframework/boot/autoconfigure/preinitialize/BackgroundPreinitializingApplicationListener
instanceKlass org/springframework/boot/logging/DeferredLog$Lines
instanceKlass org/springframework/boot/logging/DeferredLogs
instanceKlass  @bci org/springframework/boot/support/EnvironmentPostProcessorApplicationListener <init> ()V 1 <appendix> argL0 ; # org/springframework/boot/support/EnvironmentPostProcessorApplicationListener$$Lambda+0x000002249413bb20
instanceKlass org/springframework/boot/support/EnvironmentPostProcessorsFactory
instanceKlass org/springframework/boot/logging/DeferredLogFactory
instanceKlass org/springframework/boot/support/EnvironmentPostProcessorApplicationListener
instanceKlass org/springframework/boot/support/AnsiOutputApplicationListener
instanceKlass  @bci org/springframework/util/MultiValueMapAdapter add (Ljava/lang/Object;Ljava/lang/Object;)V 5 <appendix> argL0 ; # org/springframework/util/MultiValueMapAdapter$$Lambda+0x0000022494139690
instanceKlass org/springframework/util/MultiValueMapAdapter
instanceKlass org/springframework/core/ResolvableType$DefaultVariableResolver
instanceKlass org/springframework/core/ResolvableType$TypeVariablesVariableResolver
instanceKlass org/springframework/core/ResolvableType$SyntheticParameterizedType
instanceKlass org/springframework/core/SerializableTypeWrapper$SerializableTypeProxy
instanceKlass java/lang/reflect/WildcardType
instanceKlass org/springframework/core/SerializableTypeWrapper
instanceKlass  @bci org/springframework/core/ResolvableType forClassWithGenerics (Ljava/lang/Class;[Lorg/springframework/core/ResolvableType;)Lorg/springframework/core/ResolvableType; 29 <appendix> member <vmtarget> ; # org/springframework/core/ResolvableType$$Lambda+0x0000022494138000
instanceKlass org/springframework/core/ResolvableType$EmptyType
instanceKlass org/springframework/core/ResolvableType$VariableResolver
instanceKlass org/springframework/core/SerializableTypeWrapper$TypeProvider
instanceKlass org/springframework/core/ResolvableType
instanceKlass org/springframework/boot/context/properties/bind/Bindable
instanceKlass org/springframework/boot/context/properties/source/ConfigurationPropertyName$ElementsParser
instanceKlass org/springframework/boot/context/properties/source/ConfigurationPropertyName$Elements
instanceKlass org/springframework/boot/context/properties/source/ConfigurationPropertyName
instanceKlass org/springframework/boot/context/logging/LoggingApplicationListener
instanceKlass org/springframework/context/event/GenericApplicationListener
instanceKlass org/springframework/context/event/SmartApplicationListener
instanceKlass org/springframework/boot/context/FileEncodingApplicationListener
instanceKlass org/springframework/boot/builder/ParentContextCloserApplicationListener
instanceKlass org/springframework/boot/ClearCachesApplicationListener
instanceKlass org/springframework/boot/devtools/restart/RestartInitializer
instanceKlass org/springframework/boot/devtools/restart/RestartApplicationListener
instanceKlass org/springframework/boot/devtools/logger/DevToolsLogFactory$Listener
instanceKlass org/springframework/core/DecoratingProxy
instanceKlass org/springframework/core/annotation/AbstractMergedAnnotation
instanceKlass java/lang/FunctionalInterface
instanceKlass org/springframework/core/annotation/AnnotationsScanner$1
instanceKlass org/springframework/core/annotation/MergedAnnotationSelectors$FirstDirectlyDeclared
instanceKlass org/springframework/core/annotation/MergedAnnotationSelectors$Nearest
instanceKlass org/springframework/core/annotation/MergedAnnotationSelector
instanceKlass org/springframework/core/annotation/MergedAnnotationSelectors
instanceKlass org/springframework/core/annotation/MergedAnnotation
instanceKlass org/springframework/core/annotation/TypeMappedAnnotations$MergedAnnotationFinder
instanceKlass org/springframework/core/annotation/Order
instanceKlass org/springframework/core/annotation/OrderUtils
instanceKlass org/springframework/core/annotation/AnnotationsScanner
instanceKlass org/springframework/core/annotation/AnnotationsProcessor
instanceKlass org/springframework/core/annotation/TypeMappedAnnotations
instanceKlass  @bci org/springframework/core/annotation/MergedAnnotations$Search <clinit> ()V 8 <appendix> argL0 ; # org/springframework/core/annotation/MergedAnnotations$Search$$Lambda+0x00000224941317c8
instanceKlass  @bci org/springframework/core/annotation/MergedAnnotations$Search <clinit> ()V 0 <appendix> argL0 ; # org/springframework/core/annotation/MergedAnnotations$Search$$Lambda+0x0000022494131578
instanceKlass org/springframework/core/annotation/MergedAnnotations$Search
instanceKlass org/springframework/core/annotation/AnnotationFilter$2
instanceKlass org/springframework/core/annotation/AnnotationFilter$1
instanceKlass org/springframework/core/annotation/PackagesAnnotationFilter
instanceKlass org/springframework/core/annotation/AnnotationFilter
instanceKlass org/springframework/core/annotation/RepeatableContainers
instanceKlass org/springframework/core/annotation/MergedAnnotations
instanceKlass org/springframework/core/PriorityOrdered
instanceKlass org/springframework/boot/web/server/context/ServerPortInfoApplicationContextInitializer
instanceKlass  @bci org/springframework/boot/logging/LogLevel <clinit> ()V 97 <appendix> argL0 ; # org/springframework/boot/logging/LogLevel$$Lambda+0x000002249412d880
instanceKlass  @bci org/springframework/boot/logging/LogLevel <clinit> ()V 79 <appendix> argL0 ; # org/springframework/boot/logging/LogLevel$$Lambda+0x000002249412d660
instanceKlass  @bci org/springframework/boot/logging/LogLevel <clinit> ()V 61 <appendix> argL0 ; # org/springframework/boot/logging/LogLevel$$Lambda+0x000002249412d440
instanceKlass  @bci org/springframework/boot/logging/LogLevel <clinit> ()V 43 <appendix> argL0 ; # org/springframework/boot/logging/LogLevel$$Lambda+0x000002249412d220
instanceKlass  @bci org/springframework/boot/logging/LogLevel <clinit> ()V 25 <appendix> argL0 ; # org/springframework/boot/logging/LogLevel$$Lambda+0x000002249412d000
instanceKlass  @bci org/springframework/boot/logging/LogLevel <clinit> ()V 7 <appendix> argL0 ; # org/springframework/boot/logging/LogLevel$$Lambda+0x000002249412fdb8
instanceKlass  @cpi org/springframework/core/annotation/MergedAnnotationCollectors 269 form vmentry <vmtarget> ; # java/lang/invoke/LambdaForm$DMH+0x000002249412c400
instanceKlass org/springframework/boot/logging/LogLevel$LogMethod
instanceKlass org/springframework/boot/autoconfigure/logging/ConditionEvaluationReportLoggingListener
instanceKlass org/springframework/boot/autoconfigure/SharedMetadataReaderFactoryContextInitializer
instanceKlass org/springframework/beans/factory/aot/BeanRegistrationExcludeFilter
instanceKlass org/springframework/boot/io/ProtocolResolverApplicationContextInitializer
instanceKlass org/springframework/boot/context/ContextIdApplicationContextInitializer
instanceKlass org/springframework/core/Ordered
instanceKlass org/springframework/boot/context/ConfigurationWarningsApplicationContextInitializer
instanceKlass org/springframework/beans/factory/config/Scope
instanceKlass org/springframework/boot/devtools/restart/RestartScopeInitializer
instanceKlass org/springframework/context/ApplicationContextInitializer
instanceKlass org/springframework/util/ObjectUtils
instanceKlass org/springframework/boot/bootstrap/BootstrapRegistryInitializer
instanceKlass org/springframework/web/context/ConfigurableWebApplicationContext
instanceKlass org/springframework/web/context/WebApplicationContext
instanceKlass jakarta/servlet/GenericServlet
instanceKlass jakarta/servlet/ServletConfig
instanceKlass org/springframework/context/EnvironmentAware
instanceKlass org/springframework/context/ApplicationContextAware
instanceKlass org/springframework/beans/factory/Aware
instanceKlass jakarta/servlet/Servlet
instanceKlass  @bci org/springframework/util/ReflectionUtils <clinit> ()V 8 <appendix> argL0 ; # org/springframework/util/ReflectionUtils$$Lambda+0x0000022494129ba0
instanceKlass org/springframework/util/ReflectionUtils$FieldFilter
instanceKlass  @bci org/springframework/util/ReflectionUtils <clinit> ()V 0 <appendix> argL0 ; # org/springframework/util/ReflectionUtils$$Lambda+0x0000022494129770
instanceKlass  @cpi org/springframework/cglib/proxy/Enhancer 1103 form vmentry <vmtarget> ; # java/lang/invoke/LambdaForm$DMH+0x000002249412c000
instanceKlass org/springframework/util/ReflectionUtils$MethodFilter
instanceKlass org/springframework/util/ReflectionUtils
instanceKlass  @bci org/springframework/core/io/support/SpringFactoriesLoader$FactoryInstantiator forClass (Ljava/lang/Class;)Lorg/springframework/core/io/support/SpringFactoriesLoader$FactoryInstantiator; 15 <appendix> member <vmtarget> ; # org/springframework/core/io/support/SpringFactoriesLoader$FactoryInstantiator$$Lambda+0x0000022494129140
instanceKlass org/springframework/core/KotlinDetector
instanceKlass org/springframework/core/io/support/SpringFactoriesLoader$FactoryInstantiator
instanceKlass  @bci org/springframework/core/io/support/SpringFactoriesLoader instantiateFactory (Ljava/lang/String;Ljava/lang/Class;Lorg/springframework/core/io/support/SpringFactoriesLoader$ArgumentResolver;Lorg/springframework/core/io/support/SpringFactoriesLoader$FailureHandler;)Ljava/lang/Object; 18 <appendix> member <vmtarget> ; # org/springframework/core/io/support/SpringFactoriesLoader$$Lambda+0x0000022494128b00
instanceKlass org/springframework/boot/webmvc/WebMvcWebApplicationTypeDeducer
instanceKlass java/util/IdentityHashMap$EntryIterator$Entry
instanceKlass java/util/IdentityHashMap$IdentityHashMapIterator
instanceKlass org/springframework/util/ClassUtils
instanceKlass org/springframework/core/log/LogMessage
instanceKlass org/springframework/boot/WebApplicationType$Deducer
instanceKlass java/util/stream/DistinctOps
instanceKlass  @bci org/springframework/core/io/support/SpringFactoriesLoader loadFactoriesResource (Ljava/lang/ClassLoader;Ljava/lang/String;)Ljava/util/Map; 63 <appendix> argL0 ; # org/springframework/core/io/support/SpringFactoriesLoader$$Lambda+0x0000022494127818
instanceKlass  @bci org/springframework/core/io/support/SpringFactoriesLoader lambda$loadFactoriesResource$0 (Ljava/util/Map;Ljava/lang/Object;Ljava/lang/Object;)V 53 <appendix> member <vmtarget> ; # org/springframework/core/io/support/SpringFactoriesLoader$$Lambda+0x00000224941275e0
instanceKlass  @bci org/springframework/core/io/support/SpringFactoriesLoader lambda$loadFactoriesResource$0 (Ljava/util/Map;Ljava/lang/Object;Ljava/lang/Object;)V 36 <appendix> argL0 ; # org/springframework/core/io/support/SpringFactoriesLoader$$Lambda+0x00000224941273a0
instanceKlass  @bci org/springframework/core/io/support/SpringFactoriesLoader lambda$loadFactoriesResource$0 (Ljava/util/Map;Ljava/lang/Object;Ljava/lang/Object;)V 17 <appendix> member <vmtarget> ; # org/springframework/core/io/support/SpringFactoriesLoader$$Lambda+0x0000022494127158
instanceKlass  @bci org/springframework/core/io/support/SpringFactoriesLoader loadFactoriesResource (Ljava/lang/ClassLoader;Ljava/lang/String;)Ljava/util/Map; 51 <appendix> member <vmtarget> ; # org/springframework/core/io/support/SpringFactoriesLoader$$Lambda+0x0000022494126f20
instanceKlass java/net/URLDecoder
instanceKlass org/springframework/util/MultiValueMap
instanceKlass org/springframework/util/CollectionUtils
instanceKlass org/springframework/util/ResourceUtils
instanceKlass org/springframework/util/PropertiesPersister
instanceKlass org/springframework/core/io/support/PropertiesLoaderUtils
instanceKlass org/springframework/core/io/AbstractResource
instanceKlass  @bci org/springframework/core/io/support/SpringFactoriesLoader forResourceLocation (Ljava/lang/String;Ljava/lang/ClassLoader;)Lorg/springframework/core/io/support/SpringFactoriesLoader; 42 <appendix> member <vmtarget> ; # org/springframework/core/io/support/SpringFactoriesLoader$$Lambda+0x0000022494123848
instanceKlass org/springframework/util/ConcurrentReferenceHashMap$Entry
instanceKlass  @bci org/springframework/util/ConcurrentReferenceHashMap$Segment doTask (ILjava/lang/Object;Lorg/springframework/util/ConcurrentReferenceHashMap$Task;)Ljava/lang/Object; 112 <adapter> ; # java/lang/invoke/LambdaForm$MH+0x0000022494124c00
# instanceKlass java/lang/invoke/LambdaForm$DMH+0x0000022494124800
instanceKlass  @bci org/springframework/util/ConcurrentReferenceHashMap$Segment doTask (ILjava/lang/Object;Lorg/springframework/util/ConcurrentReferenceHashMap$Task;)Ljava/lang/Object; 112 <appendix> form vmentry <vmtarget> ; # java/lang/invoke/LambdaForm$DMH+0x0000022494124400
instanceKlass  @bci org/springframework/util/ConcurrentReferenceHashMap$Segment doTask (ILjava/lang/Object;Lorg/springframework/util/ConcurrentReferenceHashMap$Task;)Ljava/lang/Object; 112 <appendix> member <vmtarget> ; # org/springframework/util/ConcurrentReferenceHashMap$Segment$$Lambda+0x0000022494122f48
instanceKlass  @cpi org/springframework/util/ConcurrentReferenceHashMap$Segment 256 form vmentry <vmtarget> ; # java/lang/invoke/LambdaForm$DMH+0x0000022494124000
instanceKlass org/springframework/util/ConcurrentReferenceHashMap$Entries
instanceKlass  @bci org/springframework/core/io/support/SpringFactoriesLoader forResourceLocation (Ljava/lang/String;Ljava/lang/ClassLoader;)Lorg/springframework/core/io/support/SpringFactoriesLoader; 24 <appendix> argL0 ; # org/springframework/core/io/support/SpringFactoriesLoader$$Lambda+0x00000224941226c8
instanceKlass org/springframework/util/StringUtils
instanceKlass org/springframework/util/ConcurrentReferenceHashMap$Reference
instanceKlass org/springframework/util/ConcurrentReferenceHashMap$ReferenceManager
instanceKlass org/springframework/util/ConcurrentReferenceHashMap$Task
instanceKlass  @bci org/springframework/core/io/support/SpringFactoriesLoader$FailureHandler handleMessage (Ljava/util/function/BiConsumer;)Lorg/springframework/core/io/support/SpringFactoriesLoader$FailureHandler; 1 <appendix> member <vmtarget> ; # org/springframework/core/io/support/SpringFactoriesLoader$FailureHandler$$Lambda+0x000002249411f7d8
instanceKlass  @bci org/springframework/core/io/support/SpringFactoriesLoader$FailureHandler throwing (Ljava/util/function/BiFunction;)Lorg/springframework/core/io/support/SpringFactoriesLoader$FailureHandler; 1 <appendix> member <vmtarget> ; # org/springframework/core/io/support/SpringFactoriesLoader$FailureHandler$$Lambda+0x000002249411f5a0
instanceKlass  @bci org/springframework/core/io/support/SpringFactoriesLoader$FailureHandler throwing ()Lorg/springframework/core/io/support/SpringFactoriesLoader$FailureHandler; 0 <appendix> argL0 ; # org/springframework/core/io/support/SpringFactoriesLoader$FailureHandler$$Lambda+0x000002249411f370
instanceKlass org/springframework/core/io/support/SpringFactoriesLoader$FailureHandler
instanceKlass org/springframework/core/io/Resource
instanceKlass org/springframework/core/io/InputStreamSource
instanceKlass org/springframework/core/io/support/SpringFactoriesLoader
instanceKlass org/springframework/util/Assert
instanceKlass org/springframework/boot/ApplicationProperties
instanceKlass org/springframework/core/metrics/DefaultApplicationStartup$DefaultStartupStep$DefaultTags
instanceKlass org/springframework/core/metrics/StartupStep$Tags
instanceKlass org/springframework/core/metrics/DefaultApplicationStartup$DefaultStartupStep
instanceKlass org/springframework/core/metrics/StartupStep
instanceKlass org/springframework/core/metrics/DefaultApplicationStartup
instanceKlass org/springframework/core/metrics/ApplicationStartup
instanceKlass org/springframework/context/ConfigurableApplicationContext
instanceKlass org/springframework/context/Lifecycle
instanceKlass org/springframework/boot/DefaultApplicationContextFactory
instanceKlass org/springframework/boot/ApplicationContextFactory
instanceKlass org/springframework/boot/SpringApplicationShutdownHook$ApplicationContextClosedListener
instanceKlass org/springframework/boot/SpringApplicationShutdownHook$Handlers
instanceKlass org/springframework/boot/SpringApplicationShutdownHandlers
instanceKlass org/springframework/boot/SpringApplicationShutdownHook
instanceKlass org/apache/commons/logging/impl/Slf4jLogFactory$Slf4jLocationAwareLog
instanceKlass ch/qos/logback/classic/util/LoggerNameUtil
instanceKlass  @bci org/apache/commons/logging/impl/Slf4jLogFactory getInstance (Ljava/lang/String;)Lorg/apache/commons/logging/Log; 5 <appendix> argL0 ; # org/apache/commons/logging/impl/Slf4jLogFactory$$Lambda+0x000002249411bce0
instanceKlass  @bci org/apache/commons/logging/LogFactory newStandardFactory (Ljava/lang/ClassLoader;)Lorg/apache/commons/logging/LogFactory; 36 <appendix> argL0 ; # org/apache/commons/logging/LogFactory$$Lambda+0x000002249411bac0
instanceKlass org/slf4j/helpers/BasicMarker
instanceKlass org/slf4j/helpers/Reporter
instanceKlass ch/qos/logback/core/util/StatusPrinter2
instanceKlass ch/qos/logback/core/util/StatusPrinter
instanceKlass ch/qos/logback/core/status/StatusUtil
instanceKlass ch/qos/logback/core/spi/AppenderAttachableImpl
instanceKlass ch/qos/logback/core/util/ReentryGuard$ReentryGuardImpl
instanceKlass ch/qos/logback/core/util/ReentryGuard
instanceKlass ch/qos/logback/core/util/ReentryGuardFactory
instanceKlass ch/qos/logback/core/pattern/Converter
instanceKlass java/util/concurrent/atomic/AtomicReference
instanceKlass ch/qos/logback/core/util/CachingDateFormatter$CacheTuple
instanceKlass  @bci java/time/format/DateTimeFormatter <clinit> ()V 1075 <appendix> argL0 ; # java/time/format/DateTimeFormatter$$Lambda+0x800000015
instanceKlass  @bci java/time/format/DateTimeFormatter <clinit> ()V 1067 <appendix> argL0 ; # java/time/format/DateTimeFormatter$$Lambda+0x800000014
instanceKlass java/time/Period
instanceKlass java/time/chrono/ChronoPeriod
instanceKlass java/time/format/DateTimeFormatterBuilder$TextPrinterParser
instanceKlass java/time/format/DateTimeTextProvider$1
instanceKlass java/time/format/DateTimeTextProvider
instanceKlass java/time/format/DateTimeTextProvider$LocaleStore
instanceKlass java/time/format/DateTimeFormatterBuilder$InstantPrinterParser
instanceKlass java/time/format/DateTimeFormatterBuilder$StringLiteralPrinterParser
instanceKlass java/time/format/DateTimeFormatterBuilder$ZoneIdPrinterParser
instanceKlass java/time/format/DateTimeFormatterBuilder$OffsetIdPrinterParser
instanceKlass java/time/format/DecimalStyle
instanceKlass java/time/format/DateTimeFormatterBuilder$CompositePrinterParser
instanceKlass java/time/chrono/AbstractChronology
instanceKlass java/time/chrono/Chronology
instanceKlass java/time/format/DateTimeFormatterBuilder$CharLiteralPrinterParser
instanceKlass java/time/format/DateTimeFormatterBuilder$NumberPrinterParser
instanceKlass java/time/format/DateTimeFormatterBuilder$DateTimePrinterParser
instanceKlass java/time/temporal/JulianFields
instanceKlass java/time/temporal/IsoFields
instanceKlass  @bci java/time/format/DateTimeFormatterBuilder <clinit> ()V 0 <appendix> argL0 ; # java/time/format/DateTimeFormatterBuilder$$Lambda+0x800000016
instanceKlass java/time/temporal/TemporalQuery
instanceKlass java/time/format/DateTimeFormatterBuilder
instanceKlass java/time/format/DateTimeFormatter
instanceKlass ch/qos/logback/core/util/CachingDateFormatter
instanceKlass ch/qos/logback/core/util/SimpleTimeBasedGuard
instanceKlass ch/qos/logback/core/util/COWArrayList
instanceKlass ch/qos/logback/core/spi/FilterAttachableImpl
instanceKlass ch/qos/logback/core/Appender
instanceKlass ch/qos/logback/core/spi/FilterAttachable
instanceKlass ch/qos/logback/core/encoder/Encoder
instanceKlass ch/qos/logback/core/Layout
instanceKlass  @bci ch/qos/logback/classic/util/ContextInitializer printDuration (JLch/qos/logback/classic/spi/Configurator;Lch/qos/logback/classic/spi/Configurator$ExecutionStatus;)V 31 <adapter> ; # java/lang/invoke/LambdaForm$MH+0x0000022494113800
# instanceKlass java/lang/invoke/LambdaForm$DMH+0x0000022494113400
instanceKlass  @bci ch/qos/logback/classic/util/ContextInitializer printDuration (JLch/qos/logback/classic/spi/Configurator;Lch/qos/logback/classic/spi/Configurator$ExecutionStatus;)V 31 <appendix> form vmentry <vmtarget> ; # java/lang/invoke/LambdaForm$MH+0x0000022494113000
# instanceKlass java/lang/invoke/LambdaForm$MH+0x0000022494112c00
instanceKlass  @bci ch/qos/logback/classic/util/ContextInitializer printDuration (JLch/qos/logback/classic/spi/Configurator;Lch/qos/logback/classic/spi/Configurator$ExecutionStatus;)V 31 <appendix> form names 8 function resolvedHandle form vmentry <vmtarget> ; # java/lang/invoke/LambdaForm$DMH+0x0000022494112800
instanceKlass  @bci ch/qos/logback/classic/util/ContextInitializer printDuration (JLch/qos/logback/classic/spi/Configurator;Lch/qos/logback/classic/spi/Configurator$ExecutionStatus;)V 31 <appendix> argL3 form vmentry <vmtarget> ; # java/lang/invoke/LambdaForm$MH+0x0000022494112400
# instanceKlass java/lang/invoke/LambdaForm$MH+0x0000022494112000
# instanceKlass java/lang/invoke/LambdaForm$MH+0x0000022494111c00
# instanceKlass java/lang/invoke/LambdaForm$MH+0x0000022494111800
# instanceKlass java/lang/invoke/LambdaForm$MH+0x0000022494111400
instanceKlass  @bci ch/qos/logback/classic/util/ContextInitializer printDuration (JLch/qos/logback/classic/spi/Configurator;Lch/qos/logback/classic/spi/Configurator$ExecutionStatus;)V 31 <appendix> form names 12 function resolvedHandle form vmentry <vmtarget> ; # java/lang/invoke/LambdaForm$DMH+0x0000022494111000
instanceKlass  @bci ch/qos/logback/classic/util/ContextInitializer printDuration (JLch/qos/logback/classic/spi/Configurator;Lch/qos/logback/classic/spi/Configurator$ExecutionStatus;)V 31 <appendix> argL1 form vmentry <vmtarget> ; # java/lang/invoke/LambdaForm$MH+0x0000022494110c00
# instanceKlass java/lang/invoke/LambdaForm$MH+0x0000022494110800
# instanceKlass java/lang/invoke/LambdaForm$MH+0x0000022494110400
# instanceKlass java/lang/invoke/LambdaForm$MH+0x0000022494110000
instanceKlass ch/qos/logback/core/spi/ContextAwareBase
instanceKlass ch/qos/logback/core/status/StatusListener
instanceKlass ch/qos/logback/core/util/StatusListenerConfigHelper
instanceKlass ch/qos/logback/core/status/StatusBase
instanceKlass ch/qos/logback/core/util/EnvUtil
instanceKlass ch/qos/logback/classic/util/ClassicEnvUtil
instanceKlass ch/qos/logback/core/util/OptionHelper
instanceKlass ch/qos/logback/core/util/Loader
instanceKlass ch/qos/logback/classic/spi/Configurator
instanceKlass ch/qos/logback/core/spi/ContextAwareImpl
instanceKlass ch/qos/logback/classic/util/ContextInitializer$1
instanceKlass ch/qos/logback/core/spi/ContextAware
instanceKlass ch/qos/logback/classic/util/ContextInitializer
instanceKlass org/slf4j/MDC
instanceKlass ch/qos/logback/classic/util/LogbackMDCAdapter
instanceKlass ch/qos/logback/classic/Level
instanceKlass ch/qos/logback/classic/spi/ILoggingEvent
instanceKlass ch/qos/logback/core/spi/DeferredProcessingAware
instanceKlass org/slf4j/spi/LoggingEventBuilder
instanceKlass ch/qos/logback/classic/Logger
instanceKlass ch/qos/logback/core/spi/AppenderAttachable
instanceKlass org/slf4j/spi/LoggingEventAware
instanceKlass org/slf4j/spi/LocationAwareLogger
instanceKlass ch/qos/logback/classic/spi/LoggerContextVO
instanceKlass ch/qos/logback/core/spi/LogbackLock
instanceKlass ch/qos/logback/core/helpers/CyclicBuffer
instanceKlass ch/qos/logback/core/BasicStatusManager
instanceKlass ch/qos/logback/core/status/Status
instanceKlass ch/qos/logback/core/status/StatusManager
instanceKlass ch/qos/logback/core/ContextBase
instanceKlass ch/qos/logback/core/spi/LifeCycle
instanceKlass ch/qos/logback/core/Context
instanceKlass ch/qos/logback/core/spi/PropertyContainer
instanceKlass ch/qos/logback/classic/spi/LogbackServiceProvider
instanceKlass org/slf4j/helpers/Util
instanceKlass org/slf4j/helpers/NOPMDCAdapter
instanceKlass org/slf4j/helpers/NOPLoggerFactory
instanceKlass org/slf4j/helpers/NOP_FallbackServiceProvider
instanceKlass org/slf4j/helpers/ThreadLocalMapOfStacks
instanceKlass org/slf4j/helpers/BasicMDCAdapter
instanceKlass org/slf4j/Marker
instanceKlass org/slf4j/helpers/BasicMarkerFactory
instanceKlass java/util/concurrent/LinkedBlockingQueue$Node
instanceKlass org/slf4j/Logger
instanceKlass org/slf4j/helpers/SubstituteLoggerFactory
instanceKlass org/slf4j/ILoggerFactory
instanceKlass org/slf4j/spi/MDCAdapter
instanceKlass org/slf4j/helpers/SubstituteServiceProvider
instanceKlass org/slf4j/event/LoggingEvent
instanceKlass org/slf4j/spi/SLF4JServiceProvider
instanceKlass org/slf4j/LoggerFactory
instanceKlass org/slf4j/IMarkerFactory
instanceKlass org/slf4j/MarkerFactory
instanceKlass org/apache/commons/logging/Log
instanceKlass  @bci org/apache/logging/log4j/util/SortedArrayStringMap <clinit> ()V 0 <appendix> argL0 ; # org/apache/logging/log4j/util/SortedArrayStringMap$$Lambda+0x0000022494102960
instanceKlass  @cpi org/apache/logging/log4j/util/SortedArrayStringMap 405 form vmentry <vmtarget> ; # java/lang/invoke/LambdaForm$DMH+0x0000022494100c00
instanceKlass org/apache/logging/log4j/util/TriConsumer
instanceKlass org/apache/logging/log4j/util/SortedArrayStringMap
instanceKlass org/apache/logging/log4j/util/IndexedStringMap
instanceKlass org/apache/logging/log4j/util/IndexedReadOnlyStringMap
instanceKlass org/apache/logging/log4j/util/StringMap
instanceKlass org/apache/logging/log4j/util/ReadOnlyStringMap
instanceKlass org/apache/logging/slf4j/MDCContextMap
instanceKlass org/apache/logging/log4j/spi/CleanableThreadContextMap
instanceKlass org/apache/logging/log4j/spi/ThreadContextMap2
instanceKlass  @bci org/apache/logging/log4j/util/PropertiesUtil$Environment get (Ljava/lang/String;)Ljava/lang/String; 35 <appendix> argL0 ; # org/apache/logging/log4j/util/PropertiesUtil$Environment$$Lambda+0x0000022494107128
instanceKlass  @bci org/apache/logging/log4j/util/PropertiesUtil$Environment get (Ljava/lang/String;)Ljava/lang/String; 25 <appendix> member <vmtarget> ; # org/apache/logging/log4j/util/PropertiesUtil$Environment$$Lambda+0x0000022494106ee0
instanceKlass java/util/stream/SortedOps
instanceKlass org/apache/logging/log4j/util/PropertySource$Comparator
instanceKlass  @bci java/util/regex/Pattern union (Ljava/util/regex/Pattern$CharPredicate;Ljava/util/regex/Pattern$CharPredicate;Z)Ljava/util/regex/Pattern$CharPredicate; 6 <appendix> member <vmtarget> ; # java/util/regex/Pattern$$Lambda+0x800000039
instanceKlass  @bci java/util/regex/Pattern Range (II)Ljava/util/regex/Pattern$CharPredicate; 23 <appendix> member <vmtarget> ; # java/util/regex/Pattern$$Lambda+0x800000033
instanceKlass org/apache/logging/log4j/util/PropertySource$Util
instanceKlass org/apache/logging/log4j/util/Cast
instanceKlass org/apache/logging/log4j/util/LazyUtil$1
instanceKlass org/apache/logging/log4j/util/LazyUtil
instanceKlass org/springframework/boot/logging/log4j2/SpringBootPropertySource
instanceKlass org/apache/logging/log4j/util/SystemPropertiesPropertySource
instanceKlass org/apache/logging/log4j/util/EnvironmentPropertySource
instanceKlass sun/net/www/MessageHeader
instanceKlass sun/net/www/protocol/jar/JarFileFactory
instanceKlass sun/net/www/protocol/jar/URLJarFile$URLJarFileCloseController
instanceKlass java/net/URLConnection
instanceKlass  @bci org/apache/logging/log4j/util/PropertiesUtil$Environment <init> (Lorg/apache/logging/log4j/util/PropertySource;)V 99 <appendix> member <vmtarget> ; # org/apache/logging/log4j/util/PropertiesUtil$Environment$$Lambda+0x0000022494105a70
instanceKlass  @bci org/apache/logging/log4j/util/ServiceLoaderUtil safeStream (Ljava/lang/Class;Ljava/util/ServiceLoader;Lorg/apache/logging/log4j/Logger;)Ljava/util/stream/Stream; 71 <appendix> member <vmtarget> ; # org/apache/logging/log4j/util/ServiceLoaderUtil$$Lambda+0x0000022494105818
instanceKlass org/apache/logging/log4j/util/OsgiServiceLocator
instanceKlass  @bci org/apache/logging/log4j/util/StackLocator getCallerClass (I)Ljava/lang/Class; 15 <appendix> argL0 ; # org/apache/logging/log4j/util/StackLocator$$Lambda+0x00000224941053d0
instanceKlass java/util/stream/SliceOps
instanceKlass java/lang/StackStreamFactory$FrameBuffer
instanceKlass java/lang/StackStreamFactory
instanceKlass  @bci org/apache/logging/log4j/util/StackLocator getCallerClass (I)Ljava/lang/Class; 4 <appendix> member <vmtarget> ; # org/apache/logging/log4j/util/StackLocator$$Lambda+0x0000022494105190
instanceKlass  @cpi org/apache/logging/log4j/util/StackLocator 271 form vmentry <vmtarget> ; # java/lang/invoke/LambdaForm$DMH+0x0000022494100800
instanceKlass org/apache/logging/log4j/util/StackLocator
instanceKlass org/apache/logging/log4j/util/StackLocatorUtil
instanceKlass java/util/Spliterators$AbstractSpliterator
instanceKlass org/apache/logging/log4j/util/ServiceLoaderUtil
instanceKlass  @bci org/apache/logging/log4j/util/PropertiesUtil$Environment <init> (Lorg/apache/logging/log4j/util/PropertySource;)V 34 <appendix> argL0 ; # org/apache/logging/log4j/util/PropertiesUtil$Environment$$Lambda+0x0000022494104690
instanceKlass org/apache/logging/log4j/util/BiConsumer
instanceKlass org/apache/logging/log4j/util/PropertiesUtil$Environment
instanceKlass org/apache/logging/log4j/util/PropertiesPropertySource
instanceKlass  @bci java/util/regex/CharPredicates ASCII_WORD ()Ljava/util/regex/Pattern$BmpCharPredicate; 0 <appendix> argL0 ; # java/util/regex/CharPredicates$$Lambda+0x00000224940e39e8
instanceKlass  @bci java/util/regex/CharPredicates ASCII_DIGIT ()Ljava/util/regex/Pattern$BmpCharPredicate; 0 <appendix> argL0 ; # java/util/regex/CharPredicates$$Lambda+0x80000002e
instanceKlass java/lang/foreign/MemorySegment
instanceKlass org/apache/logging/log4j/util/LazyUtil$SafeLazy
instanceKlass java/util/stream/IntStream
instanceKlass org/apache/logging/log4j/util/Lazy
instanceKlass  @bci org/apache/logging/log4j/util/PropertiesUtil <clinit> ()V 6 <appendix> argL0 ; # org/apache/logging/log4j/util/PropertiesUtil$$Lambda+0x00000224940df650
instanceKlass  @cpi org/springframework/data/repository/config/DefaultRepositoryConfiguration 263 form vmentry <vmtarget> ; # java/lang/invoke/LambdaForm$DMH+0x0000022494100400
instanceKlass org/apache/logging/log4j/util/PropertySource
instanceKlass org/apache/logging/log4j/util/PropertiesUtil
instanceKlass org/apache/logging/log4j/util/LoaderUtil$ThreadContextClassLoaderGetter
instanceKlass  @bci org/apache/logging/log4j/util/LoaderUtil <clinit> ()V 23 <appendix> argL0 ; # org/apache/logging/log4j/util/LoaderUtil$$Lambda+0x00000224940dedf0
instanceKlass  @cpi org/apache/logging/log4j/util/LoaderUtil 455 form vmentry <vmtarget> ; # java/lang/invoke/LambdaForm$DMH+0x0000022494100000
# instanceKlass java/lang/invoke/LambdaForm$DMH+0x00000224940ddc00
instanceKlass org/apache/logging/log4j/util/LazyBoolean
instanceKlass java/util/function/BooleanSupplier
instanceKlass org/apache/logging/log4j/util/LoaderUtil
instanceKlass org/apache/logging/log4j/spi/LoggerRegistry
instanceKlass org/apache/logging/slf4j/SLF4JLoggerContext
instanceKlass org/apache/logging/log4j/spi/LoggerContext
instanceKlass org/apache/logging/slf4j/SLF4JLoggerContextFactory
instanceKlass java/util/concurrent/ConcurrentLinkedQueue$Node
instanceKlass org/apache/logging/log4j/message/ExitMessage
instanceKlass org/apache/logging/log4j/message/EntryMessage
instanceKlass org/apache/logging/log4j/message/FlowMessage
instanceKlass org/apache/logging/log4j/status/StatusConsoleListener
instanceKlass  @bci java/util/regex/Pattern negate (Ljava/util/regex/Pattern$CharPredicate;)Ljava/util/regex/Pattern$CharPredicate; 1 <appendix> member <vmtarget> ; # java/util/regex/Pattern$$Lambda+0x800000038
instanceKlass  @bci java/util/regex/CharPredicates forUnicodeBlock (Ljava/lang/String;)Ljava/util/regex/Pattern$CharPredicate; 6 <appendix> member <vmtarget> ; # java/util/regex/CharPredicates$$Lambda+0x00000224940e1820
instanceKlass sun/rmi/transport/DGCAckHandler$1
instanceKlass  @bci sun/rmi/transport/DGCAckHandler <clinit> ()V 16 <appendix> argL0 ; # sun/rmi/transport/DGCAckHandler$$Lambda+0x00000224940e13d0
instanceKlass sun/rmi/transport/DGCAckHandler
instanceKlass  @bci com/sun/jmx/remote/internal/ServerCommunicatorAdmin logtime (Ljava/lang/String;J)V 7 <adapter> ; # java/lang/invoke/LambdaForm$MH+0x00000224940dd800
instanceKlass  @bci com/sun/jmx/remote/internal/ServerCommunicatorAdmin logtime (Ljava/lang/String;J)V 7 <appendix> form vmentry <vmtarget> ; # java/lang/invoke/LambdaForm$MH+0x00000224940dd400
# instanceKlass java/lang/invoke/LambdaForm$MH+0x00000224940dd000
instanceKlass  @bci com/sun/jmx/remote/internal/ServerCommunicatorAdmin logtime (Ljava/lang/String;J)V 7 <appendix> form names 6 function resolvedHandle form vmentry <vmtarget> ; # java/lang/invoke/LambdaForm$DMH+0x00000224940dcc00
instanceKlass  @bci com/sun/jmx/remote/internal/ServerCommunicatorAdmin logtime (Ljava/lang/String;J)V 7 <appendix> argL3 form vmentry <vmtarget> ; # java/lang/invoke/LambdaForm$MH+0x00000224940dc800
# instanceKlass java/lang/invoke/LambdaForm$MH+0x00000224940dc400
instanceKlass javax/management/remote/NotificationResult
# instanceKlass java/lang/invoke/LambdaForm$MH+0x00000224940dc000
# instanceKlass java/lang/invoke/LambdaForm$MH+0x00000224940dbc00
# instanceKlass java/lang/invoke/LambdaForm$MH+0x00000224940db800
instanceKlass  @bci ch/qos/logback/classic/util/ContextInitializer printDuration (JLch/qos/logback/classic/spi/Configurator;Lch/qos/logback/classic/spi/Configurator$ExecutionStatus;)V 31 <appendix> argL1 form names 9 function resolvedHandle form vmentry <vmtarget> ; # java/lang/invoke/LambdaForm$DMH+0x00000224940db400
instanceKlass javax/security/auth/Subject
instanceKlass  @bci ch/qos/logback/classic/util/ContextInitializer printDuration (JLch/qos/logback/classic/spi/Configurator;Lch/qos/logback/classic/spi/Configurator$ExecutionStatus;)V 31 <appendix> argL1 argL0 form vmentry <vmtarget> ; # java/lang/invoke/LambdaForm$MH+0x00000224940db000
instanceKlass java/rmi/MarshalledObject
# instanceKlass java/lang/invoke/LambdaForm$MH+0x00000224940dac00
# instanceKlass java/lang/invoke/LambdaForm$MH+0x00000224940da800
# instanceKlass java/lang/invoke/LambdaForm$MH+0x00000224940da400
instanceKlass  @bci com/sun/jmx/remote/internal/ServerCommunicatorAdmin <init> (J)V 93 <appendix> form vmentry <vmtarget> ; # java/lang/invoke/LambdaForm$MH+0x00000224940da000
instanceKlass  @bci com/sun/jmx/remote/internal/ServerCommunicatorAdmin <init> (J)V 93 <appendix> argL3 form vmentry <vmtarget> ; # java/lang/invoke/LambdaForm$MH+0x00000224940d9c00
# instanceKlass java/lang/invoke/LambdaForm$MH+0x00000224940d9800
# instanceKlass java/lang/invoke/LambdaForm$MH+0x00000224940d9400
instanceKlass  @bci ch/qos/logback/classic/util/ContextInitializer printDuration (JLch/qos/logback/classic/spi/Configurator;Lch/qos/logback/classic/spi/Configurator$ExecutionStatus;)V 31 <appendix> argL1 argL0 argL1 form vmentry <vmtarget> ; # java/lang/invoke/LambdaForm$MH+0x00000224940d9000
# instanceKlass java/lang/invoke/LambdaForm$MH+0x00000224940d8c00
instanceKlass java/lang/Character$Subset
instanceKlass com/sun/jmx/remote/internal/ServerCommunicatorAdmin$Timeout
instanceKlass com/sun/jmx/remote/internal/ServerCommunicatorAdmin
instanceKlass javax/management/remote/rmi/RMIConnectionImpl$3
instanceKlass javax/management/remote/rmi/RMIConnectionImpl$2
instanceKlass  @bci java/util/regex/Pattern DOT ()Ljava/util/regex/Pattern$CharPredicate; 0 <appendix> argL0 ; # java/util/regex/Pattern$$Lambda+0x00000224940bbe30
instanceKlass javax/management/remote/rmi/RMIConnectionImpl$1
instanceKlass  @bci org/apache/logging/log4j/status/StatusLogger$PropertiesUtilsDouble normalizeProperties ([Ljava/util/Properties;)Ljava/util/Map; 31 <appendix> member <vmtarget> ; # org/apache/logging/log4j/status/StatusLogger$PropertiesUtilsDouble$$Lambda+0x00000224940cb208
instanceKlass javax/management/remote/rmi/RMIConnectionImpl
instanceKlass  @cpi org/springframework/core/annotation/MergedAnnotationCollectors 260 form vmentry <vmtarget> ; # java/lang/invoke/LambdaForm$DMH+0x00000224940d8800
instanceKlass java/rmi/server/Unreferenced
# instanceKlass java/lang/invoke/LambdaForm$MH+0x00000224940d8400
instanceKlass java/util/Collections$UnmodifiableMap$UnmodifiableEntrySet$UnmodifiableEntry
instanceKlass java/util/Collections$UnmodifiableMap$UnmodifiableEntrySet$1
instanceKlass  @cpi org/springframework/core/io/support/SpringFactoriesLoader$FactoryInstantiator 192 form vmentry <vmtarget> ; # java/lang/invoke/LambdaForm$DMH+0x00000224940d8000
instanceKlass java/lang/ProcessEnvironment$CheckedEntry
instanceKlass java/lang/ProcessEnvironment$CheckedEntrySet$1
instanceKlass java/lang/ProcessEnvironment$EntryComparator
instanceKlass java/lang/ProcessEnvironment$NameComparator
instanceKlass org/apache/logging/log4j/status/StatusLogger$PropertiesUtilsDouble
instanceKlass org/apache/logging/log4j/status/StatusLogger$Config
instanceKlass org/apache/logging/log4j/status/StatusLogger$InstanceHolder
instanceKlass java/util/RegularEnumSet$EnumSetIterator
instanceKlass  @bci org/apache/logging/log4j/util/Strings <clinit> ()V 0 <appendix> argL0 ; # org/apache/logging/log4j/util/Strings$$Lambda+0x00000224940d74c0
instanceKlass org/apache/logging/log4j/util/Strings
instanceKlass java/io/ObjectStreamClass$5
instanceKlass java/io/ObjectStreamClass$4
instanceKlass java/io/ObjectStreamClass$3
instanceKlass java/io/ObjectStreamClass$MemberSignature
instanceKlass java/io/ObjectStreamClass$1
instanceKlass sun/rmi/server/MarshalOutputStream$1
instanceKlass org/apache/logging/log4j/Level
instanceKlass sun/rmi/transport/SequenceEntry
instanceKlass java/util/concurrent/Executors$RunnableAdapter
instanceKlass java/util/concurrent/Executors
instanceKlass java/util/concurrent/FutureTask$WaitNode
instanceKlass  @bci org/apache/logging/log4j/spi/AbstractLogger <clinit> ()V 142 <appendix> argL0 ; # org/apache/logging/log4j/spi/AbstractLogger$$Lambda+0x00000224940d6838
instanceKlass java/util/concurrent/FutureTask
instanceKlass sun/rmi/transport/DGCImpl$1
instanceKlass sun/rmi/transport/DGCImpl$LeaseInfo
instanceKlass org/apache/logging/log4j/internal/DefaultLogBuilder
instanceKlass org/apache/logging/log4j/BridgeAware
instanceKlass org/apache/logging/log4j/message/DefaultFlowMessageFactory
instanceKlass org/apache/logging/log4j/message/FlowMessageFactory
instanceKlass java/rmi/dgc/VMID
instanceKlass java/rmi/dgc/Lease
instanceKlass org/apache/logging/log4j/message/AbstractMessageFactory
instanceKlass java/io/ObjectInputStream$GetField
instanceKlass java/io/ObjectStreamClass$ExceptionInfo
instanceKlass  @bci org/apache/logging/log4j/MarkerManager getMarker (Ljava/lang/String;)Lorg/apache/logging/log4j/Marker; 4 <appendix> argL0 ; # org/apache/logging/log4j/MarkerManager$$Lambda+0x00000224940d5318
instanceKlass java/io/ObjectInputStream$Logging
instanceKlass org/apache/logging/log4j/MarkerManager$Log4jMarker
instanceKlass java/io/ObjectInputStream$FilterValues
instanceKlass org/apache/logging/log4j/util/StringBuilderFormattable
instanceKlass org/apache/logging/log4j/Marker
instanceKlass  @bci sun/rmi/server/LoaderHandler <clinit> ()V 36 <appendix> argL0 ; # sun/rmi/server/LoaderHandler$$Lambda+0x00000224940b4f78
instanceKlass  @bci sun/rmi/server/LoaderHandler <clinit> ()V 0 <appendix> argL0 ; # sun/rmi/server/LoaderHandler$$Lambda+0x00000224940b4d58
instanceKlass org/apache/logging/log4j/MarkerManager
instanceKlass sun/rmi/server/LoaderHandler
instanceKlass org/apache/logging/log4j/status/StatusListener
instanceKlass java/rmi/server/RMIClassLoader$1
instanceKlass java/rmi/server/RMIClassLoaderSpi
instanceKlass java/rmi/server/RMIClassLoader
instanceKlass org/apache/logging/log4j/LogBuilder
instanceKlass  @bci sun/rmi/server/UnicastServerRef unmarshalCustomCallData (Ljava/io/ObjectInput;)V 21 <appendix> member <vmtarget> ; # sun/rmi/server/UnicastServerRef$$Lambda+0x00000224940b40a0
instanceKlass sun/rmi/transport/Transport$1
instanceKlass java/io/ObjectInputStream$ValidationList
instanceKlass java/io/ObjectInputStream$HandleTable$HandleList
instanceKlass java/io/ObjectInputStream$HandleTable
instanceKlass org/apache/logging/log4j/message/Message
instanceKlass java/rmi/registry/Registry
instanceKlass org/apache/logging/log4j/message/MessageFactory2
instanceKlass org/apache/logging/log4j/message/MessageFactory
instanceKlass  @bci sun/rmi/server/MarshalInputStream <clinit> ()V 0 <appendix> argL0 ; # sun/rmi/server/MarshalInputStream$$Lambda+0x00000224940b28a0
instanceKlass  @bci java/io/ObjectInputStream <clinit> ()V 40 <appendix> argL0 ; # java/io/ObjectInputStream$$Lambda+0x00000224940b2680
instanceKlass jdk/internal/access/JavaObjectInputStreamReadString
instanceKlass  @bci java/io/ObjectInputStream <clinit> ()V 32 <appendix> argL0 ; # java/io/ObjectInputStream$$Lambda+0x00000224940b2260
instanceKlass  @cpi java/io/ObjectInputStream 1192 form vmentry <vmtarget> ; # java/lang/invoke/LambdaForm$DMH+0x00000224940cac00
instanceKlass org/apache/logging/log4j/spi/AbstractLogger
instanceKlass jdk/internal/access/JavaObjectInputStreamAccess
instanceKlass sun/rmi/transport/StreamRemoteCall
instanceKlass java/rmi/server/RemoteCall
instanceKlass org/apache/logging/log4j/spi/LocationAwareLogger
instanceKlass org/apache/logging/log4j/spi/ExtendedLogger
instanceKlass org/apache/logging/log4j/spi/LoggerContextFactory
instanceKlass org/apache/logging/log4j/spi/ThreadContextMap
instanceKlass org/apache/logging/log4j/Logger
instanceKlass org/apache/logging/log4j/spi/Provider
instanceKlass  @bci org/apache/commons/logging/LogFactory isClassAvailable (Ljava/lang/String;Ljava/lang/ClassLoader;)Z 2 <appendix> member <vmtarget> ; # org/apache/commons/logging/LogFactory$$Lambda+0x00000224940cd988
instanceKlass  @bci org/apache/commons/logging/LogFactory getFactory ()Lorg/apache/commons/logging/LogFactory; 240 <appendix> argL0 ; # org/apache/commons/logging/LogFactory$$Lambda+0x00000224940cd768
instanceKlass  @bci org/apache/commons/logging/LogFactory getFactory ()Lorg/apache/commons/logging/LogFactory; 196 <appendix> argL0 ; # org/apache/commons/logging/LogFactory$$Lambda+0x00000224940cd548
instanceKlass sun/rmi/transport/tcp/TCPConnection
instanceKlass sun/rmi/transport/Connection
instanceKlass  @bci sun/rmi/transport/tcp/TCPChannel <clinit> ()V 34 <appendix> argL0 ; # sun/rmi/transport/tcp/TCPChannel$$Lambda+0x00000224940b0b90
instanceKlass  @bci sun/rmi/transport/tcp/TCPChannel <clinit> ()V 17 <appendix> argL0 ; # sun/rmi/transport/tcp/TCPChannel$$Lambda+0x00000224940b0970
instanceKlass  @bci org/apache/commons/logging/LogFactory getResources (Ljava/lang/ClassLoader;Ljava/lang/String;)Ljava/util/Enumeration; 2 <appendix> member <vmtarget> ; # org/apache/commons/logging/LogFactory$$Lambda+0x00000224940cd320
instanceKlass  @bci sun/rmi/transport/tcp/TCPChannel <clinit> ()V 0 <appendix> argL0 ; # sun/rmi/transport/tcp/TCPChannel$$Lambda+0x00000224940b0750
instanceKlass sun/rmi/transport/tcp/TCPChannel
instanceKlass sun/rmi/transport/Channel
instanceKlass org/apache/commons/logging/impl/WeakHashtable$Referenced
instanceKlass  @bci org/apache/commons/logging/LogFactory getContextClassLoaderInternal ()Ljava/lang/ClassLoader; 0 <appendix> argL0 ; # org/apache/commons/logging/LogFactory$$Lambda+0x00000224940ccca0
instanceKlass sun/nio/ch/ExtendedSocketOption$1
instanceKlass sun/nio/ch/ExtendedSocketOption
instanceKlass sun/nio/ch/OptionKey
instanceKlass sun/nio/ch/SocketOptionRegistry$LazyInitialization
instanceKlass sun/nio/ch/SocketOptionRegistry$RegistryKey
instanceKlass sun/nio/ch/SocketOptionRegistry
instanceKlass java/net/StandardSocketOptions$StdSocketOption
instanceKlass java/net/StandardSocketOptions
instanceKlass  @bci org/apache/commons/logging/LogFactory getSystemProperty (Ljava/lang/String;Ljava/lang/String;)Ljava/lang/String; 2 <appendix> member <vmtarget> ; # org/apache/commons/logging/LogFactory$$Lambda+0x00000224940cc6a0
instanceKlass  @bci sun/rmi/transport/tcp/TCPTransport$ConnectionHandler run ()V 29 <appendix> member <vmtarget> ; # sun/rmi/transport/tcp/TCPTransport$ConnectionHandler$$Lambda+0x00000224940ae690
instanceKlass  @bci org/springframework/boot/context/config/ConfigDataEnvironmentContributors getImportedMessage (Ljava/util/Set;)Ljava/lang/CharSequence; 44 <appendix> form vmentry <vmtarget> ; # java/lang/invoke/LambdaForm$MH+0x00000224940ca800
# instanceKlass java/lang/invoke/LambdaForm$MH+0x00000224940ca400
instanceKlass  @bci org/springframework/boot/context/config/ConfigDataEnvironmentContributors getImportedMessage (Ljava/util/Set;)Ljava/lang/CharSequence; 44 <appendix> argL3 form vmentry <vmtarget> ; # java/lang/invoke/LambdaForm$MH+0x00000224940ca000
# instanceKlass java/lang/invoke/LambdaForm$MH+0x00000224940c9c00
instanceKlass org/apache/commons/logging/LogFactory
# instanceKlass java/lang/invoke/LambdaForm$MH+0x00000224940c9800
# instanceKlass java/lang/invoke/LambdaForm$MH+0x00000224940c9400
# instanceKlass java/lang/invoke/LambdaForm$MH+0x00000224940c9000
instanceKlass  @bci org/springframework/boot/context/config/ConfigDataEnvironmentContributors getImportedMessage (Ljava/util/Set;)Ljava/lang/CharSequence; 44 <appendix> argL1 form vmentry <vmtarget> ; # java/lang/invoke/LambdaForm$MH+0x00000224940c8c00
# instanceKlass java/lang/invoke/LambdaForm$MH+0x00000224940c8800
instanceKlass org/springframework/core/env/ConfigurableEnvironment
instanceKlass org/springframework/core/env/ConfigurablePropertyResolver
# instanceKlass java/lang/invoke/LambdaForm$MH+0x00000224940c8400
# instanceKlass java/lang/invoke/LambdaForm$MH+0x00000224940c8000
instanceKlass org/springframework/core/convert/support/ConfigurableConversionService
instanceKlass org/springframework/core/convert/converter/ConverterRegistry
instanceKlass sun/rmi/transport/tcp/TCPTransport$ConnectionHandler
instanceKlass org/springframework/boot/env/PropertySourceInfo
instanceKlass org/springframework/core/env/PropertySource
instanceKlass org/springframework/core/convert/ConversionService
instanceKlass org/springframework/boot/ApplicationArguments
instanceKlass org/springframework/core/OrderComparator
instanceKlass org/springframework/context/ApplicationContext
instanceKlass org/springframework/core/io/support/ResourcePatternResolver
instanceKlass org/springframework/core/io/ResourceLoader
instanceKlass org/springframework/context/ApplicationEventPublisher
instanceKlass org/springframework/context/MessageSource
instanceKlass org/springframework/beans/factory/ListableBeanFactory
instanceKlass org/springframework/core/env/EnvironmentCapable
instanceKlass org/springframework/context/ApplicationListener
instanceKlass org/springframework/beans/factory/config/BeanFactoryPostProcessor
instanceKlass org/springframework/core/OrderComparator$OrderSourceProvider
instanceKlass org/springframework/beans/factory/config/ConfigurableBeanFactory
instanceKlass org/springframework/beans/factory/config/SingletonBeanRegistry
instanceKlass org/springframework/beans/factory/HierarchicalBeanFactory
instanceKlass org/springframework/beans/factory/BeanFactory
instanceKlass org/springframework/boot/bootstrap/ConfigurableBootstrapContext
instanceKlass org/springframework/boot/bootstrap/BootstrapContext
instanceKlass org/springframework/boot/bootstrap/BootstrapRegistry
instanceKlass org/springframework/core/env/Environment
instanceKlass org/springframework/core/env/PropertyResolver
instanceKlass org/springframework/boot/SpringApplication
instanceKlass jdk/internal/misc/MethodFinder
instanceKlass com/example/resortbackendapplication1/ResortBackend1Application
instanceKlass sun/nio/cs/SingleByte
instanceKlass sun/nio/cs/MS1252$Holder
instanceKlass sun/nio/cs/ArrayDecoder
instanceKlass sun/launcher/LauncherHelper
instanceKlass sun/management/counter/Units
instanceKlass jdk/internal/agent/ConnectorAddressLink
# instanceKlass java/lang/invoke/LambdaForm$MH+0x00000224940c2400
# instanceKlass java/lang/invoke/LambdaForm$MH+0x00000224940c2000
# instanceKlass java/lang/invoke/LambdaForm$MH+0x00000224940c1c00
instanceKlass java/io/SerialCallbackContext
instanceKlass java/io/ObjectStreamClass$ClassDataSlot
instanceKlass java/io/ObjectStreamClass$FieldReflector
instanceKlass java/io/ObjectStreamClass$FieldReflectorKey
instanceKlass java/io/ObjectInput
instanceKlass  @bci jdk/internal/reflect/MethodHandleLongFieldAccessorImpl getLong (Ljava/lang/Object;)J 11 <adapter> ; # java/lang/invoke/LambdaForm$MH+0x00000224940c1800
instanceKlass java/io/ObjectStreamClass$2
instanceKlass java/io/ClassCache
instanceKlass java/io/ObjectStreamClass$Caches
instanceKlass java/io/ObjectStreamClass
instanceKlass java/io/ObjectOutputStream$ReplaceTable
instanceKlass java/io/ObjectOutputStream$HandleTable
instanceKlass java/io/ObjectStreamConstants
instanceKlass java/io/ObjectOutput
instanceKlass sun/rmi/server/UnicastServerRef$HashToMethod_Maps$1
instanceKlass sun/rmi/server/WeakClassHashMap$ValueCell
instanceKlass sun/rmi/transport/tcp/TCPTransport$AcceptLoop
instanceKlass sun/rmi/runtime/NewThreadAction$2
instanceKlass sun/rmi/runtime/NewThreadAction$1
instanceKlass sun/rmi/runtime/NewThreadAction
instanceKlass java/util/LinkedList$ListItr
instanceKlass java/net/ServerSocket
instanceKlass sun/rmi/transport/ObjectEndpoint
instanceKlass sun/rmi/transport/DGCImpl$2$1
instanceKlass  @bci java/net/SocketPermissionCollection add (Ljava/security/Permission;)V 69 <appendix> member <vmtarget> ; # java/net/SocketPermissionCollection$$Lambda+0x00000224940a67a0
instanceKlass sun/rmi/transport/DGCImpl_Skel
instanceKlass java/rmi/server/Skeleton
instanceKlass java/rmi/server/Operation
instanceKlass  @bci sun/rmi/transport/DGCImpl$2 run ()Ljava/lang/Void; 50 <appendix> argL0 ; # sun/rmi/transport/DGCImpl$2$$Lambda+0x00000224940a58d0
instanceKlass java/io/ObjectInputFilter$FilterInfo
instanceKlass sun/rmi/transport/DGCImpl$2
instanceKlass  @bci sun/rmi/transport/DGCImpl <clinit> ()V 89 <appendix> argL0 ; # sun/rmi/transport/DGCImpl$$Lambda+0x00000224940a5280
instanceKlass java/util/concurrent/RunnableScheduledFuture
instanceKlass java/util/concurrent/ScheduledFuture
instanceKlass java/util/concurrent/Delayed
instanceKlass java/util/concurrent/RunnableFuture
instanceKlass java/util/concurrent/Future
instanceKlass sun/rmi/runtime/RuntimeUtil$1
instanceKlass java/util/concurrent/ScheduledExecutorService
instanceKlass  @bci sun/rmi/runtime/RuntimeUtil <clinit> ()V 10 <appendix> argL0 ; # sun/rmi/runtime/RuntimeUtil$$Lambda+0x00000224940a2f80
instanceKlass sun/rmi/runtime/RuntimeUtil
instanceKlass sun/rmi/runtime/RuntimeUtil$GetInstanceAction
instanceKlass  @bci sun/rmi/transport/DGCImpl <clinit> ()V 43 <appendix> argL0 ; # sun/rmi/transport/DGCImpl$$Lambda+0x00000224940a2920
instanceKlass  @bci sun/rmi/transport/DGCImpl <clinit> ()V 26 <appendix> argL0 ; # sun/rmi/transport/DGCImpl$$Lambda+0x00000224940a2700
instanceKlass  @bci org/springframework/cglib/core/internal/LoadingCache <clinit> ()V 0 <bsm> form vmentry <vmtarget> ; # java/lang/invoke/LambdaForm$DMH+0x00000224940c1400
instanceKlass  @bci sun/rmi/transport/DGCImpl <clinit> ()V 6 <appendix> argL0 ; # sun/rmi/transport/DGCImpl$$Lambda+0x00000224940a24e0
instanceKlass sun/rmi/transport/DGCImpl
instanceKlass java/rmi/dgc/DGC
instanceKlass  @bci sun/rmi/transport/ObjectTable <clinit> ()V 0 <appendix> argL0 ; # sun/rmi/transport/ObjectTable$$Lambda+0x00000224940a1e90
instanceKlass sun/rmi/transport/ObjectTable
instanceKlass sun/rmi/transport/Target
instanceKlass javax/management/remote/rmi/RMIConnection
instanceKlass java/rmi/server/RemoteObject
instanceKlass java/util/LinkedList$Node
instanceKlass  @bci sun/rmi/transport/tcp/TCPTransport <clinit> ()V 142 <appendix> argL0 ; # sun/rmi/transport/tcp/TCPTransport$$Lambda+0x000002249409eea8
instanceKlass java/rmi/server/RMISocketFactory
instanceKlass java/rmi/server/RMIClientSocketFactory
instanceKlass jdk/internal/vm/ThreadContainers
instanceKlass jdk/internal/vm/StackableScope
instanceKlass sun/rmi/transport/tcp/TCPTransport$1
instanceKlass java/util/concurrent/LinkedTransferQueue$DualNode
instanceKlass java/util/concurrent/TransferQueue
instanceKlass java/util/concurrent/BlockingQueue
instanceKlass java/util/concurrent/ThreadPoolExecutor$AbortPolicy
instanceKlass java/util/concurrent/RejectedExecutionHandler
instanceKlass java/util/concurrent/AbstractExecutorService
instanceKlass java/util/concurrent/ExecutorService
instanceKlass  @bci sun/rmi/transport/tcp/TCPTransport <clinit> ()V 59 <appendix> argL0 ; # sun/rmi/transport/tcp/TCPTransport$$Lambda+0x000002249409bea8
instanceKlass  @bci sun/rmi/transport/tcp/TCPTransport <clinit> ()V 42 <appendix> argL0 ; # sun/rmi/transport/tcp/TCPTransport$$Lambda+0x000002249409bc88
instanceKlass  @bci sun/rmi/transport/tcp/TCPTransport <clinit> ()V 22 <appendix> argL0 ; # sun/rmi/transport/tcp/TCPTransport$$Lambda+0x000002249409ba68
instanceKlass  @bci sun/rmi/transport/Transport getLogLevel ()Ljava/lang/String; 0 <appendix> argL0 ; # sun/rmi/transport/Transport$$Lambda+0x000002249409b848
instanceKlass sun/rmi/transport/Transport
instanceKlass  @bci sun/rmi/transport/tcp/TCPEndpoint getBoolean (Ljava/lang/String;)Z 1 <appendix> member <vmtarget> ; # sun/rmi/transport/tcp/TCPEndpoint$$Lambda+0x000002249409b190
instanceKlass java/net/InetAddress$CachedLocalHost
instanceKlass  @bci sun/rmi/transport/tcp/TCPEndpoint getHostnameProperty ()Ljava/lang/String; 0 <appendix> argL0 ; # sun/rmi/transport/tcp/TCPEndpoint$$Lambda+0x000002249409ad58
instanceKlass sun/rmi/transport/tcp/TCPEndpoint
instanceKlass sun/rmi/transport/Endpoint
instanceKlass  @bci java/rmi/server/ObjID useRandomIDs ()Z 0 <appendix> argL0 ; # java/rmi/server/ObjID$$Lambda+0x000002249409a690
instanceKlass sun/security/provider/AbstractDrbg$NonceProvider
instanceKlass  @bci sun/security/provider/AbstractDrbg$SeederHolder <clinit> ()V 42 <appendix> member <vmtarget> ; # sun/security/provider/AbstractDrbg$SeederHolder$$Lambda+0x0000022494099d50
instanceKlass  @cpi sun/security/provider/AbstractDrbg$SeederHolder 91 form vmentry <vmtarget> ; # java/lang/invoke/LambdaForm$DMH+0x00000224940c1000
# instanceKlass java/lang/invoke/LambdaForm$DMH+0x00000224940c0c00
instanceKlass java/net/NetworkInterface$1
instanceKlass java/net/DefaultInterface
instanceKlass java/net/InterfaceAddress
instanceKlass java/net/NetworkInterface
instanceKlass sun/security/provider/ByteArrayAccess$BE
instanceKlass sun/security/provider/ByteArrayAccess
instanceKlass sun/security/provider/SeedGenerator$1
instanceKlass sun/security/util/MessageDigestSpi2
instanceKlass sun/security/jca/GetInstance$Instance
instanceKlass sun/security/jca/GetInstance
instanceKlass java/security/MessageDigestSpi
instanceKlass sun/security/provider/SeedGenerator
instanceKlass sun/security/provider/AbstractDrbg$SeederHolder
instanceKlass java/security/DrbgParameters$NextBytes
instanceKlass  @bci sun/security/provider/AbstractDrbg <clinit> ()V 12 <appendix> argL0 ; # sun/security/provider/AbstractDrbg$$Lambda+0x0000022494097160
instanceKlass  @cpi sun/security/provider/AbstractDrbg 383 form vmentry <vmtarget> ; # java/lang/invoke/LambdaForm$DMH+0x00000224940c0800
# instanceKlass java/lang/invoke/LambdaForm$DMH+0x00000224940c0400
instanceKlass sun/security/provider/EntropySource
instanceKlass sun/security/provider/AbstractDrbg
instanceKlass java/security/DrbgParameters$Instantiation
instanceKlass java/security/DrbgParameters
instanceKlass sun/security/provider/MoreDrbgParameters
instanceKlass  @bci sun/security/provider/DRBG <init> (Ljava/security/SecureRandomParameters;)V 26 <appendix> argL0 ; # sun/security/provider/DRBG$$Lambda+0x0000022494095c00
instanceKlass java/security/SecureRandomSpi
instanceKlass sun/security/util/SecurityProviderConstants
instanceKlass java/security/Provider$UString
instanceKlass java/security/Provider$Service
instanceKlass sun/security/provider/NativePRNG$NonBlocking
instanceKlass sun/security/provider/NativePRNG$Blocking
instanceKlass sun/security/provider/NativePRNG
instanceKlass sun/security/provider/SunEntries$1
instanceKlass sun/security/provider/SunEntries
instanceKlass java/util/AbstractList$Itr
instanceKlass sun/security/jca/ProviderList$2
instanceKlass jdk/internal/math/FloatingDecimal$ASCIIToBinaryBuffer
instanceKlass jdk/internal/math/FloatingDecimal$PreparedASCIIToBinaryBuffer
instanceKlass jdk/internal/math/FloatingDecimal$ASCIIToBinaryConverter
instanceKlass jdk/internal/math/FloatingDecimal$BinaryToASCIIBuffer
instanceKlass jdk/internal/math/FloatingDecimal$ExceptionalBinaryToASCIIBuffer
instanceKlass jdk/internal/math/FloatingDecimal$BinaryToASCIIConverter
instanceKlass jdk/internal/math/FloatingDecimal
instanceKlass javax/security/auth/login/Configuration$Parameters
instanceKlass java/security/Policy$Parameters
instanceKlass java/security/cert/CertStoreParameters
instanceKlass java/security/SecureRandomParameters
instanceKlass java/security/Provider$EngineDescription
instanceKlass java/security/Provider$ServiceKey
instanceKlass sun/security/jca/ProviderConfig
instanceKlass sun/security/jca/ProviderList
instanceKlass sun/security/jca/Providers
instanceKlass java/rmi/server/UID
instanceKlass java/rmi/server/ObjID
instanceKlass sun/rmi/transport/LiveRef
instanceKlass sun/rmi/server/WeakClassHashMap
instanceKlass  @bci sun/rmi/server/UnicastServerRef <clinit> ()V 49 <appendix> argL0 ; # sun/rmi/server/UnicastServerRef$$Lambda+0x000002249408ca18
instanceKlass  @bci sun/rmi/server/UnicastServerRef <clinit> ()V 32 <appendix> argL0 ; # sun/rmi/server/UnicastServerRef$$Lambda+0x000002249408c7f8
instanceKlass  @bci sun/rmi/server/UnicastServerRef <clinit> ()V 0 <appendix> argL0 ; # sun/rmi/server/UnicastServerRef$$Lambda+0x000002249408c5d8
instanceKlass  @bci sun/rmi/server/UnicastRef <clinit> ()V 21 <appendix> argL0 ; # sun/rmi/server/UnicastRef$$Lambda+0x000002249408c3b8
instanceKlass  @bci sun/rmi/server/Util <clinit> ()V 32 <appendix> argL0 ; # sun/rmi/server/Util$$Lambda+0x000002249408c198
instanceKlass java/util/logging/StreamHandler$1
instanceKlass java/util/logging/Handler$1
instanceKlass java/util/logging/ErrorManager
instanceKlass jdk/internal/logger/SimpleConsoleLogger$Formatting
instanceKlass  @bci java/util/logging/SimpleFormatter <init> ()V 5 <appendix> argL0 ; # java/util/logging/SimpleFormatter$$Lambda+0x000002249408b6d0
instanceKlass java/util/logging/Formatter
instanceKlass sun/rmi/runtime/Log$LoggerLog$1
instanceKlass java/util/logging/Logger$SystemLoggerHelper$1
instanceKlass java/util/logging/Logger$SystemLoggerHelper
instanceKlass sun/rmi/runtime/Log$LoggerLogFactory
instanceKlass sun/rmi/runtime/Log$LogFactory
instanceKlass  @bci sun/rmi/runtime/Log <clinit> ()V 22 <appendix> argL0 ; # sun/rmi/runtime/Log$$Lambda+0x000002249408a268
instanceKlass sun/rmi/runtime/Log
instanceKlass  @bci sun/rmi/server/Util <clinit> ()V 0 <appendix> argL0 ; # sun/rmi/server/Util$$Lambda+0x0000022494089610
instanceKlass sun/rmi/server/Util
instanceKlass sun/rmi/server/UnicastRef
instanceKlass sun/rmi/server/Dispatcher
instanceKlass java/rmi/server/ServerRef
instanceKlass java/rmi/server/RemoteRef
instanceKlass  @bci java/io/ObjectInputFilter$Config$Global <init> (Ljava/lang/String;Z)V 444 <appendix> member <vmtarget> ; # java/io/ObjectInputFilter$Config$Global$$Lambda+0x0000022494088218
instanceKlass  @bci java/io/ObjectInputFilter$Config$Global <init> (Ljava/lang/String;Z)V 534 <appendix> member <vmtarget> ; # java/io/ObjectInputFilter$Config$Global$$Lambda+0x0000022494087fd0
instanceKlass java/io/ObjectInputFilter$Config$Global
instanceKlass  @bci java/io/ObjectInputFilter$Config <clinit> ()V 368 <appendix> argL0 ; # java/io/ObjectInputFilter$Config$$Lambda+0x0000022494087940
instanceKlass jdk/internal/access/JavaObjectInputFilterAccess
instanceKlass java/io/ObjectInputFilter$Config$BuiltinFilterFactory
instanceKlass  @bci java/io/ObjectInputFilter$Config <clinit> ()V 80 <appendix> argL0 ; # java/io/ObjectInputFilter$Config$$Lambda+0x00000224940872d8
instanceKlass  @bci java/io/ObjectInputFilter$Config <clinit> ()V 56 <appendix> argL0 ; # java/io/ObjectInputFilter$Config$$Lambda+0x00000224940870b8
instanceKlass java/util/concurrent/atomic/AtomicBoolean
instanceKlass java/io/ObjectInputFilter
instanceKlass java/io/ObjectInputFilter$Config
instanceKlass javax/management/remote/rmi/RMIServerImpl
instanceKlass javax/management/remote/rmi/RMIServer
instanceKlass java/rmi/Remote
instanceKlass com/sun/jmx/remote/protocol/rmi/ServerProvider
instanceKlass javax/management/remote/JMXConnectorFactory$ProviderFinder
instanceKlass java/util/ServiceLoader$ProviderSpliterator
instanceKlass javax/management/remote/JMXConnectorProvider
instanceKlass  @bci javax/management/remote/JMXConnectorServerFactory getConnectorServerAsService (Ljava/lang/ClassLoader;Ljavax/management/remote/JMXServiceURL;Ljava/util/Map;Ljavax/management/MBeanServer;Ljava/util/function/Predicate;)Ljavax/management/remote/JMXConnectorServer; 3 <appendix> member <vmtarget> ; # javax/management/remote/JMXConnectorServerFactory$$Lambda+0x00000224940851c0
instanceKlass javax/management/remote/JMXAddressable
instanceKlass javax/management/remote/JMXConnectorServerMBean
instanceKlass javax/management/remote/JMXConnectorFactory$ConnectorFactory
instanceKlass  @bci java/util/function/Predicate negate ()Ljava/util/function/Predicate; 1 <appendix> member <vmtarget> ; # java/util/function/Predicate$$Lambda+0x00000224940845d0
instanceKlass  @cpi java/util/function/Predicate 75 form vmentry <vmtarget> ; # java/lang/invoke/LambdaForm$DMH+0x00000224940c0000
instanceKlass  @bci javax/management/remote/JMXConnectorServerFactory newJMXConnectorServer (Ljavax/management/remote/JMXServiceURL;Ljava/util/Map;Ljavax/management/MBeanServer;)Ljavax/management/remote/JMXConnectorServer; 75 <appendix> argL0 ; # javax/management/remote/JMXConnectorServerFactory$$Lambda+0x0000022494084380
instanceKlass javax/management/remote/JMXConnectorFactory$1
instanceKlass javax/management/remote/JMXConnectorFactory
instanceKlass javax/management/remote/JMXConnectorServerProvider
instanceKlass com/sun/jmx/remote/util/EnvHelp
instanceKlass javax/management/remote/JMXConnectorServerFactory
instanceKlass sun/management/jmxremote/LocalRMIServerSocketFactory
instanceKlass java/rmi/server/RMIServerSocketFactory
instanceKlass java/util/StringTokenizer
instanceKlass javax/management/remote/JMXServiceURL
instanceKlass  @bci java/util/stream/Collectors joining (Ljava/lang/CharSequence;Ljava/lang/CharSequence;Ljava/lang/CharSequence;)Ljava/util/stream/Collector; 22 <appendix> argL0 ; # java/util/stream/Collectors$$Lambda+0x800000047
instanceKlass  @bci java/util/stream/Collectors joining (Ljava/lang/CharSequence;Ljava/lang/CharSequence;Ljava/lang/CharSequence;)Ljava/util/stream/Collector; 17 <appendix> argL0 ; # java/util/stream/Collectors$$Lambda+0x800000045
instanceKlass  @bci java/util/stream/Collectors joining (Ljava/lang/CharSequence;Ljava/lang/CharSequence;Ljava/lang/CharSequence;)Ljava/util/stream/Collector; 12 <appendix> argL0 ; # java/util/stream/Collectors$$Lambda+0x800000042
instanceKlass  @bci java/util/stream/Collectors joining (Ljava/lang/CharSequence;Ljava/lang/CharSequence;Ljava/lang/CharSequence;)Ljava/util/stream/Collector; 7 <appendix> member <vmtarget> ; # java/util/stream/Collectors$$Lambda+0x80000004a
instanceKlass  @bci java/lang/Class methodToString (Ljava/lang/String;[Ljava/lang/Class;)Ljava/lang/String; 42 <appendix> argL0 ; # java/lang/Class$$Lambda+0x0000022494082e38
instanceKlass jdk/management/jfr/FlightRecorderMXBeanImpl$MXBeanListener
instanceKlass jdk/jfr/FlightRecorderListener
instanceKlass jdk/jfr/FlightRecorder
instanceKlass javax/management/NotificationFilter
instanceKlass javax/management/NotificationListener
instanceKlass java/util/EventListener
instanceKlass jdk/jfr/Recording
instanceKlass javax/management/StandardMBean$MBeanInfoSafeAction
instanceKlass jdk/jfr/internal/management/StreamManager
instanceKlass jdk/management/jfr/EventTypeInfo
instanceKlass jdk/management/jfr/ConfigurationInfo
instanceKlass jdk/management/jfr/RecordingInfo
instanceKlass sun/reflect/generics/tree/VoidDescriptor
instanceKlass sun/reflect/generics/tree/LongSignature
instanceKlass jdk/management/jfr/SettingDescriptorInfo$1
instanceKlass jdk/management/jfr/SettingDescriptorInfo
instanceKlass  @bci java/lang/management/DefaultPlatformMBeanProvider$10 nameToMBeanMap ()Ljava/util/Map; 36 <appendix> member <vmtarget> ; # java/lang/management/DefaultPlatformMBeanProvider$10$$Lambda+0x000002249400fad0
instanceKlass sun/management/ManagementFactoryHelper$1
instanceKlass  @bci java/util/stream/Collectors toList ()Ljava/util/stream/Collector; 14 <appendix> argL0 ; # java/util/stream/Collectors$$Lambda+0x000002249400f608
instanceKlass  @bci java/util/stream/Collectors toList ()Ljava/util/stream/Collector; 9 <appendix> argL0 ; # java/util/stream/Collectors$$Lambda+0x000002249400f3d8
instanceKlass  @bci java/util/stream/Collectors toList ()Ljava/util/stream/Collector; 4 <appendix> argL0 ; # java/util/stream/Collectors$$Lambda+0x000002249400f1b8
instanceKlass  @bci sun/management/ManagementFactoryHelper getBufferPoolMXBeans ()Ljava/util/List; 25 <appendix> argL0 ; # sun/management/ManagementFactoryHelper$$Lambda+0x000002249400ef78
instanceKlass java/lang/management/BufferPoolMXBean
instanceKlass sun/nio/ch/FileChannelImpl$2
instanceKlass sun/nio/ch/FileChannelImpl$1
instanceKlass jdk/internal/misc/VM$BufferPoolsHolder
instanceKlass com/sun/management/VMOption
instanceKlass com/sun/management/internal/HotSpotDiagnostic
instanceKlass com/sun/management/HotSpotDiagnosticMXBean
instanceKlass com/sun/management/GcInfo
instanceKlass javax/management/openmbean/CompositeDataView
# instanceKlass java/lang/invoke/LambdaForm$MH+0x000002249400d800
instanceKlass  @bci jdk/jfr/internal/dcmd/DCmdCheck getHelp ()[Ljava/lang/String; 6 <appendix> argL0 ; # jdk/jfr/internal/dcmd/DCmdCheck$$Lambda+0x000002249401f3b8
instanceKlass  @bci jdk/jfr/internal/dcmd/DCmdDump getHelp ()[Ljava/lang/String; 27 <appendix> argL0 ; # jdk/jfr/internal/dcmd/DCmdDump$$Lambda+0x000002249401f198
instanceKlass  @bci jdk/jfr/internal/dcmd/DCmdStart getHelp ()[Ljava/lang/String; 57 <appendix> argL0 ; # jdk/jfr/internal/dcmd/DCmdStart$$Lambda+0x000002249401ef78
instanceKlass  @bci jdk/jfr/internal/util/Utils format (Ljava/lang/String;Ljava/util/Map;)Ljava/lang/String; 31 <appendix> argL0 ; # jdk/jfr/internal/util/Utils$$Lambda+0x000002249401ece0
instanceKlass java/util/AbstractMap$KeyIterator
instanceKlass jdk/jfr/internal/util/Utils
instanceKlass  @bci java/util/regex/CharPredicates ASCII_SPACE ()Ljava/util/regex/Pattern$BmpCharPredicate; 0 <appendix> argL0 ; # java/util/regex/CharPredicates$$Lambda+0x80000002f
instanceKlass java/util/regex/CharPredicates
instanceKlass  @bci jdk/jfr/internal/jfc/model/JFCModel add (Ljdk/jfr/internal/jfc/model/ControlElement;)V 10 <appendix> argL0 ; # jdk/jfr/internal/jfc/model/JFCModel$$Lambda+0x000002249401e898
instanceKlass  @bci jdk/jfr/internal/jfc/model/JFCModel <init> (Ljdk/jfr/internal/jfc/model/XmlConfiguration;)V 25 <appendix> argL0 ; # jdk/jfr/internal/jfc/model/JFCModel$$Lambda+0x000002249401e668
instanceKlass jdk/jfr/internal/jfc/model/ControlElement
# instanceKlass java/lang/invoke/LambdaForm$DMH+0x000002249400d400
# instanceKlass java/lang/invoke/LambdaForm$DMH+0x000002249400d000
instanceKlass java/lang/invoke/MethodHandle$1
instanceKlass jdk/jfr/internal/jfc/model/SettingsLog
instanceKlass jdk/jfr/internal/jfc/model/Utilities
instanceKlass jdk/jfr/internal/jfc/model/XmlElement
instanceKlass jdk/internal/util/xml/impl/Input
instanceKlass jdk/internal/org/xml/sax/InputSource
instanceKlass jdk/internal/org/xml/sax/helpers/DefaultHandler
instanceKlass jdk/internal/org/xml/sax/ErrorHandler
instanceKlass jdk/internal/org/xml/sax/ContentHandler
instanceKlass jdk/internal/org/xml/sax/DTDHandler
instanceKlass jdk/internal/org/xml/sax/EntityResolver
instanceKlass jdk/internal/util/xml/impl/Pair
instanceKlass jdk/internal/util/xml/impl/Attrs
instanceKlass jdk/internal/org/xml/sax/Attributes
instanceKlass jdk/internal/util/xml/impl/Parser
instanceKlass jdk/internal/org/xml/sax/Locator
instanceKlass jdk/internal/org/xml/sax/XMLReader
instanceKlass jdk/internal/util/xml/SAXParser
instanceKlass jdk/jfr/internal/jfc/model/Parser
instanceKlass sun/nio/ch/IOStatus
instanceKlass java/nio/channels/NetworkChannel
instanceKlass sun/nio/ch/SelChImpl
instanceKlass sun/nio/ch/Streams
instanceKlass java/nio/channels/Channels
instanceKlass sun/nio/ch/FileChannelImpl$Closer
instanceKlass sun/nio/ch/NativeThreadSet
instanceKlass java/nio/channels/spi/AbstractInterruptibleChannel$1
instanceKlass sun/nio/ch/Interruptible
instanceKlass java/nio/channels/spi/AbstractInterruptibleChannel
instanceKlass java/nio/channels/InterruptibleChannel
instanceKlass java/nio/channels/ScatteringByteChannel
instanceKlass java/nio/channels/GatheringByteChannel
instanceKlass java/nio/channels/SeekableByteChannel
instanceKlass java/nio/channels/ByteChannel
instanceKlass java/nio/channels/WritableByteChannel
instanceKlass java/nio/channels/ReadableByteChannel
instanceKlass java/nio/channels/Channel
instanceKlass sun/nio/fs/WindowsChannelFactory$Flags
instanceKlass sun/nio/fs/WindowsChannelFactory$1
instanceKlass sun/nio/fs/WindowsChannelFactory
instanceKlass sun/nio/fs/WindowsSecurityDescriptor
instanceKlass java/nio/file/attribute/FileAttribute
instanceKlass  @bci jdk/jfr/internal/SecuritySupport newFileInputStream (Ljdk/jfr/internal/SecuritySupport$SafePath;)Ljava/io/InputStream; 1 <appendix> member <vmtarget> ; # jdk/jfr/internal/SecuritySupport$$Lambda+0x0000022494013338
instanceKlass  @bci jdk/jfr/internal/SecuritySupport getFileSize (Ljdk/jfr/internal/SecuritySupport$SafePath;)J 1 <appendix> member <vmtarget> ; # jdk/jfr/internal/SecuritySupport$$Lambda+0x0000022494013110
instanceKlass jdk/jfr/internal/jfc/JFC$KnownConfiguration
instanceKlass jdk/jfr/internal/jfc/model/JFCModel
instanceKlass  @bci jdk/jfr/internal/dcmd/DCmdStart jfcOptions ()Ljava/lang/String; 45 <appendix> argL0 ; # jdk/jfr/internal/dcmd/DCmdStart$$Lambda+0x0000022494012ac0
instanceKlass jdk/jfr/internal/jfc/JFC
instanceKlass  @bci jdk/jfr/internal/SecuritySupport isDirectory (Ljdk/jfr/internal/SecuritySupport$SafePath;)Z 1 <appendix> member <vmtarget> ; # jdk/jfr/internal/SecuritySupport$$Lambda+0x0000022494012690
instanceKlass sun/nio/fs/BasicFileAttributesHolder
instanceKlass sun/nio/fs/WindowsDirectoryStream$WindowsDirectoryIterator
instanceKlass sun/nio/fs/WindowsDirectoryStream
instanceKlass java/nio/file/Files$AcceptAllFilter
instanceKlass java/nio/file/DirectoryStream$Filter
instanceKlass jdk/jfr/internal/SecuritySupport$1
instanceKlass  @bci jdk/jfr/internal/SecuritySupport getPredefinedJFCFiles ()Ljava/util/List; 8 <appendix> argL0 ; # jdk/jfr/internal/SecuritySupport$$Lambda+0x00000224940111b0
instanceKlass java/nio/file/DirectoryStream
instanceKlass jdk/jfr/internal/consumer/FileAccess
instanceKlass jdk/jfr/internal/SecuritySupport$4
instanceKlass  @bci jdk/jfr/internal/SecuritySupport getPathInProperty (Ljava/lang/String;Ljava/lang/String;)Ljdk/jfr/internal/SecuritySupport$SafePath; 2 <appendix> member <vmtarget> ; # jdk/jfr/internal/SecuritySupport$$Lambda+0x0000022494010228
instanceKlass  @cpi com/fasterxml/jackson/datatype/jsr310/deser/InstantDeserializer 390 form vmentry <vmtarget> ; # java/lang/invoke/LambdaForm$DMH+0x000002249400cc00
instanceKlass jdk/jfr/internal/SecuritySupport$SafePath
instanceKlass jdk/jfr/internal/SecuritySupport$CallableWithoutCheckException
instanceKlass jdk/jfr/internal/SecuritySupport
instanceKlass  @bci jdk/jfr/internal/dcmd/DCmdStop getHelp ()[Ljava/lang/String; 19 <appendix> argL0 ; # jdk/jfr/internal/dcmd/DCmdStop$$Lambda+0x000002249403f478
instanceKlass java/util/Formattable
instanceKlass  @bci jdk/jfr/internal/dcmd/DCmdView getHelp ()[Ljava/lang/String; 111 <appendix> argL0 ; # jdk/jfr/internal/dcmd/DCmdView$$Lambda+0x000002249403f258
instanceKlass jdk/jfr/internal/util/Columnizer$Column
instanceKlass jdk/jfr/internal/util/Tokenizer
instanceKlass  @bci jdk/internal/module/SystemModuleFinders$SystemModuleReader open (Ljava/lang/String;)Ljava/util/Optional; 6 <appendix> member <vmtarget> ; # jdk/internal/module/SystemModuleFinders$SystemModuleReader$$Lambda+0x000002249403e9c8
instanceKlass jdk/jfr/internal/query/ViewFile
instanceKlass jdk/jfr/internal/util/Columnizer
instanceKlass jdk/jfr/internal/query/ViewPrinter
instanceKlass java/util/stream/AbstractSpinedBuffer
instanceKlass  @bci java/util/stream/ReferencePipeline toArray ()[Ljava/lang/Object; 1 <appendix> argL0 ; # java/util/stream/ReferencePipeline$$Lambda+0x000002249403e178
instanceKlass java/util/ImmutableCollections$Access$1
instanceKlass jdk/internal/access/JavaUtilCollectionAccess
instanceKlass java/util/ImmutableCollections$Access
instanceKlass java/lang/StringLatin1$LinesSpliterator
instanceKlass com/sun/management/internal/DiagnosticCommandImpl$Wrapper
instanceKlass jdk/jfr/internal/util/Output$LinePrinter
instanceKlass jdk/jfr/internal/util/Output
instanceKlass jdk/jfr/internal/dcmd/AbstractDCmd
instanceKlass com/sun/management/internal/DiagnosticCommandArgumentInfo
instanceKlass com/sun/management/internal/DiagnosticCommandInfo
instanceKlass com/sun/management/internal/DiagnosticCommandImpl$OperationInfoComparator
instanceKlass sun/management/ClassLoadingImpl
instanceKlass java/lang/management/ClassLoadingMXBean
instanceKlass javax/management/MBeanInfo$ArrayGettersSafeAction
instanceKlass javax/management/openmbean/OpenMBeanOperationInfo
instanceKlass java/util/logging/LogManager$4
instanceKlass jdk/internal/logger/BootstrapLogger$BootstrapExecutors
instanceKlass sun/security/util/SecurityConstants
instanceKlass jdk/internal/logger/LoggerFinderLoader
instanceKlass  @bci java/lang/System$LoggerFinder accessProvider ()Ljava/lang/System$LoggerFinder; 8 <appendix> argL0 ; # java/lang/System$LoggerFinder$$Lambda+0x0000022494039028
instanceKlass  @bci java/util/stream/MatchOps makeRef (Ljava/util/function/Predicate;Ljava/util/stream/MatchOps$MatchKind;)Ljava/util/stream/TerminalOp; 20 <appendix> member <vmtarget> ; # java/util/stream/MatchOps$$Lambda+0x800000050
instanceKlass java/util/stream/MatchOps$BooleanTerminalSink
instanceKlass java/util/stream/MatchOps$MatchOp
instanceKlass java/util/stream/MatchOps
instanceKlass java/util/stream/Streams
instanceKlass java/util/stream/Stream$Builder
instanceKlass java/util/stream/Streams$AbstractStreamBuilderImpl
instanceKlass  @bci java/util/logging/Level$KnownLevel findByName (Ljava/lang/String;Ljava/util/function/Function;)Ljava/util/Optional; 29 <appendix> argL0 ; # java/util/logging/Level$KnownLevel$$Lambda+0x80000002c
instanceKlass  @bci java/util/logging/Level findLevel (Ljava/lang/String;)Ljava/util/logging/Level; 13 <appendix> argL0 ; # java/util/logging/Level$$Lambda+0x80000001a
instanceKlass java/util/Hashtable$Enumerator
instanceKlass java/util/Collections$3
instanceKlass java/util/logging/LogManager$LoggerContext$1
instanceKlass java/util/logging/LogManager$VisitedLoggers
instanceKlass java/util/logging/Logger$ConfigurationData
instanceKlass java/util/logging/Logger$LoggerBundle
instanceKlass java/util/logging/Handler
instanceKlass java/util/logging/LogManager$2
instanceKlass java/util/logging/Logging
instanceKlass java/util/logging/LogManager$LoggingProviderAccess
instanceKlass java/lang/Shutdown$Lock
instanceKlass java/lang/Shutdown
instanceKlass java/lang/ApplicationShutdownHooks$1
instanceKlass java/lang/ApplicationShutdownHooks
instanceKlass java/util/Collections$SynchronizedMap
instanceKlass java/util/logging/LogManager$LogNode
instanceKlass java/util/logging/LogManager$LoggerContext
instanceKlass java/util/logging/LogManager$1
instanceKlass  @bci java/util/logging/Level$KnownLevel add (Ljava/util/logging/Level;)V 49 <appendix> argL0 ; # java/util/logging/Level$KnownLevel$$Lambda+0x80000002b
instanceKlass  @bci java/util/logging/Level$KnownLevel add (Ljava/util/logging/Level;)V 19 <appendix> argL0 ; # java/util/logging/Level$KnownLevel$$Lambda+0x80000002a
instanceKlass java/util/logging/Level
instanceKlass java/util/logging/LoggingMXBean
instanceKlass java/util/logging/Logger
instanceKlass sun/management/ManagementFactoryHelper$PlatformLoggingImpl
instanceKlass java/lang/management/PlatformLoggingMXBean
instanceKlass sun/management/CompilationImpl
instanceKlass java/lang/management/CompilationMXBean
instanceKlass sun/management/VMManagementImpl$1
instanceKlass java/lang/management/MemoryUsage
instanceKlass sun/management/Sensor
instanceKlass sun/management/MemoryPoolImpl
instanceKlass java/lang/management/MemoryPoolMXBean
instanceKlass  @bci org/springframework/boot/context/properties/ConfigurationPropertiesBeanRegistrar getName (Ljava/lang/Class;Lorg/springframework/core/annotation/MergedAnnotation;)Ljava/lang/String; 35 <appendix> form vmentry <vmtarget> ; # java/lang/invoke/LambdaForm$MH+0x000002249400c800
instanceKlass java/lang/invoke/LambdaFormEditor$1
# instanceKlass java/lang/invoke/LambdaForm$MH+0x000002249400c400
instanceKlass  @bci org/springframework/boot/context/properties/ConfigurationPropertiesBeanRegistrar getName (Ljava/lang/Class;Lorg/springframework/core/annotation/MergedAnnotation;)Ljava/lang/String; 35 <appendix> argL3 form vmentry <vmtarget> ; # java/lang/invoke/LambdaForm$MH+0x000002249400c000
instanceKlass  @bci org/springframework/boot/logging/logback/DefaultLogbackConfiguration <clinit> ()V 45 <appendix> argL4 argL2 form vmentry <vmtarget> ; # java/lang/invoke/LambdaForm$MH+0x000002249400bc00
# instanceKlass java/lang/invoke/LambdaForm$MH+0x000002249400b800
# instanceKlass java/lang/invoke/LambdaForm$MH+0x000002249400b400
# instanceKlass java/lang/invoke/LambdaForm$MH+0x000002249400b000
instanceKlass  @bci org/springframework/boot/context/properties/ConfigurationPropertiesBeanRegistrar getName (Ljava/lang/Class;Lorg/springframework/core/annotation/MergedAnnotation;)Ljava/lang/String; 35 <appendix> argL1 form vmentry <vmtarget> ; # java/lang/invoke/LambdaForm$MH+0x000002249400ac00
# instanceKlass java/lang/invoke/LambdaForm$MH+0x000002249400a800
# instanceKlass java/lang/invoke/LambdaForm$MH+0x000002249400a400
# instanceKlass java/lang/invoke/LambdaForm$MH+0x000002249400a000
# instanceKlass java/lang/invoke/LambdaForm$MH+0x0000022494009c00
instanceKlass sun/management/Util
instanceKlass  @bci java/util/stream/Collectors uniqKeysMapMerger ()Ljava/util/function/BinaryOperator; 0 <appendix> argL0 ; # java/util/stream/Collectors$$Lambda+0x0000022494035438
instanceKlass  @bci java/util/stream/Collectors uniqKeysMapAccumulator (Ljava/util/function/Function;Ljava/util/function/Function;)Ljava/util/function/BiConsumer; 2 <appendix> member <vmtarget> ; # java/util/stream/Collectors$$Lambda+0x0000022494035200
instanceKlass  @bci java/util/stream/Collectors toMap (Ljava/util/function/Function;Ljava/util/function/Function;)Ljava/util/stream/Collector; 4 <appendix> argL0 ; # java/util/stream/Collectors$$Lambda+0x0000022494034fe0
instanceKlass  @bci java/util/function/Function identity ()Ljava/util/function/Function; 0 <appendix> argL0 ; # java/util/function/Function$$Lambda+0x0000022494034da0
instanceKlass  @bci java/lang/management/DefaultPlatformMBeanProvider$5 nameToMBeanMap ()Ljava/util/Map; 21 <appendix> argL0 ; # java/lang/management/DefaultPlatformMBeanProvider$5$$Lambda+0x0000022494034b60
instanceKlass  @bci java/lang/management/DefaultPlatformMBeanProvider$5 nameToMBeanMap ()Ljava/util/Map; 11 <appendix> member <vmtarget> ; # java/lang/management/DefaultPlatformMBeanProvider$5$$Lambda+0x0000022494034908
instanceKlass  @cpi org/springframework/data/repository/config/FragmentMetadata 119 form vmentry <vmtarget> ; # java/lang/invoke/LambdaForm$DMH+0x0000022494009800
instanceKlass java/util/ArrayList$ArrayListSpliterator
instanceKlass com/sun/management/GarbageCollectorMXBean
instanceKlass java/lang/management/GarbageCollectorMXBean
instanceKlass java/lang/management/MemoryManagerMXBean
instanceKlass java/lang/management/MemoryMXBean
instanceKlass javax/management/DescriptorKey
instanceKlass java/lang/annotation/Target
# instanceKlass java/lang/invoke/LambdaForm$MH+0x0000022494009400
instanceKlass java/lang/reflect/Proxy$ProxyBuilder$1
instanceKlass jdk/internal/classfile/impl/TemporaryConstantPool
instanceKlass  @bci jdk/internal/classfile/impl/StackMapDecoder writeTypeInfo (Ljdk/internal/classfile/impl/BufWriterImpl;Ljava/lang/classfile/attribute/StackMapFrameInfo$VerificationTypeInfo;)V 21 <appendix> argL0 member <vmtarget> ; # jdk/internal/classfile/impl/StackMapDecoder$$TypeSwitch+0x0000022494031f10
instanceKlass java/lang/classfile/attribute/StackMapFrameInfo$UninitializedVerificationTypeInfo
instanceKlass jdk/internal/classfile/impl/StackMapDecoder
instanceKlass jdk/internal/classfile/impl/StackCounter
instanceKlass  @bci java/lang/reflect/ProxyGenerator lambda$generateLookupAccessor$6 (Ljava/lang/classfile/MethodBuilder;)V 30 <appendix> member <vmtarget> ; # java/lang/reflect/ProxyGenerator$$Lambda+0x0000022494031050
instanceKlass  @bci java/lang/reflect/ProxyGenerator generateLookupAccessor (Ljava/lang/classfile/ClassBuilder;)V 10 <appendix> member <vmtarget> ; # java/lang/reflect/ProxyGenerator$$Lambda+0x0000022494030e18
instanceKlass java/lang/classfile/constantpool/StringEntry
instanceKlass java/lang/classfile/instruction/StoreInstruction
instanceKlass java/lang/classfile/constantpool/DoubleEntry
instanceKlass java/lang/classfile/constantpool/LongEntry
instanceKlass java/lang/classfile/constantpool/ConstantValueEntry
instanceKlass java/lang/classfile/instruction/ConstantInstruction$LoadConstantInstruction
instanceKlass  @bci java/lang/reflect/ProxyGenerator generateStaticInitializer (Ljava/lang/classfile/ClassBuilder;)V 10 <appendix> member <vmtarget> ; # java/lang/reflect/ProxyGenerator$$Lambda+0x000002249402f710
instanceKlass java/lang/classfile/instruction/ArrayStoreInstruction
instanceKlass java/lang/classfile/instruction/NewReferenceArrayInstruction
instanceKlass java/lang/classfile/attribute/StackMapTableAttribute
instanceKlass java/lang/classfile/attribute/StackMapFrameInfo
instanceKlass java/lang/classfile/instruction/NewObjectInstruction
instanceKlass java/lang/classfile/instruction/ThrowInstruction
instanceKlass java/lang/classfile/instruction/ExceptionCatch
instanceKlass java/lang/classfile/instruction/FieldInstruction
instanceKlass  @bci java/lang/reflect/ProxyGenerator$ProxyMethod lambda$generateMethod$1 (Ljava/util/List;Ljava/lang/classfile/MethodBuilder;)V 31 <appendix> member <vmtarget> ; # java/lang/reflect/ProxyGenerator$ProxyMethod$$Lambda+0x000002249402c9f8
instanceKlass java/lang/classfile/attribute/ExceptionsAttribute
instanceKlass  @bci java/lang/reflect/ProxyGenerator$ProxyMethod generateMethod (Ljava/lang/classfile/ClassBuilder;)V 90 <appendix> member <vmtarget> ; # java/lang/reflect/ProxyGenerator$ProxyMethod$$Lambda+0x000002249402c0a8
instanceKlass jdk/internal/classfile/impl/TerminalFieldBuilder
instanceKlass  @bci java/lang/classfile/ClassBuilder withField (Ljava/lang/String;Ljava/lang/constant/ClassDesc;I)Ljava/lang/classfile/ClassBuilder; 4 <appendix> member <vmtarget> ; # java/lang/classfile/ClassBuilder$$Lambda+0x000002249402b930
instanceKlass  @cpi java/lang/classfile/ClassBuilder 205 form vmentry <vmtarget> ; # java/lang/invoke/LambdaForm$DMH+0x0000022494009000
instanceKlass java/lang/classfile/FieldBuilder
instanceKlass  @bci java/lang/reflect/ProxyGenerator generateConstructor (Ljava/lang/classfile/ClassBuilder;)V 8 <appendix> member <vmtarget> ; # java/lang/reflect/ProxyGenerator$$Lambda+0x000002249402b4f8
instanceKlass java/lang/classfile/Interfaces
instanceKlass java/lang/classfile/Superclass
instanceKlass  @bci java/lang/reflect/ProxyGenerator generateClassFile ()[B 188 <appendix> member <vmtarget> ; # java/lang/reflect/ProxyGenerator$$Lambda+0x000002249402aa10
instanceKlass  @cpi org/springframework/beans/factory/config/ConstructorArgumentValues 329 form vmentry <vmtarget> ; # java/lang/invoke/LambdaForm$DMH+0x0000022494008c00
instanceKlass  @bci java/lang/reflect/ProxyGenerator addProxyMethod (Ljava/lang/reflect/Method;Ljava/lang/Class;)V 23 <appendix> argL0 ; # java/lang/reflect/ProxyGenerator$$Lambda+0x000002249402a7d0
instanceKlass  @bci java/lang/reflect/ProxyGenerator addProxyMethod (Ljava/lang/reflect/ProxyGenerator$ProxyMethod;)V 10 <appendix> argL0 ; # java/lang/reflect/ProxyGenerator$$Lambda+0x000002249402a590
instanceKlass java/util/StringJoiner
instanceKlass java/lang/reflect/ProxyGenerator$ProxyMethod
instanceKlass java/lang/classfile/constantpool/InterfaceMethodRefEntry
instanceKlass java/lang/classfile/constantpool/FieldRefEntry
instanceKlass java/lang/classfile/attribute/StackMapFrameInfo$ObjectVerificationTypeInfo
instanceKlass java/lang/classfile/attribute/StackMapFrameInfo$VerificationTypeInfo
instanceKlass  @bci jdk/internal/classfile/impl/StackMapDecoder writeTypeInfo (Ljdk/internal/classfile/impl/BufWriterImpl;Ljava/lang/classfile/attribute/StackMapFrameInfo$VerificationTypeInfo;)V 21 <appendix> form vmentry <vmtarget> ; # java/lang/invoke/LambdaForm$MH+0x0000022494008800
# instanceKlass java/lang/invoke/LambdaForm$MH+0x0000022494008400
instanceKlass java/lang/runtime/SwitchBootstraps$ResolvedEnumLabels
instanceKlass  @bci jdk/internal/classfile/impl/ClassFileImpl withOptions ([Ljava/lang/classfile/ClassFile$Option;)Ljdk/internal/classfile/impl/ClassFileImpl; 99 <appendix> argL0 member <vmtarget> ; # jdk/internal/classfile/impl/ClassFileImpl$$TypeSwitch+0x0000022494028c40
instanceKlass jdk/internal/org/objectweb/asm/ClassReader
instanceKlass jdk/internal/classfile/impl/ClassReaderImpl
instanceKlass java/lang/classfile/ClassReader
instanceKlass jdk/internal/classfile/impl/RawBytecodeHelper
instanceKlass java/util/BitSet
instanceKlass jdk/internal/classfile/impl/StackMapGenerator$Frame
instanceKlass jdk/internal/classfile/impl/ClassHierarchyImpl$CachedClassHierarchyResolver$1
instanceKlass java/lang/classfile/ClassHierarchyResolver$ClassHierarchyInfo
instanceKlass jdk/internal/classfile/impl/ClassHierarchyImpl$CachedClassHierarchyResolver
instanceKlass jdk/internal/classfile/impl/StackMapGenerator
instanceKlass jdk/internal/classfile/impl/DirectCodeBuilder$8
instanceKlass jdk/internal/classfile/impl/AbstractAttributeMapper
instanceKlass java/lang/classfile/AttributeMapper
instanceKlass java/lang/classfile/Attributes
instanceKlass java/lang/classfile/Attribute
instanceKlass java/lang/classfile/instruction/TypeCheckInstruction
instanceKlass java/lang/classfile/instruction/TableSwitchInstruction
instanceKlass java/lang/classfile/instruction/SwitchCase
instanceKlass java/lang/classfile/instruction/ReturnInstruction
instanceKlass java/lang/classfile/instruction/ConstantInstruction$IntrinsicConstantInstruction
instanceKlass java/lang/classfile/instruction/BranchInstruction
instanceKlass java/lang/classfile/instruction/StackInstruction
instanceKlass java/lang/classfile/instruction/InvokeInstruction
instanceKlass java/lang/classfile/constantpool/MethodRefEntry
instanceKlass java/lang/classfile/constantpool/MemberRefEntry
instanceKlass java/lang/classfile/constantpool/NameAndTypeEntry
instanceKlass java/lang/classfile/instruction/ConstantInstruction$ArgumentConstantInstruction
instanceKlass java/lang/classfile/instruction/ConstantInstruction
instanceKlass java/lang/classfile/CodeBuilder$1
instanceKlass jdk/internal/classfile/impl/BytecodeHelpers$1
instanceKlass jdk/internal/classfile/impl/BytecodeHelpers
instanceKlass java/lang/classfile/instruction/LoadInstruction
instanceKlass java/lang/classfile/Instruction
instanceKlass java/lang/classfile/instruction/LabelTarget
instanceKlass java/lang/classfile/PseudoInstruction
instanceKlass java/lang/classfile/CodeElement
instanceKlass java/lang/classfile/Label
instanceKlass jdk/internal/classfile/impl/BufWriterImpl
instanceKlass java/lang/classfile/BufWriter
instanceKlass jdk/internal/classfile/impl/TerminalCodeBuilder
instanceKlass jdk/internal/classfile/impl/LabelContext
instanceKlass jdk/internal/classfile/impl/MethodInfo
instanceKlass jdk/internal/classfile/impl/TerminalMethodBuilder
instanceKlass  @bci java/lang/classfile/ClassBuilder withMethodBody (Ljava/lang/classfile/constantpool/Utf8Entry;Ljava/lang/classfile/constantpool/Utf8Entry;ILjava/util/function/Consumer;)Ljava/lang/classfile/ClassBuilder; 6 <appendix> member <vmtarget> ; # java/lang/classfile/ClassBuilder$$Lambda+0x800000002
instanceKlass java/lang/classfile/MethodBuilder
instanceKlass  @bci java/lang/runtime/SwitchBootstraps generateTypeSwitchSkeleton (Ljava/lang/Class;[Ljava/lang/Object;Ljava/util/List;Ljava/util/List;)Ljava/util/function/Consumer; 24 <appendix> member <vmtarget> ; # java/lang/runtime/SwitchBootstraps$$Lambda+0x80000000f
instanceKlass java/lang/classfile/CodeBuilder
instanceKlass jdk/internal/classfile/impl/AbstractElement
instanceKlass java/lang/classfile/AccessFlags
instanceKlass java/lang/classfile/FieldElement
instanceKlass java/lang/classfile/MethodElement
instanceKlass java/lang/classfile/ClassElement
instanceKlass jdk/internal/classfile/impl/AttributeHolder
instanceKlass jdk/internal/classfile/impl/AbstractDirectBuilder
instanceKlass java/lang/classfile/constantpool/ClassEntry
instanceKlass java/lang/classfile/constantpool/LoadableConstantEntry
instanceKlass java/lang/classfile/constantpool/Utf8Entry
instanceKlass java/lang/classfile/constantpool/AnnotationConstantValueEntry
instanceKlass jdk/internal/classfile/impl/EntryMap
instanceKlass jdk/internal/classfile/impl/AbstractPoolEntry
instanceKlass jdk/internal/classfile/impl/Util
instanceKlass jdk/internal/classfile/impl/BootstrapMethodEntryImpl
instanceKlass java/lang/classfile/BootstrapMethodEntry
instanceKlass java/lang/classfile/constantpool/PoolEntry
instanceKlass jdk/internal/classfile/impl/SplitConstantPool
instanceKlass java/lang/classfile/constantpool/ConstantPoolBuilder
instanceKlass java/lang/classfile/WritableElement
instanceKlass java/lang/classfile/ClassFileElement
instanceKlass java/lang/classfile/constantpool/ConstantPool
instanceKlass  @bci java/lang/runtime/SwitchBootstraps generateTypeSwitch (Ljava/lang/invoke/MethodHandles$Lookup;Ljava/lang/Class;[Ljava/lang/Object;)Ljava/lang/invoke/MethodHandle; 35 <appendix> member <vmtarget> ; # java/lang/runtime/SwitchBootstraps$$Lambda+0x800000011
instanceKlass java/lang/classfile/ClassBuilder
instanceKlass java/lang/classfile/ClassFileBuilder
instanceKlass java/lang/invoke/DirectMethodHandle$1
instanceKlass java/util/function/BiPredicate
instanceKlass jdk/internal/misc/PreviewFeatures
instanceKlass java/lang/runtime/SwitchBootstraps
instanceKlass jdk/internal/classfile/impl/ClassFileImpl$1
instanceKlass java/lang/classfile/ClassFile$AttributeMapperOption
instanceKlass jdk/internal/classfile/impl/ClassHierarchyImpl$ClassLoadingClassHierarchyResolver$1
instanceKlass jdk/internal/classfile/impl/ClassHierarchyImpl$ClassLoadingClassHierarchyResolver
instanceKlass jdk/internal/classfile/impl/ClassHierarchyImpl
instanceKlass java/lang/classfile/ClassHierarchyResolver
instanceKlass java/lang/classfile/ClassFile$ClassHierarchyResolverOption
instanceKlass java/lang/classfile/ClassFile
instanceKlass java/lang/classfile/ClassFile$Option
instanceKlass java/lang/reflect/ProxyGenerator
instanceKlass  @bci java/lang/reflect/Proxy getLoader (Ljava/lang/Module;)Ljava/lang/ClassLoader; 6 <appendix> member <vmtarget> ; # java/lang/reflect/Proxy$$Lambda+0x00000224940257d8
instanceKlass  @bci java/lang/WeakPairMap computeIfAbsent (Ljava/lang/Object;Ljava/lang/Object;Ljava/util/function/BiFunction;)Ljava/lang/Object; 18 <appendix> member <vmtarget> ; # java/lang/WeakPairMap$$Lambda+0x0000022494025380
instanceKlass  @bci java/lang/Module implAddExportsOrOpens (Ljava/lang/String;Ljava/lang/Module;ZZ)V 145 <appendix> argL0 ; # java/lang/Module$$Lambda+0x0000022494025150
instanceKlass  @bci java/lang/module/ModuleDescriptor$Builder packages (Ljava/util/Set;)Ljava/lang/module/ModuleDescriptor$Builder; 17 <appendix> argL0 ; # java/lang/module/ModuleDescriptor$Builder$$Lambda+0x800000004
instanceKlass jdk/internal/module/Checks
instanceKlass java/lang/module/ModuleDescriptor$Builder
instanceKlass  @bci java/lang/reflect/Proxy$ProxyBuilder getDynamicModule (Ljava/lang/ClassLoader;)Ljava/lang/Module; 4 <appendix> argL0 ; # java/lang/reflect/Proxy$ProxyBuilder$$Lambda+0x00000224940247f8
instanceKlass java/lang/reflect/Proxy$ProxyBuilder
instanceKlass  @bci java/lang/reflect/Proxy getProxyConstructor (Ljava/lang/Class;Ljava/lang/ClassLoader;[Ljava/lang/Class;)Ljava/lang/reflect/Constructor; 35 <appendix> argL0 ; # java/lang/reflect/Proxy$$Lambda+0x00000224940243b8
instanceKlass java/lang/reflect/Proxy
instanceKlass sun/reflect/annotation/AnnotationInvocationHandler
instanceKlass java/lang/reflect/InvocationHandler
instanceKlass sun/reflect/annotation/AnnotationParser$1
instanceKlass java/lang/annotation/Documented
instanceKlass java/lang/annotation/Inherited
instanceKlass java/lang/annotation/Retention
instanceKlass sun/reflect/annotation/ExceptionProxy
instanceKlass sun/reflect/annotation/AnnotationType$1
instanceKlass sun/reflect/annotation/AnnotationType
instanceKlass java/lang/Deprecated
instanceKlass sun/management/BaseOperatingSystemImpl
instanceKlass com/sun/management/OperatingSystemMXBean
instanceKlass java/lang/management/OperatingSystemMXBean
instanceKlass com/sun/jmx/mbeanserver/PerInterface$MethodAndSig
instanceKlass  @bci org/springframework/boot/context/properties/bind/IndexedElementsBinder <clinit> ()V 23 <appendix> form vmentry <vmtarget> ; # java/lang/invoke/LambdaForm$MH+0x0000022494008000
instanceKlass  @bci org/springframework/boot/context/properties/bind/IndexedElementsBinder <clinit> ()V 23 <appendix> argL3 form vmentry <vmtarget> ; # java/lang/invoke/LambdaForm$MH+0x0000022494007c00
# instanceKlass java/lang/invoke/LambdaForm$MH+0x0000022494007800
# instanceKlass java/lang/invoke/LambdaForm$MH+0x0000022494007400
instanceKlass  @bci org/springframework/boot/autoconfigure/condition/NoneNestedConditions getFinalMatchOutcome (Lorg/springframework/boot/autoconfigure/condition/AbstractNestedCondition$MemberMatchOutcomes;)Lorg/springframework/boot/autoconfigure/condition/ConditionOutcome; 46 <appendix> argL1 argL1 form vmentry <vmtarget> ; # java/lang/invoke/LambdaForm$MH+0x0000022494007000
# instanceKlass java/lang/invoke/LambdaForm$MH+0x0000022494006c00
instanceKlass java/lang/management/LockInfo
instanceKlass java/lang/management/ThreadInfo
instanceKlass sun/management/ThreadImpl
instanceKlass com/sun/management/ThreadMXBean
instanceKlass java/lang/management/ThreadMXBean
instanceKlass com/sun/jmx/mbeanserver/WeakIdentityHashMap
instanceKlass com/sun/jmx/mbeanserver/MXBeanLookup
instanceKlass com/sun/jmx/mbeanserver/PerInterface$InitMaps
instanceKlass com/sun/jmx/mbeanserver/PerInterface
instanceKlass javax/management/openmbean/OpenMBeanAttributeInfo
instanceKlass javax/management/openmbean/OpenMBeanParameterInfo
instanceKlass com/sun/jmx/mbeanserver/MBeanIntrospector$MBeanInfoMaker
instanceKlass com/sun/jmx/mbeanserver/MBeanAnalyzer$MBeanVisitor
instanceKlass  @bci org/springframework/cglib/core/TypeUtils parseConstructor (Ljava/lang/String;)Lorg/springframework/cglib/core/Signature; 1 <appendix> form vmentry <vmtarget> ; # java/lang/invoke/LambdaForm$MH+0x0000022494006800
# instanceKlass java/lang/invoke/LambdaForm$MH+0x0000022494006400
instanceKlass  @bci org/springframework/cglib/core/TypeUtils parseConstructor (Ljava/lang/String;)Lorg/springframework/cglib/core/Signature; 1 <appendix> argL3 form vmentry <vmtarget> ; # java/lang/invoke/LambdaForm$MH+0x0000022494006000
instanceKlass java/lang/invoke/MethodHandles$1
instanceKlass java/lang/Long$LongCache
# instanceKlass java/lang/invoke/LambdaForm$MH+0x0000022494005c00
instanceKlass  @bci org/springframework/cglib/core/TypeUtils parseConstructor (Ljava/lang/String;)Lorg/springframework/cglib/core/Signature; 1 <appendix> argL2 form vmentry <vmtarget> ; # java/lang/invoke/LambdaForm$MH+0x0000022494005800
# instanceKlass java/lang/invoke/LambdaForm$MH+0x0000022494005400
instanceKlass  @bci org/springframework/cglib/core/TypeUtils parseConstructor (Ljava/lang/String;)Lorg/springframework/cglib/core/Signature; 1 <appendix> argL1 form vmentry <vmtarget> ; # java/lang/invoke/LambdaForm$MH+0x0000022494005000
# instanceKlass java/lang/invoke/LambdaForm$MH+0x0000022494004c00
instanceKlass java/lang/reflect/GenericArrayType
instanceKlass sun/reflect/generics/reflectiveObjects/LazyReflectiveObjectGenerator
instanceKlass sun/reflect/generics/tree/TypeVariableSignature
instanceKlass sun/reflect/generics/tree/ClassSignature
instanceKlass sun/reflect/generics/reflectiveObjects/ParameterizedTypeImpl
instanceKlass java/lang/reflect/ParameterizedType
instanceKlass sun/reflect/generics/visitor/Reifier
instanceKlass sun/reflect/generics/visitor/TypeTreeVisitor
instanceKlass sun/reflect/generics/tree/MethodTypeSignature
instanceKlass sun/reflect/generics/tree/Signature
instanceKlass sun/reflect/generics/tree/ClassTypeSignature
instanceKlass sun/reflect/generics/tree/SimpleClassTypeSignature
instanceKlass sun/reflect/generics/tree/FieldTypeSignature
instanceKlass sun/reflect/generics/tree/TypeArgument
instanceKlass sun/reflect/generics/tree/BaseType
instanceKlass sun/reflect/generics/tree/TypeSignature
instanceKlass sun/reflect/generics/tree/ReturnType
instanceKlass sun/reflect/generics/tree/FormalTypeParameter
instanceKlass sun/reflect/generics/tree/TypeTree
instanceKlass sun/reflect/generics/tree/Tree
instanceKlass sun/reflect/generics/parser/SignatureParser
instanceKlass java/lang/reflect/TypeVariable
instanceKlass sun/reflect/generics/repository/AbstractRepository
instanceKlass sun/reflect/generics/factory/CoreReflectionFactory
instanceKlass sun/reflect/generics/factory/GenericsFactory
instanceKlass sun/reflect/generics/scope/AbstractScope
instanceKlass sun/reflect/generics/scope/Scope
instanceKlass com/sun/jmx/mbeanserver/MBeanAnalyzer$AttrMethods
instanceKlass jdk/internal/reflect/FieldAccessor
# instanceKlass java/lang/invoke/LambdaForm$MH+0x0000022494004800
instanceKlass com/sun/jmx/mbeanserver/MXBeanMapping
instanceKlass javax/management/openmbean/TabularData
instanceKlass javax/management/openmbean/CompositeData
instanceKlass javax/management/openmbean/OpenType
instanceKlass com/sun/jmx/mbeanserver/MXBeanMappingFactory
instanceKlass com/sun/jmx/mbeanserver/ConvertingMethod
instanceKlass com/sun/jmx/mbeanserver/MBeanAnalyzer$MethodOrder
instanceKlass java/util/LinkedHashMap$LinkedHashIterator
instanceKlass java/lang/PublicMethods
instanceKlass com/sun/jmx/mbeanserver/MBeanAnalyzer
instanceKlass com/sun/jmx/mbeanserver/MBeanIntrospector
instanceKlass sun/reflect/misc/ReflectUtil
instanceKlass java/lang/Class$AnnotationData
instanceKlass javax/management/MXBean
instanceKlass com/sun/jmx/mbeanserver/MBeanSupport
instanceKlass com/sun/jmx/mbeanserver/DescriptorCache
instanceKlass javax/management/JMX
instanceKlass javax/management/StandardMBean
instanceKlass  @bci java/lang/management/ManagementFactory addMXBean (Ljavax/management/MBeanServer;Ljava/lang/String;Ljava/lang/Object;)V 8 <appendix> member <vmtarget> ; # java/lang/management/ManagementFactory$$Lambda+0x0000022494070810
instanceKlass java/util/Collections$2
instanceKlass java/util/AbstractMap$SimpleImmutableEntry
instanceKlass sun/management/RuntimeImpl
instanceKlass java/lang/management/RuntimeMXBean
instanceKlass java/util/stream/ReferencePipeline$7$1FlatMap
instanceKlass java/util/stream/ForEachOps$ForEachOp
instanceKlass java/util/stream/ForEachOps
instanceKlass  @bci java/lang/management/ManagementFactory getPlatformMBeanServer ()Ljavax/management/MBeanServer; 63 <appendix> argL0 ; # java/lang/management/ManagementFactory$$Lambda+0x000002249406fde8
instanceKlass  @bci java/lang/management/ManagementFactory getPlatformMBeanServer ()Ljavax/management/MBeanServer; 53 <appendix> argL0 ; # java/lang/management/ManagementFactory$$Lambda+0x000002249406fba8
instanceKlass  @bci java/lang/management/ManagementFactory getPlatformMBeanServer ()Ljavax/management/MBeanServer; 43 <appendix> argL0 ; # java/lang/management/ManagementFactory$$Lambda+0x000002249406f958
instanceKlass java/lang/WeakPairMap$Pair$Lookup
instanceKlass java/lang/WeakPairMap$Pair
instanceKlass java/lang/WeakPairMap
instanceKlass java/lang/Module$ReflectionData
instanceKlass  @cpi org/springframework/context/annotation/ConfigurationClassParser 1034 form vmentry <vmtarget> ; # java/lang/invoke/LambdaForm$DMH+0x0000022494004400
instanceKlass java/util/HashMap$HashMapSpliterator
instanceKlass java/util/Collections$1
instanceKlass jdk/management/jfr/internal/FlightRecorderMXBeanProvider$SingleMBeanComponent
instanceKlass jdk/management/jfr/FlightRecorderMXBean
instanceKlass java/lang/management/PlatformManagedObject
instanceKlass java/lang/management/DefaultPlatformMBeanProvider$11
instanceKlass java/lang/management/DefaultPlatformMBeanProvider$10
instanceKlass java/lang/management/DefaultPlatformMBeanProvider$9
instanceKlass java/util/logging/LogManager
instanceKlass sun/management/ManagementFactoryHelper$LoggingMXBeanAccess$1
instanceKlass sun/management/ManagementFactoryHelper$LoggingMXBeanAccess
instanceKlass java/lang/management/DefaultPlatformMBeanProvider$8
instanceKlass java/lang/management/DefaultPlatformMBeanProvider$7
instanceKlass java/lang/management/DefaultPlatformMBeanProvider$6
instanceKlass java/lang/management/DefaultPlatformMBeanProvider$5
instanceKlass java/lang/management/DefaultPlatformMBeanProvider$4
instanceKlass java/lang/management/DefaultPlatformMBeanProvider$3
instanceKlass java/lang/management/DefaultPlatformMBeanProvider$2
instanceKlass java/lang/management/DefaultPlatformMBeanProvider$1
instanceKlass com/sun/management/internal/PlatformMBeanProviderImpl$5
instanceKlass sun/management/VMManagementImpl
instanceKlass sun/management/VMManagement
instanceKlass sun/management/ManagementFactoryHelper
instanceKlass sun/management/NotificationEmitterSupport
instanceKlass com/sun/management/DiagnosticCommandMBean
instanceKlass com/sun/management/internal/PlatformMBeanProviderImpl$4
instanceKlass com/sun/management/internal/PlatformMBeanProviderImpl$3
instanceKlass com/sun/management/internal/PlatformMBeanProviderImpl$2
instanceKlass com/sun/management/internal/PlatformMBeanProviderImpl$1
instanceKlass sun/management/spi/PlatformMBeanProvider$PlatformComponent
instanceKlass  @bci com/sun/management/internal/PlatformMBeanProviderImpl <clinit> ()V 8 <appendix> argL0 ; # com/sun/management/internal/PlatformMBeanProviderImpl$$Lambda+0x000002249406a848
instanceKlass java/util/concurrent/Callable
instanceKlass sun/management/spi/PlatformMBeanProvider
instanceKlass sun/security/util/SecurityProperties
instanceKlass sun/security/util/FilePermCompat
instanceKlass java/io/FilePermission$1
instanceKlass jdk/internal/access/JavaIOFilePermissionAccess
instanceKlass java/lang/management/ManagementFactory$PlatformMBeanFinder$1
instanceKlass java/lang/management/ManagementFactory$PlatformMBeanFinder
instanceKlass com/sun/jmx/mbeanserver/JmxMBeanServer$3
instanceKlass javax/management/ObjectInstance
instanceKlass java/util/EventObject
instanceKlass com/sun/jmx/mbeanserver/NamedObject
instanceKlass com/sun/jmx/interceptor/DefaultMBeanServerInterceptor$ResourceContext$1
instanceKlass com/sun/jmx/interceptor/DefaultMBeanServerInterceptor$ResourceContext
instanceKlass com/sun/jmx/mbeanserver/Repository$RegistrationContext
instanceKlass com/sun/jmx/mbeanserver/DynamicMBean2
instanceKlass sun/util/logging/PlatformLogger
instanceKlass sun/util/logging/PlatformLogger$ConfigurableBridge$LoggerConfiguration
instanceKlass jdk/internal/logger/BootstrapLogger$RedirectedLoggers
instanceKlass com/sun/jmx/defaults/JmxProperties
instanceKlass com/sun/jmx/mbeanserver/Introspector
instanceKlass com/sun/jmx/mbeanserver/JmxMBeanServer$2
instanceKlass com/sun/jmx/interceptor/DefaultMBeanServerInterceptor
instanceKlass com/sun/jmx/interceptor/MBeanServerInterceptor
instanceKlass java/util/concurrent/locks/ReentrantReadWriteLock$WriteLock
instanceKlass java/util/concurrent/locks/ReentrantReadWriteLock$ReadLock
instanceKlass java/util/concurrent/locks/ReentrantReadWriteLock
instanceKlass java/util/concurrent/locks/ReadWriteLock
instanceKlass com/sun/jmx/mbeanserver/Repository
instanceKlass com/sun/jmx/mbeanserver/JmxMBeanServer$1
instanceKlass com/sun/jmx/mbeanserver/SecureClassLoaderRepository
instanceKlass com/sun/jmx/mbeanserver/MBeanInstantiator
instanceKlass com/sun/jmx/mbeanserver/ClassLoaderRepositorySupport$LoaderEntry
instanceKlass com/sun/jmx/mbeanserver/ClassLoaderRepositorySupport
instanceKlass com/sun/jmx/mbeanserver/ModifiableClassLoaderRepository
instanceKlass javax/management/loading/ClassLoaderRepository
instanceKlass javax/management/ImmutableDescriptor
instanceKlass javax/management/Descriptor
instanceKlass com/sun/jmx/remote/util/ClassLogger
instanceKlass javax/management/NotificationBroadcasterSupport$1
instanceKlass java/util/concurrent/Executor
instanceKlass javax/management/NotificationBroadcasterSupport
instanceKlass java/util/ComparableTimSort
instanceKlass javax/management/ObjectName$Property
instanceKlass javax/management/ObjectName
instanceKlass javax/management/QueryExp
instanceKlass com/sun/jmx/mbeanserver/Util
instanceKlass javax/management/MBeanInfo
instanceKlass javax/management/MBeanFeatureInfo
instanceKlass javax/management/DescriptorRead
instanceKlass javax/management/MBeanServerDelegate
instanceKlass javax/management/NotificationEmitter
instanceKlass javax/management/NotificationBroadcaster
instanceKlass javax/management/MBeanServerDelegateMBean
instanceKlass javax/management/MBeanRegistration
instanceKlass javax/management/DynamicMBean
instanceKlass com/sun/jmx/mbeanserver/JmxMBeanServer
instanceKlass com/sun/jmx/mbeanserver/SunJmxMBeanServer
instanceKlass javax/management/MBeanServer
instanceKlass javax/management/MBeanServerConnection
instanceKlass javax/management/MBeanServerBuilder
instanceKlass com/sun/jmx/mbeanserver/GetPropertyAction
instanceKlass javax/management/MBeanServerFactory
instanceKlass  @bci java/lang/management/ManagementFactory loadNativeLib ()V 0 <appendix> argL0 ; # java/lang/management/ManagementFactory$$Lambda+0x000002249405dda0
instanceKlass java/lang/management/ManagementFactory
instanceKlass java/util/concurrent/atomic/Striped64$1
instanceKlass jdk/internal/util/random/RandomSupport
instanceKlass java/util/Random
instanceKlass java/util/random/RandomGenerator
instanceKlass java/net/InetAddress$CachedLookup
instanceKlass java/security/Security$1
instanceKlass jdk/internal/access/JavaSecurityPropertiesAccess
instanceKlass  @bci java/security/Security <clinit> ()V 9 <appendix> argL0 ; # java/security/Security$$Lambda+0x800000012
instanceKlass java/security/Security
instanceKlass sun/net/InetAddressCachePolicy$1
instanceKlass sun/net/InetAddressCachePolicy
instanceKlass java/util/stream/Nodes$ArrayNode
instanceKlass java/util/stream/Node$Builder
instanceKlass java/util/stream/Node$OfDouble
instanceKlass java/util/stream/Node$OfLong
instanceKlass java/util/stream/Node$OfInt
instanceKlass java/util/stream/Node$OfPrimitive
instanceKlass java/util/stream/Nodes$EmptyNode
instanceKlass java/util/stream/Node
instanceKlass java/util/stream/Nodes
instanceKlass  @bci java/net/InetAddress getAddressesFromNameService (Ljava/lang/String;)[Ljava/net/InetAddress; 94 <appendix> argL0 ; # java/net/InetAddress$$Lambda+0x000002249405c898
instanceKlass java/util/function/IntFunction
instanceKlass jdk/internal/misc/Blocker
instanceKlass  @bci java/net/InetAddress loadResolver ()Ljava/net/spi/InetAddressResolver; 8 <appendix> argL0 ; # java/net/InetAddress$$Lambda+0x000002249405c658
instanceKlass java/net/spi/InetAddressResolverProvider
instanceKlass java/net/InetAddress$NameServiceAddresses
instanceKlass java/net/InetAddress$Addresses
instanceKlass java/util/concurrent/ConcurrentSkipListMap$Iter
instanceKlass  @bci org/springframework/cglib/core/SpringNamingPolicy getClassName (Ljava/lang/String;Ljava/lang/String;Ljava/lang/Object;Lorg/springframework/cglib/core/Predicate;)Ljava/lang/String; 67 <appendix> form vmentry <vmtarget> ; # java/lang/invoke/LambdaForm$MH+0x0000022494004000
instanceKlass sun/management/jmxremote/ConnectorBootstrap$PermanentExporter
instanceKlass com/sun/jmx/remote/internal/rmi/RMIExporter
instanceKlass jdk/internal/logger/LazyLoggers$LazyLoggerAccessor
instanceKlass jdk/internal/logger/LazyLoggers$LoggerAccessor
instanceKlass jdk/internal/logger/AbstractLoggerWrapper
instanceKlass sun/util/logging/internal/LoggingProviderImpl$LogManagerAccess
instanceKlass jdk/internal/logger/BootstrapLogger$DetectBackend$1
instanceKlass jdk/internal/logger/BootstrapLogger$DetectBackend
instanceKlass jdk/internal/logger/BootstrapLogger
instanceKlass sun/util/logging/PlatformLogger$ConfigurableBridge
instanceKlass sun/util/logging/PlatformLogger$Bridge
instanceKlass java/lang/System$Logger
instanceKlass jdk/internal/logger/DefaultLoggerFinder$1
instanceKlass java/lang/System$LoggerFinder
instanceKlass jdk/internal/logger/LazyLoggers$LazyLoggerFactories
instanceKlass sun/nio/ch/Util$BufferCache
instanceKlass jdk/internal/logger/LazyLoggers$1
instanceKlass jdk/internal/logger/LazyLoggers
instanceKlass sun/management/jmxremote/ConnectorBootstrap
instanceKlass sun/nio/ch/Util
instanceKlass jdk/internal/event/Event
instanceKlass sun/nio/ch/NativeThread
instanceKlass sun/net/NetHooks
instanceKlass sun/net/spi/DefaultProxySelector$3
instanceKlass sun/net/spi/DefaultProxySelector$NonProxyInfo
instanceKlass java/util/Properties$LineReader
instanceKlass sun/net/NetProperties$1
instanceKlass sun/net/NetProperties
instanceKlass sun/net/spi/DefaultProxySelector$1
instanceKlass java/net/Proxy
instanceKlass java/util/TimSort
instanceKlass java/util/Arrays$LegacyMergeSort
instanceKlass java/net/ProxySelector
instanceKlass  @bci java/util/Map$Entry comparingByKey ()Ljava/util/Comparator; 0 <appendix> argL0 ; # java/util/Map$Entry$$Lambda+0x00000224940555a0
instanceKlass java/net/SocksSocketImpl$3
instanceKlass  @bci sun/nio/ch/NioSocketImpl closerFor (Ljava/io/FileDescriptor;Z)Ljava/lang/Runnable; 5 <appendix> member <vmtarget> ; # sun/nio/ch/NioSocketImpl$$Lambda+0x0000022494055148
instanceKlass  @cpi jdk/jfr/internal/jfc/model/JFCModel 472 form vmentry <vmtarget> ; # java/lang/invoke/LambdaForm$DMH+0x0000022494003c00
instanceKlass java/text/AttributedCharacterIterator$Attribute
instanceKlass java/text/FieldPosition
instanceKlass java/text/Format
instanceKlass jdk/net/ExtendedSocketOptions$2
instanceKlass jdk/net/ExtendedSocketOptions$PlatformSocketOptions
instanceKlass java/util/Locale$Builder
instanceKlass sun/util/locale/provider/CalendarDataUtility
instanceKlass sun/util/locale/provider/AvailableLanguageTags
instanceKlass jdk/net/ExtendedSocketOptions$ExtSocketOption
instanceKlass java/net/SocketOption
instanceKlass  @bci sun/util/locale/provider/JRELocaleProviderAdapter getDecimalFormatSymbolsProvider ()Ljava/text/spi/DecimalFormatSymbolsProvider; 8 <appendix> member <vmtarget> ; # sun/util/locale/provider/JRELocaleProviderAdapter$$Lambda+0x80000006b
instanceKlass jdk/net/ExtendedSocketOptions
instanceKlass sun/net/ext/ExtendedSocketOptions
instanceKlass java/text/DecimalFormatSymbols
instanceKlass java/net/Inet6Address$Inet6AddressHolder
instanceKlass java/util/Formatter$FormatSpecifier
instanceKlass sun/nio/ch/Net$1
instanceKlass java/util/Formatter$Flags
instanceKlass java/net/ProtocolFamily
instanceKlass java/util/Formatter$FormatSpecifierParser
instanceKlass sun/nio/ch/Net
instanceKlass java/util/Formatter$Conversion
instanceKlass java/util/Formatter$FixedString
instanceKlass java/util/Formatter$FormatString
instanceKlass java/util/Formatter
instanceKlass java/net/SocksConsts
instanceKlass sun/nio/ch/IOUtil
instanceKlass sun/nio/ch/NativeDispatcher
instanceKlass sun/net/PlatformSocketImpl
instanceKlass java/net/SocketImpl
instanceKlass java/net/SocketOptions
instanceKlass java/net/InetSocketAddress$InetSocketAddressHolder
instanceKlass java/net/InetAddress$PlatformResolver
instanceKlass java/net/spi/InetAddressResolver
instanceKlass java/net/spi/InetAddressResolver$LookupPolicy
instanceKlass java/net/Inet4AddressImpl
instanceKlass java/net/Inet6AddressImpl
instanceKlass java/net/InetAddressImpl
instanceKlass java/util/concurrent/ConcurrentSkipListMap$Node
instanceKlass java/util/concurrent/ConcurrentSkipListMap$Index
instanceKlass java/util/concurrent/ConcurrentNavigableMap
instanceKlass  @bci sun/util/cldr/CLDRTimeZoneNameProviderImpl toGMTFormat (Ljava/lang/String;ZLjava/util/Locale;)Ljava/lang/String; 79 <appendix> argL0 ; # sun/util/cldr/CLDRTimeZoneNameProviderImpl$$Lambda+0x000002249404ef30
instanceKlass java/net/InetAddress$InetAddressHolder
instanceKlass java/net/InetAddress$1
instanceKlass jdk/internal/access/JavaNetInetAddressAccess
instanceKlass  @bci sun/util/cldr/CLDRTimeZoneNameProviderImpl toGMTFormat (Ljava/lang/String;ZLjava/util/Locale;)Ljava/lang/String; 71 <appendix> argL0 ; # sun/util/cldr/CLDRTimeZoneNameProviderImpl$$Lambda+0x000002249404ecf0
instanceKlass java/net/InetAddress
instanceKlass  @cpi com/fasterxml/jackson/datatype/jsr310/ser/OffsetDateTimeSerializer 74 form vmentry <vmtarget> ; # java/lang/invoke/LambdaForm$DMH+0x0000022494003800
instanceKlass java/net/SocketAddress
instanceKlass  @bci sun/util/cldr/CLDRTimeZoneNameProviderImpl toGMTFormat (Ljava/lang/String;ZLjava/util/Locale;)Ljava/lang/String; 63 <appendix> member <vmtarget> ; # sun/util/cldr/CLDRTimeZoneNameProviderImpl$$Lambda+0x000002249404e150
instanceKlass java/net/Socket
instanceKlass jdk/internal/agent/Agent
instanceKlass java/util/Collections$UnmodifiableList$1
instanceKlass java/util/ReverseOrderListView$DescendingIterator
instanceKlass java/io/Reader
instanceKlass java/util/stream/WhileOps$DropWhileSink
instanceKlass  @bci sun/util/cldr/CLDRTimeZoneNameProviderImpl toGMTFormat (Ljava/lang/String;ZLjava/util/Locale;)Ljava/lang/String; 46 <appendix> member <vmtarget> ; # sun/util/cldr/CLDRTimeZoneNameProviderImpl$$Lambda+0x000002249404c450
instanceKlass java/util/stream/WhileOps$DropWhileOp
instanceKlass com/intellij/rt/execution/application/AppMainV2
instanceKlass java/util/stream/WhileOps
instanceKlass  @bci sun/util/cldr/CLDRTimeZoneNameProviderImpl toGMTFormat (Ljava/lang/String;ZLjava/util/Locale;)Ljava/lang/String; 34 <appendix> member <vmtarget> ; # sun/util/cldr/CLDRTimeZoneNameProviderImpl$$Lambda+0x000002249404b898
instanceKlass java/util/ReverseOrderListView
instanceKlass  @bci jdk/internal/reflect/DirectConstructorHandleAccessor invokeImpl ([Ljava/lang/Object;)Ljava/lang/Object; 88 <adapter> ; # java/lang/invoke/LambdaForm$MH+0x0000022494003400
instanceKlass java/time/Clock
instanceKlass java/time/InstantSource
# instanceKlass java/lang/invoke/LambdaForm$MH+0x0000022494003000
# instanceKlass java/lang/invoke/LambdaForm$MH+0x0000022494002c00
# instanceKlass java/lang/invoke/LambdaForm$MH+0x0000022494002800
instanceKlass sun/util/cldr/CLDRBaseLocaleDataMetaInfo$CLDRMapHolder
instanceKlass  @bci org/springframework/cglib/core/TypeUtils map (Ljava/lang/String;)Ljava/lang/String; 38 <appendix> form vmentry <vmtarget> ; # java/lang/invoke/LambdaForm$MH+0x0000022494002400
instanceKlass java/time/LocalTime
instanceKlass java/time/Instant
instanceKlass java/time/temporal/ValueRange
# instanceKlass java/lang/invoke/LambdaForm$MH+0x0000022494002000
instanceKlass java/time/Duration
instanceKlass java/time/temporal/TemporalAmount
instanceKlass java/time/temporal/TemporalUnit
instanceKlass java/time/temporal/TemporalField
instanceKlass java/time/LocalDate
instanceKlass java/time/chrono/ChronoLocalDate
instanceKlass sun/invoke/util/VerifyAccess$1
instanceKlass java/time/zone/ZoneOffsetTransition
instanceKlass com/intellij/rt/execution/application/AppMainV2$Agent
instanceKlass  @bci java/time/ZoneOffset ofTotalSeconds (I)Ljava/time/ZoneOffset; 37 <appendix> argL0 ; # java/time/ZoneOffset$$Lambda+0x800000013
instanceKlass java/security/Permission
instanceKlass java/security/Guard
instanceKlass sun/nio/ByteBuffered
instanceKlass java/lang/Package$VersionInfo
instanceKlass java/time/LocalDateTime
instanceKlass java/time/chrono/ChronoLocalDateTime
instanceKlass java/time/temporal/TemporalAdjuster
instanceKlass java/time/temporal/Temporal
instanceKlass java/time/temporal/TemporalAccessor
instanceKlass java/time/zone/ZoneOffsetTransitionRule
instanceKlass java/time/zone/ZoneRules
instanceKlass jdk/internal/loader/Resource
instanceKlass java/time/zone/Ser
instanceKlass java/io/Externalizable
instanceKlass java/nio/charset/CharsetDecoder
instanceKlass java/lang/Readable
instanceKlass jdk/internal/loader/URLClassPath$1
instanceKlass java/lang/CompoundEnumeration
instanceKlass jdk/internal/loader/BuiltinClassLoader$1
instanceKlass jdk/internal/loader/BuiltinClassLoader$2
instanceKlass jdk/internal/module/Resources
instanceKlass java/util/Spliterators$1Adapter
instanceKlass java/util/Spliterators$ArraySpliterator
instanceKlass java/util/Arrays$ArrayItr
instanceKlass java/time/zone/ZoneRulesProvider$1
instanceKlass java/time/zone/ZoneRulesProvider
instanceKlass java/time/ZoneId
instanceKlass sun/util/resources/Bundles$CacheKeyReference
instanceKlass  @bci java/util/ResourceBundle$ResourceBundleProviderHelper newResourceBundle (Ljava/lang/Class;)Ljava/util/ResourceBundle; 22 <appendix> member <vmtarget> ; # java/util/ResourceBundle$ResourceBundleProviderHelper$$Lambda+0x800000019
instanceKlass java/util/ResourceBundle$ResourceBundleProviderHelper
instanceKlass  @bci sun/util/cldr/CLDRLocaleProviderAdapter applyAliases (Ljava/util/Locale;)Ljava/util/Locale; 4 <appendix> argL0 ; # sun/util/cldr/CLDRLocaleProviderAdapter$$Lambda+0x800000064
instanceKlass sun/util/resources/Bundles$CacheKey
instanceKlass java/util/ResourceBundle$1
instanceKlass jdk/internal/access/JavaUtilResourceBundleAccess
instanceKlass sun/util/resources/Bundles
instanceKlass sun/util/resources/LocaleData$LocaleDataStrategy
instanceKlass sun/util/resources/Bundles$Strategy
instanceKlass sun/util/resources/LocaleData$1
instanceKlass sun/util/resources/LocaleData
instanceKlass java/util/regex/Pattern$BitClass
instanceKlass java/util/regex/ASCII
instanceKlass sun/util/locale/provider/LocaleResources
instanceKlass java/util/Collections$EmptyEnumeration
instanceKlass sun/util/resources/provider/NonBaseLocaleDataMetaInfo
instanceKlass  @bci sun/util/locale/provider/JRELocaleProviderAdapter createSupportedLocaleString (Ljava/lang/String;)Ljava/lang/String; 6 <appendix> member <vmtarget> ; # sun/util/locale/provider/JRELocaleProviderAdapter$$Lambda+0x0000022494047238
instanceKlass sun/util/locale/provider/BaseLocaleDataMetaInfo
instanceKlass  @bci sun/util/locale/provider/JRELocaleProviderAdapter getTimeZoneNameProvider ()Ljava/util/spi/TimeZoneNameProvider; 8 <appendix> member <vmtarget> ; # sun/util/locale/provider/JRELocaleProviderAdapter$$Lambda+0x0000022494046db8
instanceKlass java/util/Collections$EmptyIterator
instanceKlass java/util/regex/IntHashSet
instanceKlass java/util/regex/Matcher
instanceKlass java/util/regex/MatchResult
instanceKlass java/util/regex/Pattern$TreeInfo
instanceKlass  @bci java/util/regex/Pattern Single (I)Ljava/util/regex/Pattern$BmpCharPredicate; 1 <appendix> member <vmtarget> ; # java/util/regex/Pattern$$Lambda+0x800000032
instanceKlass java/util/regex/Pattern$BmpCharPredicate
instanceKlass java/util/regex/Pattern$CharPredicate
instanceKlass java/util/regex/Pattern$Node
instanceKlass java/util/regex/Pattern
instanceKlass  @bci sun/util/cldr/CLDRLocaleProviderAdapter getTimeZoneNameProvider ()Ljava/util/spi/TimeZoneNameProvider; 8 <appendix> member <vmtarget> ; # sun/util/cldr/CLDRLocaleProviderAdapter$$Lambda+0x0000022494045c50
instanceKlass java/util/ServiceLoader$ProviderImpl
instanceKlass java/util/ServiceLoader$Provider
instanceKlass java/util/ServiceLoader$1
instanceKlass java/lang/NamedPackage
instanceKlass sun/util/resources/cldr/provider/CLDRLocaleDataMetaInfo
instanceKlass java/security/SecureClassLoader$DebugHolder
instanceKlass java/security/PermissionCollection
instanceKlass java/security/SecureClassLoader$1
instanceKlass jdk/internal/jimage/ImageLocation
instanceKlass jdk/internal/jimage/decompressor/Decompressor
instanceKlass jdk/internal/jimage/ImageStringsReader
instanceKlass jdk/internal/jimage/ImageStrings
instanceKlass jdk/internal/jimage/ImageHeader
instanceKlass jdk/internal/jimage/NativeImageBuffer$1
instanceKlass jdk/internal/jimage/NativeImageBuffer
instanceKlass jdk/internal/jimage/BasicImageReader$1
instanceKlass jdk/internal/jimage/BasicImageReader
instanceKlass jdk/internal/jimage/ImageReader
instanceKlass jdk/internal/jimage/ImageReaderFactory$1
instanceKlass java/net/URI$Parser
instanceKlass java/nio/file/FileSystems$DefaultFileSystemHolder$1
instanceKlass java/nio/file/FileSystems$DefaultFileSystemHolder
instanceKlass java/nio/file/FileSystems
instanceKlass java/nio/file/Paths
instanceKlass jdk/internal/jimage/ImageReaderFactory
instanceKlass jdk/internal/module/SystemModuleFinders$SystemImage
instanceKlass jdk/internal/module/ModulePatcher$PatchedModuleReader
instanceKlass jdk/internal/module/SystemModuleFinders$SystemModuleReader
instanceKlass java/lang/module/ModuleReader
instanceKlass jdk/internal/loader/BuiltinClassLoader$5
instanceKlass java/util/ServiceLoader$3
instanceKlass java/util/ServiceLoader$2
instanceKlass java/util/ServiceLoader$LazyClassPathLookupIterator
instanceKlass java/util/concurrent/CopyOnWriteArrayList$COWIterator
instanceKlass java/util/ServiceLoader$ModuleServicesLookupIterator
instanceKlass java/util/ServiceLoader
instanceKlass  @bci sun/util/cldr/CLDRLocaleProviderAdapter <init> ()V 4 <appendix> argL0 ; # sun/util/cldr/CLDRLocaleProviderAdapter$$Lambda+0x800000066
instanceKlass sun/util/locale/InternalLocaleBuilder$CaseInsensitiveChar
instanceKlass sun/util/locale/InternalLocaleBuilder
instanceKlass sun/util/locale/StringTokenIterator
instanceKlass sun/util/locale/ParseStatus
instanceKlass sun/util/locale/LanguageTag
instanceKlass sun/util/cldr/CLDRBaseLocaleDataMetaInfo
instanceKlass sun/util/locale/provider/LocaleDataMetaInfo
instanceKlass sun/util/locale/provider/ResourceBundleBasedAdapter
instanceKlass sun/util/locale/provider/LocaleProviderAdapter
instanceKlass  @bci java/util/ResourceBundle$Control getCandidateLocales (Ljava/lang/String;Ljava/util/Locale;)Ljava/util/List; 23 <appendix> argL0 ; # java/util/ResourceBundle$Control$$Lambda+0x800000017
instanceKlass  @bci java/util/ResourceBundle$Control <clinit> ()V 55 <appendix> argL0 ; # java/util/ResourceBundle$Control$$Lambda+0x800000018
instanceKlass java/util/ResourceBundle
instanceKlass java/util/ResourceBundle$Control
instanceKlass sun/util/locale/provider/TimeZoneNameUtility$TimeZoneNameGetter
instanceKlass sun/util/locale/provider/LocaleServiceProviderPool$LocalizedObjectGetter
instanceKlass sun/util/locale/provider/LocaleServiceProviderPool
instanceKlass java/util/spi/LocaleServiceProvider
instanceKlass sun/util/locale/provider/TimeZoneNameUtility
instanceKlass sun/util/calendar/CalendarUtils
instanceKlass sun/util/calendar/CalendarDate
instanceKlass java/util/zip/Checksum$1
instanceKlass java/util/zip/CRC32
instanceKlass java/util/zip/Checksum
instanceKlass sun/util/calendar/ZoneInfoFile$ZoneOffsetTransitionRule
instanceKlass java/io/FileInputStream$1
instanceKlass java/lang/invoke/VarHandle$AccessDescriptor
instanceKlass java/lang/invoke/VarForm
instanceKlass java/lang/invoke/VarHandleGuards
instanceKlass java/lang/ClassValue$Version
instanceKlass java/lang/ClassValue$Identity
instanceKlass java/lang/ClassValue
instanceKlass java/lang/invoke/VarHandles
instanceKlass jdk/internal/util/ByteArray
instanceKlass sun/util/calendar/ZoneInfoFile$1
instanceKlass sun/util/calendar/ZoneInfoFile
instanceKlass java/util/TimeZone
instanceKlass sun/util/calendar/CalendarSystem$GregorianHolder
instanceKlass sun/util/calendar/CalendarSystem
instanceKlass java/util/Date
instanceKlass java/nio/charset/CoderResult
instanceKlass sun/nio/cs/Surrogate
instanceKlass sun/nio/cs/Surrogate$Parser
instanceKlass java/util/concurrent/ConcurrentHashMap$MapEntry
instanceKlass java/util/Collections$SynchronizedCollection
instanceKlass java/util/Properties$EntrySet
instanceKlass jdk/internal/vm/VMSupport
instanceKlass java/util/jar/Attributes$Name
instanceKlass java/util/jar/Attributes
instanceKlass java/util/TreeMap$PrivateEntryIterator
instanceKlass java/util/TreeMap$Entry
instanceKlass java/util/NavigableMap
instanceKlass java/util/SortedMap
instanceKlass java/util/NavigableSet
instanceKlass java/util/SortedSet
instanceKlass sun/security/action/GetIntegerAction
instanceKlass sun/security/util/Debug
instanceKlass sun/security/util/SignatureFileVerifier
instanceKlass java/util/zip/ZipFile$InflaterCleanupAction
instanceKlass java/util/zip/Inflater$InflaterZStreamRef
instanceKlass java/util/zip/Inflater
instanceKlass java/util/zip/ZipEntry
instanceKlass java/util/zip/ZipFile$2
instanceKlass java/nio/Bits$1
instanceKlass jdk/internal/misc/VM$BufferPool
instanceKlass java/nio/Bits
instanceKlass sun/nio/ch/DirectBuffer
instanceKlass jdk/internal/perf/PerfCounter$CoreCounters
instanceKlass jdk/internal/perf/Perf
instanceKlass jdk/internal/perf/Perf$GetPerfAction
instanceKlass jdk/internal/perf/PerfCounter
instanceKlass java/util/Locale$1
instanceKlass sun/util/locale/LocaleUtils
instanceKlass sun/util/locale/BaseLocale$1
instanceKlass java/util/function/UnaryOperator
instanceKlass jdk/internal/util/ReferencedKeyMap$1
instanceKlass sun/util/locale/BaseLocale
instanceKlass java/util/Locale
instanceKlass java/nio/file/attribute/FileTime
instanceKlass java/lang/StringCoding
instanceKlass java/util/zip/ZipUtils
instanceKlass java/util/zip/ZipFile$Source$End
instanceKlass java/io/RandomAccessFile$2
instanceKlass jdk/internal/access/JavaIORandomAccessFileAccess
instanceKlass java/io/RandomAccessFile
instanceKlass java/io/DataInput
instanceKlass java/io/DataOutput
instanceKlass sun/nio/fs/WindowsNativeDispatcher$CompletionStatus
instanceKlass sun/nio/fs/WindowsNativeDispatcher$AclInformation
instanceKlass sun/nio/fs/WindowsNativeDispatcher$Account
instanceKlass sun/nio/fs/WindowsNativeDispatcher$DiskFreeSpace
instanceKlass sun/nio/fs/WindowsNativeDispatcher$VolumeInformation
instanceKlass sun/nio/fs/WindowsNativeDispatcher$FirstStream
instanceKlass sun/nio/fs/WindowsNativeDispatcher$FirstFile
instanceKlass java/util/Enumeration
instanceKlass java/util/concurrent/ConcurrentHashMap$Traverser
instanceKlass sun/nio/fs/WindowsNativeDispatcher
instanceKlass sun/nio/fs/NativeBuffer$Deallocator
instanceKlass sun/nio/fs/NativeBuffer
instanceKlass java/lang/ThreadLocal$ThreadLocalMap
instanceKlass java/lang/ThreadLocal
instanceKlass sun/nio/fs/NativeBuffers
instanceKlass sun/nio/fs/WindowsFileAttributes
instanceKlass java/nio/file/attribute/DosFileAttributes
instanceKlass sun/nio/fs/AbstractBasicFileAttributeView
instanceKlass sun/nio/fs/DynamicFileAttributeView
instanceKlass sun/nio/fs/WindowsFileAttributeViews
instanceKlass sun/nio/fs/Util
instanceKlass java/nio/file/attribute/BasicFileAttributeView
instanceKlass java/nio/file/attribute/FileAttributeView
instanceKlass java/nio/file/attribute/AttributeView
instanceKlass java/nio/file/Files
instanceKlass java/nio/file/CopyOption
instanceKlass java/nio/file/attribute/BasicFileAttributes
instanceKlass sun/nio/fs/WindowsPath
instanceKlass java/util/zip/ZipFile$Source$Key
instanceKlass sun/nio/fs/WindowsPathParser$Result
instanceKlass sun/nio/fs/WindowsPathParser
instanceKlass java/nio/file/FileSystem
instanceKlass java/nio/file/OpenOption
instanceKlass java/nio/file/spi/FileSystemProvider
instanceKlass sun/nio/fs/DefaultFileSystemProvider
instanceKlass java/util/zip/ZipFile$Source
instanceKlass java/util/zip/ZipCoder
instanceKlass java/util/zip/ZipFile$CleanableResource
instanceKlass jdk/internal/util/DecimalDigits
instanceKlass java/lang/Runtime$Version
instanceKlass java/util/jar/JavaUtilJarAccessImpl
instanceKlass jdk/internal/access/JavaUtilJarAccess
instanceKlass jdk/internal/loader/FileURLMapper
instanceKlass jdk/internal/loader/URLClassPath$JarLoader$1
instanceKlass java/util/zip/ZipFile$1
instanceKlass jdk/internal/access/JavaUtilZipFileAccess
instanceKlass java/util/zip/ZipFile
instanceKlass java/util/zip/ZipConstants
instanceKlass jdk/internal/loader/URLClassPath$Loader
instanceKlass jdk/internal/loader/URLClassPath$3
instanceKlass java/security/PrivilegedExceptionAction
instanceKlass sun/net/util/URLUtil
instanceKlass sun/instrument/TransformerManager$TransformerInfo
instanceKlass sun/instrument/TransformerManager
instanceKlass jdk/internal/loader/NativeLibraries$3
instanceKlass jdk/internal/loader/NativeLibrary
instanceKlass java/util/ArrayDeque$DeqIterator
instanceKlass jdk/internal/loader/NativeLibraries$NativeLibraryContext$1
instanceKlass jdk/internal/loader/NativeLibraries$NativeLibraryContext
instanceKlass jdk/internal/loader/NativeLibraries$2
instanceKlass jdk/internal/loader/NativeLibraries$1
instanceKlass jdk/internal/loader/NativeLibraries$LibraryPaths
instanceKlass  @bci sun/instrument/InstrumentationImpl <clinit> ()V 16 <appendix> argL0 ; # sun/instrument/InstrumentationImpl$$Lambda+0x0000022494041700
instanceKlass sun/instrument/InstrumentationImpl
instanceKlass java/lang/instrument/Instrumentation
instanceKlass jdk/internal/vm/ContinuationSupport
instanceKlass java/lang/invoke/StringConcatFactory
instanceKlass jdk/internal/module/ModuleBootstrap$SafeModuleFinder
instanceKlass java/lang/ModuleLayer$Controller
instanceKlass java/util/concurrent/CopyOnWriteArrayList
instanceKlass jdk/internal/module/ServicesCatalog$ServiceProvider
instanceKlass jdk/internal/loader/AbstractClassLoaderValue$Memoizer
instanceKlass jdk/internal/module/ModuleLoaderMap$Mapper
instanceKlass java/lang/module/ResolvedModule
instanceKlass java/util/Collections$UnmodifiableCollection$1
instanceKlass java/util/SequencedMap
instanceKlass java/util/SequencedSet
instanceKlass java/lang/ModuleLayer
instanceKlass java/util/ImmutableCollections$ListItr
instanceKlass java/util/ListIterator
instanceKlass java/lang/module/ModuleFinder$1
instanceKlass java/nio/file/Path
instanceKlass java/nio/file/Watchable
instanceKlass java/lang/module/Resolver
instanceKlass java/lang/module/Configuration
instanceKlass  @bci java/util/stream/FindOps$FindSink$OfRef <clinit> ()V 43 <appendix> argL0 ; # java/util/stream/FindOps$FindSink$OfRef$$Lambda+0x80000004c
instanceKlass  @bci java/util/stream/FindOps$FindSink$OfRef <clinit> ()V 38 <appendix> argL0 ; # java/util/stream/FindOps$FindSink$OfRef$$Lambda+0x80000004e
instanceKlass  @bci java/util/stream/FindOps$FindSink$OfRef <clinit> ()V 16 <appendix> argL0 ; # java/util/stream/FindOps$FindSink$OfRef$$Lambda+0x80000004d
instanceKlass  @bci java/util/stream/FindOps$FindSink$OfRef <clinit> ()V 11 <appendix> argL0 ; # java/util/stream/FindOps$FindSink$OfRef$$Lambda+0x80000004f
instanceKlass java/util/stream/FindOps$FindOp
instanceKlass java/util/stream/FindOps$FindSink
instanceKlass java/util/stream/FindOps
instanceKlass  @bci jdk/internal/module/DefaultRoots exportsAPI (Ljava/lang/module/ModuleDescriptor;)Z 9 <appendix> argL0 ; # jdk/internal/module/DefaultRoots$$Lambda+0x800000056
instanceKlass java/util/stream/Sink$ChainedReference
instanceKlass java/util/stream/ReduceOps$AccumulatingSink
instanceKlass java/util/stream/TerminalSink
instanceKlass java/util/stream/Sink
instanceKlass java/util/function/Consumer
instanceKlass java/util/stream/ReduceOps$Box
instanceKlass java/util/stream/ReduceOps$ReduceOp
instanceKlass java/util/stream/TerminalOp
instanceKlass java/util/stream/ReduceOps
instanceKlass  @bci java/util/stream/Collectors castingIdentity ()Ljava/util/function/Function; 0 <appendix> argL0 ; # java/util/stream/Collectors$$Lambda+0x800000046
instanceKlass  @bci java/util/stream/Collectors toSet ()Ljava/util/stream/Collector; 14 <appendix> argL0 ; # java/util/stream/Collectors$$Lambda+0x800000044
instanceKlass java/util/function/BinaryOperator
instanceKlass  @bci java/util/stream/Collectors toSet ()Ljava/util/stream/Collector; 9 <appendix> argL0 ; # java/util/stream/Collectors$$Lambda+0x80000003f
instanceKlass java/util/function/BiConsumer
instanceKlass  @bci java/util/stream/Collectors toSet ()Ljava/util/stream/Collector; 4 <appendix> argL0 ; # java/util/stream/Collectors$$Lambda+0x800000049
instanceKlass java/util/stream/Collector
instanceKlass java/util/Collections$UnmodifiableCollection
instanceKlass java/util/stream/Collectors
instanceKlass  @bci jdk/internal/module/DefaultRoots compute (Ljava/lang/module/ModuleFinder;Ljava/lang/module/ModuleFinder;)Ljava/util/Set; 42 <appendix> argL0 ; # jdk/internal/module/DefaultRoots$$Lambda+0x800000053
instanceKlass  @bci jdk/internal/module/DefaultRoots compute (Ljava/lang/module/ModuleFinder;Ljava/lang/module/ModuleFinder;)Ljava/util/Set; 32 <appendix> member <vmtarget> ; # jdk/internal/module/DefaultRoots$$Lambda+0x800000057
instanceKlass  @bci jdk/internal/module/DefaultRoots compute (Ljava/lang/module/ModuleFinder;Ljava/lang/module/ModuleFinder;)Ljava/util/Set; 21 <appendix> argL0 ; # jdk/internal/module/DefaultRoots$$Lambda+0x800000054
instanceKlass java/util/concurrent/ForkJoinPool$ManagedBlocker
instanceKlass java/util/concurrent/locks/AbstractQueuedSynchronizer$Node
instanceKlass java/lang/ref/Cleaner$Cleanable
instanceKlass jdk/internal/ref/CleanerImpl
instanceKlass java/lang/ref/Cleaner$1
instanceKlass java/lang/ref/Cleaner
instanceKlass jdk/internal/ref/CleanerFactory$1
instanceKlass java/util/concurrent/ThreadFactory
instanceKlass jdk/internal/ref/CleanerFactory
instanceKlass  @bci org/springframework/cglib/core/internal/LoadingCache <clinit> ()V 0 <appendix> form vmentry <vmtarget> ; # java/lang/invoke/LambdaForm$MH+0x0000022494000800
instanceKlass  @bci jdk/internal/module/DefaultRoots compute (Ljava/lang/module/ModuleFinder;Ljava/lang/module/ModuleFinder;)Ljava/util/Set; 11 <appendix> argL0 ; # jdk/internal/module/DefaultRoots$$Lambda+0x800000055
instanceKlass java/lang/invoke/LambdaProxyClassArchive
instanceKlass java/lang/invoke/InfoFromMemberName
instanceKlass java/lang/invoke/MethodHandleInfo
instanceKlass jdk/internal/org/objectweb/asm/ConstantDynamic
instanceKlass jdk/internal/org/objectweb/asm/Handle
instanceKlass sun/security/action/GetBooleanAction
instanceKlass java/lang/invoke/AbstractValidatingLambdaMetafactory
instanceKlass java/lang/invoke/BootstrapMethodInvoker
instanceKlass java/util/function/Predicate
instanceKlass java/lang/invoke/LambdaMetafactory
# instanceKlass java/lang/invoke/LambdaForm$MH+0x0000022494000400
instanceKlass java/lang/invoke/MethodHandles$Lookup$ClassDefiner
instanceKlass java/lang/invoke/MethodHandles$Lookup$ClassFile
instanceKlass jdk/internal/org/objectweb/asm/Handler
instanceKlass jdk/internal/org/objectweb/asm/Attribute
instanceKlass jdk/internal/org/objectweb/asm/FieldVisitor
instanceKlass java/util/ArrayList$Itr
instanceKlass sun/invoke/empty/Empty
instanceKlass sun/invoke/util/VerifyType
instanceKlass java/lang/invoke/InvokerBytecodeGenerator$ClassData
instanceKlass jdk/internal/org/objectweb/asm/AnnotationVisitor
instanceKlass jdk/internal/org/objectweb/asm/Frame
instanceKlass jdk/internal/org/objectweb/asm/Label
instanceKlass jdk/internal/org/objectweb/asm/Type
instanceKlass jdk/internal/org/objectweb/asm/MethodVisitor
instanceKlass sun/invoke/util/BytecodeDescriptor
instanceKlass jdk/internal/org/objectweb/asm/ByteVector
instanceKlass jdk/internal/org/objectweb/asm/Symbol
instanceKlass jdk/internal/org/objectweb/asm/SymbolTable
instanceKlass jdk/internal/org/objectweb/asm/ClassVisitor
instanceKlass java/lang/invoke/LambdaFormBuffer
instanceKlass java/lang/invoke/LambdaFormEditor$TransformKey
instanceKlass java/lang/invoke/LambdaFormEditor
instanceKlass java/lang/invoke/Invokers$Holder
instanceKlass java/lang/invoke/DelegatingMethodHandle$Holder
instanceKlass java/lang/invoke/DirectMethodHandle$2
instanceKlass java/lang/invoke/ClassSpecializer$Factory
instanceKlass java/lang/invoke/ClassSpecializer$SpeciesData
instanceKlass java/lang/invoke/ClassSpecializer$1
instanceKlass java/lang/invoke/ClassSpecializer
instanceKlass java/lang/invoke/InvokerBytecodeGenerator$1
instanceKlass java/lang/invoke/InvokerBytecodeGenerator
instanceKlass java/lang/invoke/LambdaForm$Holder
instanceKlass java/lang/invoke/LambdaForm$Name
instanceKlass java/lang/reflect/Array
instanceKlass java/lang/invoke/Invokers
instanceKlass sun/invoke/util/ValueConversions
instanceKlass java/lang/invoke/DirectMethodHandle$Holder
instanceKlass java/lang/Void
instanceKlass java/lang/constant/DynamicConstantDesc
instanceKlass jdk/internal/constant/DirectMethodHandleDescImpl$1
instanceKlass jdk/internal/constant/ConstantUtils
instanceKlass jdk/internal/constant/DirectMethodHandleDescImpl
instanceKlass java/lang/constant/DirectMethodHandleDesc
instanceKlass java/lang/constant/MethodHandleDesc$1
instanceKlass java/lang/constant/MethodHandleDesc
instanceKlass jdk/internal/constant/MethodTypeDescImpl
instanceKlass java/lang/constant/MethodTypeDesc
instanceKlass jdk/internal/constant/ReferenceClassDescImpl
instanceKlass java/lang/constant/ClassDesc
instanceKlass java/lang/constant/ConstantDescs
instanceKlass sun/invoke/util/Wrapper$Format
instanceKlass java/lang/invoke/MethodHandleImpl$1
instanceKlass jdk/internal/access/JavaLangInvokeAccess
instanceKlass java/lang/invoke/LambdaForm$NamedFunction
instanceKlass java/lang/invoke/MethodHandleImpl
instanceKlass jdk/internal/reflect/MethodHandleAccessorFactory$LazyStaticHolder
instanceKlass java/lang/invoke/MethodTypeForm
instanceKlass jdk/internal/util/StrongReferenceKey
instanceKlass jdk/internal/util/ReferenceKey
instanceKlass jdk/internal/util/ReferencedKeyMap
instanceKlass java/lang/invoke/MethodType$1
instanceKlass sun/reflect/annotation/AnnotationParser
instanceKlass java/lang/Class$3
instanceKlass java/lang/PublicMethods$Key
instanceKlass java/lang/PublicMethods$MethodList
instanceKlass java/util/EnumMap$1
instanceKlass java/util/stream/StreamOpFlag$MaskBuilder
instanceKlass java/util/stream/Stream
instanceKlass java/util/stream/BaseStream
instanceKlass java/util/stream/PipelineHelper
instanceKlass java/util/stream/StreamSupport
instanceKlass java/util/Spliterators$IteratorSpliterator
instanceKlass java/util/Spliterator$OfDouble
instanceKlass java/util/Spliterator$OfLong
instanceKlass java/util/Spliterator$OfInt
instanceKlass java/util/Spliterator$OfPrimitive
instanceKlass java/util/Spliterator
instanceKlass java/util/Spliterators$EmptySpliterator
instanceKlass java/util/Spliterators
instanceKlass jdk/internal/module/DefaultRoots
instanceKlass jdk/internal/loader/BuiltinClassLoader$LoadedModule
instanceKlass jdk/internal/loader/AbstractClassLoaderValue
instanceKlass jdk/internal/module/ServicesCatalog
instanceKlass java/util/Deque
instanceKlass java/util/Queue
instanceKlass sun/net/util/IPAddressUtil$MASKS
instanceKlass sun/net/util/IPAddressUtil
instanceKlass java/net/URLStreamHandler
instanceKlass java/lang/StringUTF16
instanceKlass sun/net/www/ParseUtil
instanceKlass java/net/URL$3
instanceKlass jdk/internal/access/JavaNetURLAccess
instanceKlass java/net/URL$DefaultFactory
instanceKlass java/net/URLStreamHandlerFactory
instanceKlass jdk/internal/loader/URLClassPath
instanceKlass java/security/Principal
instanceKlass java/security/ProtectionDomain$Key
instanceKlass java/security/ProtectionDomain$JavaSecurityAccessImpl
instanceKlass jdk/internal/access/JavaSecurityAccess
instanceKlass java/lang/ClassLoader$ParallelLoaders
instanceKlass java/security/cert/Certificate
instanceKlass jdk/internal/loader/ArchivedClassLoaders
instanceKlass java/util/concurrent/ConcurrentHashMap$CollectionView
instanceKlass jdk/internal/loader/ClassLoaderHelper
instanceKlass jdk/internal/loader/NativeLibraries
instanceKlass java/lang/Module$EnableNativeAccess
instanceKlass jdk/internal/loader/BootLoader
instanceKlass java/util/Optional
instanceKlass jdk/internal/module/SystemModuleFinders$SystemModuleFinder
instanceKlass java/lang/module/ModuleFinder
instanceKlass jdk/internal/module/SystemModuleFinders$3
instanceKlass jdk/internal/module/ModuleHashes$HashSupplier
instanceKlass jdk/internal/module/SystemModuleFinders$2
instanceKlass java/util/function/Supplier
instanceKlass java/lang/module/ModuleReference
instanceKlass jdk/internal/module/ModuleResolution
instanceKlass java/util/Collections$UnmodifiableMap
instanceKlass jdk/internal/module/ModuleHashes$Builder
instanceKlass jdk/internal/module/ModuleHashes
instanceKlass jdk/internal/module/ModuleTarget
instanceKlass java/util/ImmutableCollections$Set12$1
instanceKlass java/lang/reflect/AccessFlag$18
instanceKlass java/lang/reflect/AccessFlag$17
instanceKlass java/lang/reflect/AccessFlag$16
instanceKlass java/lang/reflect/AccessFlag$15
instanceKlass java/lang/reflect/AccessFlag$14
instanceKlass java/lang/reflect/AccessFlag$13
instanceKlass java/lang/reflect/AccessFlag$12
instanceKlass java/lang/reflect/AccessFlag$11
instanceKlass java/lang/reflect/AccessFlag$10
instanceKlass java/lang/reflect/AccessFlag$9
instanceKlass java/lang/reflect/AccessFlag$8
instanceKlass java/lang/reflect/AccessFlag$7
instanceKlass java/lang/reflect/AccessFlag$6
instanceKlass java/lang/reflect/AccessFlag$5
instanceKlass java/lang/reflect/AccessFlag$4
instanceKlass java/lang/reflect/AccessFlag$3
instanceKlass java/lang/reflect/AccessFlag$2
instanceKlass java/lang/reflect/AccessFlag$1
instanceKlass java/lang/module/ModuleDescriptor$Version
instanceKlass java/lang/module/ModuleDescriptor$Provides
instanceKlass java/lang/module/ModuleDescriptor$Opens
instanceKlass java/util/ImmutableCollections$SetN$SetNIterator
instanceKlass java/lang/module/ModuleDescriptor$Exports
instanceKlass java/lang/module/ModuleDescriptor$Requires
instanceKlass jdk/internal/module/Builder
instanceKlass jdk/internal/module/SystemModules$all
instanceKlass jdk/internal/module/SystemModules
instanceKlass jdk/internal/module/SystemModulesMap
instanceKlass java/net/URI$1
instanceKlass jdk/internal/access/JavaNetUriAccess
instanceKlass java/net/URI
instanceKlass jdk/internal/module/SystemModuleFinders
instanceKlass jdk/internal/module/ArchivedModuleGraph
instanceKlass jdk/internal/module/ArchivedBootLayer
instanceKlass jdk/internal/module/ModuleBootstrap$Counters
instanceKlass jdk/internal/module/ModuleLoaderMap$Modules
instanceKlass jdk/internal/module/ModuleLoaderMap
instanceKlass jdk/internal/module/ModulePatcher
instanceKlass java/io/FileSystem
instanceKlass java/io/DefaultFileSystem
instanceKlass java/io/File
instanceKlass java/lang/module/ModuleDescriptor$1
instanceKlass jdk/internal/access/JavaLangModuleAccess
instanceKlass sun/invoke/util/VerifyAccess
instanceKlass java/util/KeyValueHolder
instanceKlass java/util/ImmutableCollections$MapN$MapNIterator
instanceKlass java/lang/StrictMath
instanceKlass java/lang/invoke/MethodHandles$Lookup
instanceKlass java/lang/invoke/MemberName$Factory
instanceKlass java/lang/invoke/MethodHandles
instanceKlass java/lang/module/ModuleDescriptor
instanceKlass jdk/internal/module/ModuleBootstrap
instanceKlass java/lang/Character$CharacterCache
instanceKlass java/util/HexFormat
instanceKlass jdk/internal/util/ClassFileDumper
instanceKlass sun/security/action/GetPropertyAction
instanceKlass java/lang/invoke/MethodHandleStatics
instanceKlass java/util/concurrent/locks/AbstractQueuedSynchronizer$ConditionObject
instanceKlass java/util/concurrent/locks/Condition
instanceKlass java/util/Collections
instanceKlass java/lang/Thread$ThreadIdentifiers
instanceKlass sun/io/Win32ErrorMode
instanceKlass jdk/internal/misc/OSEnvironment
instanceKlass java/lang/Integer$IntegerCache
instanceKlass jdk/internal/misc/Signal$NativeHandler
instanceKlass java/util/Hashtable$Entry
instanceKlass jdk/internal/misc/Signal
instanceKlass java/lang/Terminator$1
instanceKlass jdk/internal/misc/Signal$Handler
instanceKlass java/lang/Terminator
instanceKlass java/nio/ByteOrder
instanceKlass java/nio/Buffer$2
instanceKlass jdk/internal/access/JavaNioAccess
instanceKlass java/nio/Buffer$1
instanceKlass jdk/internal/misc/ScopedMemoryAccess
instanceKlass java/nio/charset/CodingErrorAction
instanceKlass java/nio/charset/CharsetEncoder
instanceKlass java/io/Writer
instanceKlass java/io/PrintStream$1
instanceKlass jdk/internal/access/JavaIOPrintStreamAccess
instanceKlass jdk/internal/misc/InternalLock
instanceKlass java/io/OutputStream
instanceKlass java/io/Flushable
instanceKlass java/io/FileDescriptor$1
instanceKlass jdk/internal/access/JavaIOFileDescriptorAccess
instanceKlass java/io/FileDescriptor
instanceKlass jdk/internal/util/StaticProperty
instanceKlass jdk/internal/reflect/MethodHandleAccessorFactory
instanceKlass java/lang/reflect/Modifier
instanceKlass java/lang/Class$1
instanceKlass java/lang/Class$Atomic
instanceKlass java/lang/Class$ReflectionData
instanceKlass java/nio/charset/StandardCharsets
instanceKlass sun/nio/cs/HistoricallyNamedCharset
instanceKlass java/nio/charset/spi/CharsetProvider
instanceKlass java/nio/charset/Charset
instanceKlass java/util/HashMap$HashIterator
instanceKlass java/util/concurrent/locks/LockSupport
instanceKlass java/util/concurrent/ConcurrentHashMap$Node
instanceKlass java/util/concurrent/ConcurrentHashMap$CounterCell
instanceKlass java/util/concurrent/locks/ReentrantLock
instanceKlass java/util/concurrent/locks/Lock
instanceKlass java/lang/CharacterData
instanceKlass java/util/Arrays
instanceKlass jdk/internal/util/Preconditions$3
instanceKlass jdk/internal/util/Preconditions$2
instanceKlass jdk/internal/util/Preconditions$4
instanceKlass java/util/function/BiFunction
instanceKlass jdk/internal/util/Preconditions$1
instanceKlass java/util/function/Function
instanceKlass jdk/internal/util/Preconditions
instanceKlass java/lang/Runtime
instanceKlass java/lang/VersionProps
instanceKlass java/lang/StringConcatHelper
instanceKlass java/util/HashMap$Node
instanceKlass java/util/Map$Entry
instanceKlass jdk/internal/util/ArraysSupport
instanceKlass jdk/internal/util/SystemProps$Raw
instanceKlass jdk/internal/util/SystemProps
instanceKlass java/lang/System$2
instanceKlass jdk/internal/access/JavaLangAccess
instanceKlass java/lang/ref/NativeReferenceQueue$Lock
instanceKlass java/lang/ref/ReferenceQueue
instanceKlass java/lang/ref/Reference$1
instanceKlass jdk/internal/access/JavaLangRefAccess
instanceKlass jdk/internal/reflect/ReflectionFactory
instanceKlass java/lang/Math
instanceKlass java/lang/StringLatin1
instanceKlass jdk/internal/reflect/Reflection
instanceKlass jdk/internal/reflect/ReflectionFactory$GetReflectionFactoryAction
instanceKlass java/security/PrivilegedAction
instanceKlass jdk/internal/access/SharedSecrets
instanceKlass java/lang/reflect/ReflectAccess
instanceKlass jdk/internal/access/JavaLangReflectAccess
instanceKlass java/util/ImmutableCollections
instanceKlass java/util/Objects
instanceKlass java/util/Set
instanceKlass jdk/internal/misc/CDS
instanceKlass java/lang/Module$ArchivedData
instanceKlass jdk/internal/misc/VM
instanceKlass java/lang/String$CaseInsensitiveComparator
instanceKlass java/util/Comparator
instanceKlass java/io/ObjectStreamField
instanceKlass jdk/internal/vm/FillerObject
instanceKlass jdk/internal/vm/vector/VectorSupport$VectorPayload
instanceKlass jdk/internal/vm/vector/VectorSupport
instanceKlass java/lang/reflect/RecordComponent
instanceKlass java/util/Iterator
instanceKlass java/lang/Number
instanceKlass java/lang/Character
instanceKlass java/lang/Boolean
instanceKlass java/util/concurrent/locks/AbstractOwnableSynchronizer
instanceKlass java/lang/LiveStackFrame
instanceKlass java/lang/ClassFrameInfo
instanceKlass java/lang/StackWalker$StackFrame
instanceKlass java/lang/StackStreamFactory$AbstractStackWalker
instanceKlass java/lang/StackWalker
instanceKlass java/nio/Buffer
instanceKlass java/lang/StackTraceElement
instanceKlass java/util/RandomAccess
instanceKlass java/util/List
instanceKlass java/util/SequencedCollection
instanceKlass java/util/AbstractCollection
instanceKlass java/util/Collection
instanceKlass java/lang/Iterable
instanceKlass java/util/concurrent/ConcurrentMap
instanceKlass java/util/AbstractMap
instanceKlass java/security/CodeSource
instanceKlass jdk/internal/loader/ClassLoaders
instanceKlass java/util/jar/Manifest
instanceKlass java/lang/Enum
instanceKlass java/net/URL
instanceKlass java/io/InputStream
instanceKlass java/io/Closeable
instanceKlass java/lang/AutoCloseable
instanceKlass jdk/internal/module/Modules
instanceKlass jdk/internal/misc/Unsafe
instanceKlass jdk/internal/misc/UnsafeConstants
instanceKlass java/lang/AbstractStringBuilder
instanceKlass java/lang/Appendable
instanceKlass java/lang/AssertionStatusDirectives
instanceKlass java/lang/invoke/MethodHandleNatives$CallSiteContext
instanceKlass jdk/internal/foreign/abi/ABIDescriptor
instanceKlass jdk/internal/foreign/abi/NativeEntryPoint
instanceKlass java/lang/invoke/CallSite
instanceKlass java/lang/invoke/MethodType
instanceKlass java/lang/invoke/TypeDescriptor$OfMethod
instanceKlass java/lang/invoke/LambdaForm
instanceKlass java/lang/invoke/MethodHandleNatives
instanceKlass java/lang/invoke/ResolvedMethodName
instanceKlass java/lang/invoke/MemberName
instanceKlass java/lang/invoke/VarHandle
instanceKlass java/lang/invoke/MethodHandle
instanceKlass jdk/internal/reflect/ConstructorAccessor
instanceKlass jdk/internal/reflect/CallerSensitive
instanceKlass java/lang/annotation/Annotation
instanceKlass jdk/internal/reflect/ConstantPool
instanceKlass jdk/internal/reflect/MethodAccessor
instanceKlass jdk/internal/reflect/MagicAccessorImpl
instanceKlass jdk/internal/vm/StackChunk
instanceKlass jdk/internal/vm/Continuation
instanceKlass jdk/internal/vm/ContinuationScope
instanceKlass java/lang/reflect/Parameter
instanceKlass java/lang/reflect/Member
instanceKlass java/lang/reflect/AccessibleObject
instanceKlass java/lang/Module
instanceKlass java/util/Map
instanceKlass java/util/Dictionary
instanceKlass java/lang/ThreadGroup
instanceKlass java/lang/Thread$UncaughtExceptionHandler
instanceKlass java/lang/Thread$Constants
instanceKlass java/lang/Thread$FieldHolder
instanceKlass java/lang/Thread
instanceKlass java/lang/Runnable
instanceKlass java/lang/ref/Reference
instanceKlass java/lang/Record
instanceKlass java/security/AccessController
instanceKlass java/security/AccessControlContext
instanceKlass java/security/ProtectionDomain
instanceKlass java/lang/SecurityManager
instanceKlass java/lang/Throwable
instanceKlass java/lang/System
instanceKlass java/lang/ClassLoader
instanceKlass java/lang/Cloneable
instanceKlass java/lang/Class
instanceKlass java/lang/invoke/TypeDescriptor$OfField
instanceKlass java/lang/invoke/TypeDescriptor
instanceKlass java/lang/reflect/Type
instanceKlass java/lang/reflect/GenericDeclaration
instanceKlass java/lang/reflect/AnnotatedElement
instanceKlass java/lang/String
instanceKlass java/lang/constant/ConstantDesc
instanceKlass java/lang/constant/Constable
instanceKlass java/lang/CharSequence
instanceKlass java/lang/Comparable
instanceKlass java/io/Serializable
ciInstanceKlass java/lang/Object 1 1 123 7 1 10 12 1 1 10 7 12 1 1 1 10 7 12 1 1 1 10 12 1 1 8 1 10 12 1 1 10 7 12 1 1 1 10 12 1 10 12 1 1 10 7 12 1 1 1 10 12 1 1 10 12 1 10 100 12 1 1 10 12 1 1 7 1 10 12 1 100 1 8 1 10 12 1 3 8 1 7 1 5 0 1 1 1 1 1 1 1 1 1 1 1 1 1 1 1 1 7 1 1 1 1 1 1 1 1 1 7 1 1 1 1 1 1 1 1 1 1 3 1 1
ciInstanceKlass java/io/Serializable 1 0 7 100 1 100 1 1 1
ciInstanceKlass java/lang/System 1 1 836 10 7 12 1 1 1 9 7 12 1 1 1 10 12 1 10 12 1 1 10 12 1 1 10 12 1 9 12 1 1 10 7 12 1 1 1 11 7 12 1 1 1 10 100 12 1 1 1 10 12 1 1 10 12 1 1 100 1 8 1 10 12 1 10 7 12 1 1 1 10 7 12 1 1 1 18 12 1 1 10 7 12 1 1 1 7 1 10 12 1 1 10 7 12 1 1 1 10 12 1 10 7 12 1 1 1 9 100 12 1 1 1 10 7 12 1 1 1 11 7 12 1 1 1 10 12 1 1 10 7 12 1 1 1 7 1 10 10 12 1 1 8 1 10 12 1 8 1 10 12 1 9 12 1 1 8 1 10 7 12 1 1 1 10 12 1 1 100 1 8 1 10 9 12 1 1 8 1 10 12 1 1 10 100 12 1 1 1 8 1 10 12 1 7 1 10 12 1 8 1 10 12 1 10 12 1 1 100 1 10 12 10 12 1 9 12 1 1 9 12 1 1 10 7 12 1 1 1 10 7 12 1 1 1 10 12 1 1 10 12 1 10 12 1 10 7 12 1 1 1 10 12 1 100 1 100 1 8 1 10 12 1 10 12 1 1 7 1 10 12 1 100 1 8 1 10 10 12 1 100 1 8 1 10 8 1 10 7 12 1 1 8 1 10 12 100 1 8 1 10 10 12 1 1 10 7 12 1 1 1 100 1 18 12 1 100 1 9 100 12 1 1 1 10 12 1 100 1 10 12 1 1 10 12 1 1 10 7 12 1 1 1 10 12 1 1 10 12 1 10 12 1 10 12 1 1 10 12 1 7 1 10 12 1 9 7 12 1 1 1 10 7 12 1 1 1 10 12 1 10 12 1 10 7 12 1 1 1 7 1 8 1 10 9 12 1 9 12 1 10 12 1 10 7 12 1 1 10 12 1 10 12 1 1 8 1 10 12 1 1 8 1 11 12 1 10 12 11 12 1 1 11 7 12 1 1 1 11 7 12 1 1 11 12 1 1 7 1 11 12 1 10 12 1 8 1 10 12 1 1 8 1 8 1 8 1 8 1 11 12 1 10 12 1 10 12 1 10 12 1 8 1 10 12 1 1 8 1 9 12 1 8 1 10 7 12 1 1 8 1 7 1 9 7 12 1 1 1 10 12 1 7 1 9 12 10 9 12 7 1 10 12 9 12 1 1 8 1 10 12 1 1 8 1 10 7 12 1 1 10 12 1 10 12 1 1 11 7 12 1 1 10 12 10 7 12 1 1 1 9 12 1 1 7 1 8 1 10 12 1 1 10 7 12 1 1 1 7 1 10 12 1 1 10 12 1 8 1 8 1 10 8 1 8 1 8 1 8 1 10 10 7 12 1 1 10 12 1 10 12 1 1 10 12 1 1 10 12 1 10 100 12 1 1 1 10 7 1 8 1 10 10 10 12 1 1 10 12 1 1 8 1 10 12 1 8 1 8 1 10 12 1 10 7 12 1 1 1 10 12 1 1 7 1 10 10 12 1 10 12 1 9 12 1 1 1 1 3 1 3 1 1 1 1 1 1 1 1 1 1 100 1 1 100 1 1 1 1 1 1 1 1 1 1 1 100 1 7 1 1 1 1 1 1 1 1 1 1 1 1 1 1 1 1 1 1 1 1 1 1 1 1 1 1 1 1 1 1 1 1 1 1 1 1 1 1 1 1 1 1 1 1 1 1 1 1 1 1 1 1 1 1 1 1 1 1 100 1 1 1 1 1 1 1 1 1 1 1 1 1 1 1 1 1 1 1 1 1 1 1 1 1 1 1 1 1 1 1 1 1 100 1 1 16 15 10 12 1 1 16 15 10 12 16 1 15 10 100 12 1 1 1 1 1 1 1 1 1 1 1 100 1 100 1 1
staticfield java/lang/System in Ljava/io/InputStream; java/io/BufferedInputStream
staticfield java/lang/System out Ljava/io/PrintStream; java/io/PrintStream
staticfield java/lang/System err Ljava/io/PrintStream; java/io/PrintStream
ciInstanceKlass java/lang/SecurityManager 0 0 576 10 7 12 1 1 1 9 7 12 1 1 1 10 7 12 1 1 1 100 1 8 1 10 12 1 10 12 1 1 10 7 12 1 1 1 10 7 1 10 100 1 10 9 100 12 1 1 1 10 7 12 1 1 1 10 12 1 1 10 7 12 1 1 100 1 8 1 10 9 12 1 1 9 12 1 8 1 9 12 1 7 1 10 8 1 10 12 1 1 10 12 1 10 12 1 1 100 1 10 10 12 1 1 100 1 8 1 10 12 1 8 1 8 1 8 1 8 1 8 1 8 1 10 12 1 8 1 8 1 8 1 8 1 8 1 10 7 12 1 1 1 10 12 1 1 8 1 100 1 8 1 10 8 1 8 1 8 1 8 1 8 1 10 100 12 1 1 8 1 100 1 8 1 8 1 10 8 1 10 12 1 100 1 8 1 10 10 12 1 1 10 12 1 10 12 1 10 12 1 10 100 12 1 1 1 10 12 1 10 100 12 1 1 11 100 12 1 1 1 18 12 1 1 11 100 12 1 1 1 18 12 1 1 11 12 1 1 18 18 11 12 1 18 12 1 11 12 1 1 9 12 1 1 9 12 1 9 12 1 9 12 1 100 1 10 100 12 1 1 10 12 1 10 12 1 18 12 1 18 10 100 12 1 1 1 18 12 1 10 12 1 18 18 8 1 10 12 1 9 12 1 1 11 7 12 1 1 1 8 1 100 1 10 12 1 10 12 1 1 10 12 1 1 9 12 1 1 10 12 1 10 12 1 1 8 1 100 1 10 9 12 1 8 1 10 12 1 8 1 100 1 10 10 100 12 1 1 10 100 1 9 7 12 1 1 1 11 12 1 1 10 12 1 11 12 1 10 12 1 7 1 10 10 12 1 1 10 12 1 1 1 1 1 1 1 1 1 1 1 7 1 1 1 1 1 1 1 1 1 1 1 1 1 1 1 1 1 1 1 1 1 1 1 1 1 1 1 1 1 1 1 1 1 1 1 1 1 1 1 1 1 1 1 1 1 1 1 1 1 1 1 1 1 1 1 1 3 1 1 1 1 1 1 1 1 1 1 100 1 1 1 1 1 1 1 1 1 1 1 1 1 1 1 1 1 1 1 1 1 1 1 1 1 1 1 1 1 1 1 1 1 1 1 1 1 1 16 15 10 7 12 1 1 1 16 1 16 15 10 12 16 1 15 10 12 16 15 11 7 1 16 1 16 1 15 10 12 16 15 10 12 16 15 10 12 1 16 1 15 11 12 1 15 10 12 16 15 10 16 1 15 10 100 12 1 1 1 1 1 1 100 1 100 1 1
ciInstanceKlass java/security/AccessController 1 1 295 10 7 12 1 1 1 10 7 12 1 1 1 10 7 12 1 1 1 10 12 1 1 10 12 1 1 10 7 12 1 1 1 10 12 1 1 10 12 1 10 12 1 1 10 12 1 100 1 8 1 10 12 1 10 12 1 10 12 1 1 10 12 1 7 1 7 1 10 12 1 1 10 12 1 10 12 1 10 12 1 1 10 7 12 1 1 1 10 12 1 1 9 100 12 1 1 1 10 7 12 1 1 1 10 12 1 10 12 1 9 100 12 1 1 1 10 12 1 10 12 1 1 9 12 1 1 10 100 1 10 11 7 12 1 1 1 10 7 12 1 1 11 7 1 100 1 10 12 1 10 12 1 10 12 1 8 1 10 12 1 1 8 1 10 100 12 1 1 1 8 1 7 1 10 10 12 1 1 10 12 1 10 7 12 1 1 1 10 12 1 8 1 10 7 12 1 1 8 1 8 1 10 12 1 8 1 10 12 1 10 12 1 1 10 12 1 1 1 1 1 1 1 1 1 1 1 1 1 1 1 1 1 1 1 1 1 1 1 1 1 1 1 1 100 1 1 1 1 1 1 1 1 1 1 1 1 1 1 1 1 1 1 1 1 1 1 1 1 1 1 1 1 1 1 1 1 1 1 100 1 100 1 1 1 1 1 1 1 1 1 3 1 1 1
staticfield java/security/AccessController $assertionsDisabled Z 1
ciInstanceKlass java/security/ProtectionDomain 1 1 348 10 7 12 1 1 1 9 7 12 1 1 1 7 1 10 9 12 1 1 9 12 1 1 9 12 1 1 10 7 12 1 1 7 1 9 12 1 9 12 1 1 7 1 9 12 1 1 9 12 1 10 100 12 1 1 10 100 12 1 1 1 10 12 1 1 10 12 1 9 12 1 9 100 12 1 1 10 12 1 1 10 100 1 10 12 1 1 8 1 7 1 8 1 10 12 1 10 11 10 7 12 1 1 1 10 12 1 1 8 1 11 8 1 10 12 1 8 1 8 1 10 12 1 1 10 12 1 10 12 1 1 10 12 1 8 1 10 12 1 8 1 8 1 10 7 12 1 1 1 9 100 12 1 1 1 10 12 1 1 9 100 12 1 1 1 10 7 12 1 1 1 100 1 18 12 1 1 10 7 12 1 1 1 10 7 1 10 12 1 10 12 1 1 11 100 12 1 1 11 12 1 100 1 11 7 12 1 1 1 10 12 1 10 11 12 1 1 11 12 1 1 10 12 1 10 7 12 1 1 10 100 12 1 1 11 12 1 10 12 10 12 1 8 1 8 1 10 7 12 1 1 1 7 1 10 10 7 12 1 1 1 1 1 1 1 1 1 1 7 1 1 7 1 1 1 1 1 1 1 1 1 1 1 1 1 1 1 1 1 1 1 1 1 1 1 1 1 1 1 1 1 1 1 1 1 1 1 1 1 1 1 1 1 1 1 1 7 1 1 1 1 1 1 100 1 1 16 15 10 12 16 15 10 100 12 1 1 1 1 1 1 1 100 1 100 1 1
staticfield java/security/ProtectionDomain filePermCompatInPD Z 0
ciInstanceKlass java/security/CodeSource 1 1 399 10 7 12 1 1 1 9 7 12 1 1 1 9 12 1 1 9 12 1 1 9 12 1 1 10 7 12 1 1 1 9 12 1 1 10 100 12 1 1 10 100 10 100 12 1 1 1 10 12 1 1 10 12 1 1 7 1 10 10 100 12 1 1 1 10 100 12 1 1 1 10 12 1 1 100 1 10 12 1 1 10 12 1 1 10 12 1 1 10 12 1 10 10 7 1 10 12 1 1 10 7 12 1 1 1 10 12 1 1 10 12 1 10 12 1 8 1 10 12 1 10 12 1 10 12 1 1 10 12 1 8 1 10 12 1 1 10 7 1 10 10 12 1 1 8 1 10 12 1 10 12 1 10 12 1 8 1 8 1 9 12 1 1 100 1 8 1 10 12 1 10 12 1 1 8 1 10 12 1 8 1 8 1 8 1 10 100 12 1 1 10 12 1 1 10 12 1 10 12 1 1 10 12 1 1 10 12 1 1 100 1 100 1 10 12 1 10 12 10 12 1 1 10 100 12 1 1 10 12 1 7 1 10 12 10 100 12 1 1 1 10 8 1 10 12 1 10 12 1 10 12 1 1 100 1 10 12 1 1 100 1 7 1 8 1 8 1 10 10 12 1 1 10 100 12 1 1 1 7 1 10 12 10 12 1 1 11 7 12 1 1 10 10 12 1 11 10 12 1 8 1 100 1 10 12 1 10 12 1 1 10 12 1 11 12 1 1 7 1 1 1 1 5 0 1 1 1 1 1 1 1 1 1 1 1 1 1 1 1 1 1 1 1 1 1 1 1 1 1 1 1 1 1 1 1 1 1 1 1 1 1 1 1 1 1 1 1 1 1 1 1 1 1 1 1 1 1 1 1 1 1 1 1 1 1 1 1 1 1 1 100 1 1 1 1 1 1 1
ciInstanceKlass java/lang/Boolean 1 1 152 10 7 12 1 1 1 9 7 12 1 1 1 10 12 1 1 10 12 1 8 1 10 7 12 1 1 9 12 1 1 9 12 1 10 12 1 1 10 12 1 1 10 12 1 1 10 7 12 1 1 1 100 1 100 1 10 12 1 1 9 100 12 1 1 9 12 10 100 12 1 1 1 10 12 1 1 8 1 10 7 12 1 1 1 9 12 1 1 7 1 7 1 7 1 1 1 1 1 1 5 0 1 1 1 1 1 1 1 1 1 1 3 1 1 1 1 1 1 1 1 1 1 1 1 1 1 1 1 1 1 7 1 1 1 1 1 1 1 1 1 1 100 1 1 1 1 1 1 1 1 1
staticfield java/lang/Boolean TRUE Ljava/lang/Boolean; java/lang/Boolean
staticfield java/lang/Boolean FALSE Ljava/lang/Boolean; java/lang/Boolean
staticfield java/lang/Boolean TYPE Ljava/lang/Class; java/lang/Class
ciInstanceKlass java/lang/Comparable 1 0 12 100 1 100 1 1 1 1 1 1 1 1
ciInstanceKlass java/lang/constant/Constable 1 0 11 100 1 100 1 1 1 1 1 1 1
ciInstanceKlass java/util/Map 1 1 263 11 7 12 1 1 1 11 12 1 1 10 7 12 1 1 11 12 1 1 11 7 12 1 1 1 11 100 12 1 1 1 11 12 1 1 7 1 11 12 1 11 12 1 100 1 100 1 10 12 1 1 11 100 12 1 1 1 11 100 12 1 1 1 11 12 1 11 12 1 10 12 1 1 11 12 1 11 7 12 1 9 7 12 1 1 1 100 1 10 12 7 1 7 1 10 12 1 7 1 10 7 1 11 12 1 11 12 1 1 11 12 1 1 7 1 11 12 1 1 1 1 1 1 1 1 1 1 1 1 1 1 1 1 1 1 1 1 1 1 1 1 1 1 1 1 1 1 1 1 1 1 1 1 1 1 1 1 1 1 1 1 1 1 1 1 1 1 1 1 1 1 1 1 1 1 1 1 1 1 1 1 1 1 1 1 1 1 1 1 1 1 1 1 1 1 1 1 1 1 1 1 1 1 1 1 1 1 1 1 1 1 1 1 1 1 1 1 1 1 1 1 1 1 1 1 1 1 1 1 1 1 1 1 1 1 1 1 1 1 1 1 1 1 100 1 1 1 1 1 1 1 1 1 1 1 1 1 1 1 1 1 1
ciInstanceKlass java/lang/Class 1 1 1747 10 7 12 1 1 1 9 7 12 1 1 1 9 12 1 1 10 12 1 1 8 1 10 12 1 8 1 8 1 10 12 1 1 10 7 12 1 1 1 10 12 1 7 1 10 10 12 1 10 12 1 1 10 12 1 1 10 12 1 1 10 7 12 1 1 10 12 1 10 12 1 10 12 1 1 10 12 1 8 1 10 12 1 8 1 10 12 1 8 1 8 1 10 12 1 1 10 7 12 1 1 1 18 12 1 1 11 7 12 1 1 1 8 1 8 1 8 1 10 7 12 1 1 1 11 12 1 1 8 1 10 12 1 10 10 12 1 1 10 12 1 8 1 10 12 1 1 8 1 10 12 1 10 12 1 1 11 7 12 1 1 1 11 7 12 1 1 1 11 8 1 18 8 1 10 12 1 10 7 12 1 1 10 12 1 1 10 7 12 1 1 1 10 12 1 1 10 12 1 1 10 7 12 1 1 1 10 12 9 100 12 1 1 1 10 7 12 1 1 1 10 12 1 10 7 12 1 1 1 10 12 1 1 18 12 1 1 10 7 12 1 1 1 10 7 12 1 10 12 1 1 10 7 1 10 12 1 8 1 10 8 1 8 1 8 1 8 1 8 1 8 1 8 1 8 1 9 7 12 1 1 9 7 1 9 7 1 9 7 1 9 7 1 9 7 1 9 7 1 9 7 1 9 100 1 7 1 10 12 1 1 9 12 1 1 7 1 8 1 10 12 1 10 12 1 1 10 12 1 1 10 7 12 1 1 1 7 1 10 12 1 7 1 7 1 10 10 12 1 1 10 12 1 1 100 1 10 7 12 1 1 1 10 12 1 1 10 12 1 1 9 12 1 1 10 12 1 10 12 1 1 9 12 1 1 9 12 1 1 10 12 1 1 10 7 1 10 12 1 10 12 1 1 10 9 12 1 10 12 1 8 1 10 12 1 1 10 12 1 1 10 12 1 10 12 1 10 12 1 1 10 12 1 9 7 12 1 1 1 10 7 12 1 1 10 12 1 10 12 1 10 12 1 10 12 1 9 100 12 1 1 1 9 12 1 10 12 1 10 100 12 1 1 1 10 12 1 1 10 100 12 1 1 10 12 1 10 12 1 1 10 100 12 1 1 1 10 12 1 10 12 1 1 10 12 1 10 12 1 10 12 1 1 10 7 1 10 10 12 1 1 10 12 1 1 10 12 10 10 12 1 1 7 1 8 1 10 10 12 1 1 10 12 1 100 1 11 12 1 10 12 1 10 12 1 10 100 12 1 1 10 10 12 1 1 8 1 10 12 1 10 12 1 1 8 1 9 12 1 10 12 1 10 12 1 10 12 1 10 12 7 1 9 12 1 10 12 1 9 12 1 10 12 1 10 12 1 10 12 1 10 10 12 1 10 12 1 10 12 1 10 12 1 10 12 1 10 12 1 100 1 10 12 1 10 12 1 1 10 12 1 1 10 12 1 1 10 12 1 1 10 12 1 1 10 12 1 1 7 1 10 10 12 1 1 10 12 1 1 10 12 1 1 10 10 12 1 10 12 1 1 10 12 1 1 10 12 1 1 10 12 1 1 7 1 10 10 12 11 7 12 1 1 10 12 1 1 10 7 12 1 1 1 10 12 1 10 12 1 10 7 12 1 1 1 10 12 1 1 10 10 12 1 1 7 1 10 10 12 1 1 10 7 12 1 1 1 100 1 7 1 10 12 1 1 10 12 1 10 10 12 1 1 10 12 1 10 12 1 10 12 1 10 100 12 1 1 1 11 7 12 1 1 10 12 1 10 12 1 9 12 1 10 12 1 1 10 12 1 9 12 1 1 100 1 10 9 12 1 1 10 12 7 1 10 12 1 9 12 1 10 100 12 1 1 1 10 12 1 10 12 1 10 100 12 1 1 10 12 1 10 12 10 12 1 1 100 1 10 8 1 10 12 1 11 11 12 1 1 11 7 12 1 1 11 12 1 8 1 10 12 1 10 12 1 1 9 12 1 9 12 1 1 10 7 12 1 1 9 12 1 10 12 1 1 10 10 12 1 10 7 12 1 1 1 10 7 12 1 1 10 7 12 1 1 9 12 1 1 10 12 1 9 12 1 10 12 1 10 12 1 1 9 12 1 1 9 12 1 10 12 1 10 12 1 1 9 12 1 100 1 10 10 12 1 1 7 1 10 12 1 1 100 11 7 1 9 12 1 1 9 12 1 7 1 10 12 1 9 12 1 1 9 12 1 10 12 1 10 12 1 1 9 12 1 7 1 10 10 12 1 1 10 10 12 1 10 12 10 10 12 1 9 12 1 10 12 1 1 10 12 1 8 10 7 8 1 18 8 1 8 1 10 12 1 9 12 1 9 12 1 1 10 12 1 7 1 7 1 10 12 1 9 12 1 1 7 1 10 10 12 1 10 7 1 9 12 1 8 1 10 12 1 7 1 10 12 1 10 12 1 1 100 1 7 1 9 12 1 100 1 8 1 10 10 7 12 1 1 1 10 12 11 7 12 1 1 1 10 12 1 10 12 1 1 10 8 1 10 12 1 8 1 10 12 1 1 9 7 12 1 1 11 12 7 1 11 7 12 1 1 9 12 1 10 100 12 1 1 1 10 7 12 1 1 10 12 1 1 9 12 1 9 10 12 1 1 10 12 1 1 10 12 1 1 10 12 1 1 10 12 1 1 11 12 1 7 1 11 12 1 10 7 12 1 1 1 10 12 1 11 12 1 10 100 12 1 1 1 10 12 1 10 100 12 1 1 1 11 12 1 11 12 1 1 10 12 1 10 12 1 1 9 12 1 1 10 12 1 10 100 12 1 1 1 10 12 1 1 10 12 1 10 12 1 10 12 1 10 7 12 1 1 1 10 12 1 8 1 10 12 1 10 12 1 10 12 1 10 7 12 1 1 100 1 10 12 10 7 12 1 1 1 11 7 12 1 1 1 10 12 1 1 10 12 1 18 12 1 1 11 12 1 1 18 11 12 1 18 12 1 11 12 1 10 12 1 1 10 12 1 10 12 1 10 12 1 10 12 10 12 1 8 1 10 12 1 7 1 9 12 1 1 7 1 7 1 7 1 7 1 1 1 3 1 3 1 3 1 1 1 1 1 1 1 1 1 5 0 1 1 1 1 1 1 1 1 1 1 1 1 1 1 1 1 1 1 1 1 1 1 1 1 100 1 1 1 1 1 1 1 1 1 1 1 100 1 1 1 1 1 7 1 1 1 1 1 1 1 1 1 1 1 1 1 1 1 1 1 1 1 1 1 1 1 1 1 1 1 1 1 1 1 1 1 1 1 1 1 1 1 1 1 1 1 100 1 1 1 1 1 1 1 1 1 1 1 1 1 1 1 1 1 1 1 1 1 1 1 1 1 1 1 1 1 1 1 100 1 1 1 1 1 1 1 1 1 1 1 1 1 1 1 1 1 1 1 1 1 1 1 1 1 1 1 1 1 1 1 1 1 1 1 1 1 1 1 1 1 1 1 1 1 1 1 1 1 1 1 1 1 1 1 1 1 1 1 1 7 1 7 1 1 1 1 1 1 1 1 1 1 1 1 1 1 1 1 1 1 1 1 1 1 1 1 1 1 1 1 1 1 1 1 1 1 1 1 1 1 1 1 1 1 1 1 1 1 1 1 1 1 1 1 1 1 1 1 1 1 1 1 1 1 1 1 1 1 1 1 1 1 1 1 1 1 1 1 1 1 1 1 1 1 1 1 1 1 1 1 1 1 1 1 1 1 1 1 1 1 1 1 1 1 1 1 1 1 1 1 1 1 1 1 1 1 1 1 1 1 1 1 1 1 1 1 1 1 1 16 15 10 12 16 15 11 12 16 1 16 15 16 15 10 12 16 16 15 10 12 16 15 16 1 15 10 12 16 15 10 7 12 1 1 1 1 1 1 1 1 1 1 1 1 7 1 1 100 1 100 1 1 100 1 100 1 1
staticfield java/lang/Class EMPTY_CLASS_ARRAY [Ljava/lang/Class; 0 [Ljava/lang/Class;
staticfield java/lang/Class serialPersistentFields [Ljava/io/ObjectStreamField; 0 [Ljava/io/ObjectStreamField;
ciInstanceKlass java/lang/reflect/AnnotatedElement 1 1 165 11 7 12 1 1 1 11 12 1 1 7 1 10 100 12 1 1 1 10 12 1 1 10 12 1 1 10 12 1 10 100 12 1 1 1 11 12 1 1 11 7 12 1 1 10 7 12 1 1 1 10 12 1 10 100 12 1 1 1 18 12 1 1 11 100 12 1 1 18 12 1 18 12 1 1 10 100 12 1 1 1 11 100 12 1 1 1 7 1 10 100 12 1 1 1 1 1 1 1 1 1 1 1 1 1 1 1 1 1 1 1 1 1 1 1 1 1 1 100 1 1 1 1 1 1 1 1 1 1 1 16 15 16 1 16 1 15 11 12 16 16 1 15 10 100 12 1 1 1 16 1 15 10 100 12 1 1 1 1 100 1 100 1 1
ciInstanceKlass java/lang/invoke/TypeDescriptor 1 0 17 100 1 100 1 1 1 1 1 1 100 1 100 1 1 1 1
ciInstanceKlass java/lang/reflect/GenericDeclaration 1 0 30 7 1 7 1 7 1 1 1 1 1 1 1 1 100 1 8 1 1 12 10 1 1 1 8 1 1 1 8 1
ciInstanceKlass java/lang/reflect/Type 1 1 17 11 100 12 1 1 1 100 1 1 1 1 1 1 1 1 1
ciInstanceKlass java/lang/invoke/TypeDescriptor$OfField 1 0 21 100 1 100 1 100 1 1 1 1 1 1 1 1 1 1 1 1 1 1 1
ciInstanceKlass java/lang/StringBuilder 1 1 425 10 7 12 1 1 1 10 12 1 10 12 1 10 12 1 1 10 7 12 1 1 1 10 7 12 1 1 1 10 12 1 10 12 1 10 12 1 10 12 1 10 12 1 10 12 1 10 12 1 10 12 1 10 12 1 10 12 1 10 12 1 10 12 1 10 12 1 10 12 1 1 10 12 1 10 12 1 1 10 12 1 1 10 12 1 10 12 1 10 12 1 10 12 1 10 12 1 10 12 1 10 12 1 10 12 10 12 1 10 12 1 10 12 1 10 12 1 1 10 12 1 10 12 1 10 12 10 12 1 1 10 12 1 10 12 1 10 12 1 1 8 1 10 12 1 10 100 12 1 1 1 9 12 1 1 10 12 1 10 12 1 10 12 1 1 9 12 1 1 10 100 12 1 1 1 10 100 1 10 12 1 1 10 100 12 1 1 10 12 1 10 12 1 1 100 1 100 1 8 1 10 10 12 1 1 10 12 1 10 12 1 10 12 1 1 10 12 1 10 12 1 10 12 1 10 12 1 10 12 1 10 12 10 12 1 10 12 1 10 12 1 10 12 1 10 12 1 10 12 1 10 12 1 10 12 1 10 12 1 1 10 12 1 1 10 12 1 10 12 1 10 12 1 10 12 10 12 10 12 1 10 12 1 10 12 1 10 12 10 12 1 10 12 1 10 12 1 10 12 1 10 12 1 10 12 1 10 12 1 10 12 1 10 12 1 1 10 12 1 10 12 1 1 10 12 1 10 12 1 1 10 12 1 10 12 1 1 10 12 1 10 12 1 10 12 1 10 10 10 12 1 7 1 7 1 7 1 7 1 1 1 1 5 0 1 1 1 1 1 1 1 1 1 1 1 1 1 1 1 1 1 1 1 1 1 1 1 1 1 1 1 1 1 1 1 1 1 1 1 1 1 1 1 1 1 1 1 1 100 1 1 1 7 1 1 1 1 1 1 1 1 1 1 1
instanceKlass java/lang/StringBuilder
instanceKlass java/lang/StringBuffer
ciInstanceKlass java/lang/AbstractStringBuilder 1 1 613 7 1 10 7 12 1 1 1 9 7 12 1 1 1 9 12 1 9 12 1 1 9 12 1 1 10 7 12 1 1 1 10 12 1 1 7 1 3 3 10 12 1 10 12 1 1 11 7 1 100 1 7 1 10 8 1 10 12 1 10 12 1 10 12 1 1 10 12 1 10 12 1 9 12 1 10 12 1 9 12 1 1 10 12 1 1 10 7 12 1 1 1 10 10 12 1 10 12 1 10 12 1 1 10 12 1 1 10 7 12 1 1 1 10 7 12 1 1 1 7 1 8 1 10 10 12 1 1 100 1 10 12 10 12 1 1 10 10 12 1 1 10 12 1 1 10 12 1 1 10 12 1 1 10 10 7 12 1 1 1 10 12 1 100 1 10 10 7 12 1 1 1 9 12 1 1 9 12 1 10 12 1 1 10 10 12 1 1 10 12 10 12 1 10 12 1 1 10 12 1 1 10 12 1 1 10 12 1 10 12 1 1 10 12 1 1 10 12 1 10 12 1 1 8 1 10 12 1 1 10 12 1 10 12 1 10 12 1 10 12 1 10 12 1 10 12 1 10 7 12 1 1 10 12 1 10 12 1 10 100 12 1 1 1 100 1 100 1 10 12 1 10 100 12 1 1 10 12 1 10 12 1 1 10 12 1 10 12 1 1 10 12 1 10 12 1 1 10 12 1 1 10 10 7 12 1 1 1 10 12 1 10 12 1 10 12 1 1 10 12 1 10 12 1 10 12 1 10 12 1 10 12 1 10 12 1 10 12 1 10 12 1 10 12 1 1 10 12 1 10 12 1 10 12 10 12 1 1 18 12 1 1 100 1 10 100 12 1 1 1 18 10 12 1 1 10 12 1 1 10 12 1 10 12 1 1 11 12 1 1 10 12 1 10 12 1 10 12 10 12 1 10 10 10 12 1 10 5 0 10 10 12 1 1 100 1 8 1 10 10 12 1 1 10 100 12 1 1 1 10 12 1 10 12 1 1 100 1 10 12 100 1 10 100 1 10 7 1 1 1 1 1 1 1 1 1 1 1 100 1 1 1 1 1 1 1 1 1 1 1 1 1 1 1 1 1 1 1 1 1 1 1 1 1 1 1 1 1 1 1 1 1 1 1 1 1 1 1 1 1 1 1 1 1 1 1 1 1 1 1 1 1 1 1 1 1 1 1 1 1 1 1 1 1 1 1 1 1 1 1 1 1 1 1 1 1 1 1 1 1 1 1 1 1 1 1 1 1 1 1 1 1 1 1 1 1 1 1 1 100 1 1 1 1 1 1 1 1 1 1 1 1 1 1 1 1 1 100 1 1 1 1 1 1 7 1 1 16 1 15 10 12 16 15 10 12 15 10 100 12 1 1 1 1 1 1 1 100 1 100 1 1
staticfield java/lang/AbstractStringBuilder EMPTYVALUE [B 0
ciInstanceKlass java/lang/Appendable 1 0 14 100 1 100 1 1 1 1 100 1 1 1 1 1
ciInstanceKlass java/lang/CharSequence 1 1 131 11 7 12 1 1 1 18 12 1 1 100 1 10 100 12 1 1 1 18 10 100 12 1 1 1 11 12 1 1 11 7 1 11 12 1 1 10 100 12 1 1 1 11 12 1 1 100 1 10 12 1 1 10 100 12 1 1 1 100 1 10 10 12 1 1 7 1 1 1 1 1 1 1 1 1 1 1 1 1 1 1 1 1 1 1 1 1 1 1 1 1 1 1 1 1 1 1 1 1 16 1 15 11 12 16 15 11 12 15 10 100 12 1 1 1 1 1 100 1 100 1 1 100 1 1 100 1 100 1 1
ciInstanceKlass java/lang/AutoCloseable 1 0 12 100 1 100 1 1 1 1 7 1 1 1
ciInstanceKlass java/io/Closeable 1 0 14 100 1 100 1 100 1 1 1 1 7 1 1 1
instanceKlass java/beans/PropertyVetoException
instanceKlass java/sql/SQLException
instanceKlass javax/xml/stream/XMLStreamException
instanceKlass jakarta/xml/bind/JAXBException
instanceKlass java/security/PrivilegedActionException
instanceKlass sun/security/pkcs11/wrapper/PKCS11Exception
instanceKlass java/security/GeneralSecurityException
instanceKlass org/apache/catalina/LifecycleException
instanceKlass java/beans/IntrospectionException
instanceKlass java/util/concurrent/ExecutionException
instanceKlass org/springframework/expression/AccessException
instanceKlass javax/xml/parsers/ParserConfigurationException
instanceKlass org/xml/sax/SAXException
instanceKlass jakarta/servlet/ServletException
instanceKlass ch/qos/logback/core/spi/ScanException
instanceKlass java/text/ParseException
instanceKlass sun/nio/fs/WindowsException
instanceKlass javax/naming/NamingException
instanceKlass java/net/URISyntaxException
instanceKlass java/util/concurrent/TimeoutException
instanceKlass ch/qos/logback/core/boolex/EvaluationException
instanceKlass ch/qos/logback/core/util/DynamicClassLoadingException
instanceKlass ch/qos/logback/core/util/IncompatibleClassException
instanceKlass ch/qos/logback/core/joran/spi/JoranException
instanceKlass java/lang/CloneNotSupportedException
instanceKlass javax/management/JMException
instanceKlass java/io/IOException
instanceKlass java/lang/InterruptedException
instanceKlass java/lang/ReflectiveOperationException
instanceKlass java/lang/RuntimeException
ciInstanceKlass java/lang/Exception 1 1 40 10 7 12 1 1 1 10 12 1 10 12 1 10 12 1 10 12 1 100 1 1 1 1 5 0 1 1 1 1 1 1 1 1 1 1 1 1 1 1
instanceKlass java/lang/Exception
instanceKlass java/lang/Error
ciInstanceKlass java/lang/Throwable 1 1 413 10 7 12 1 1 1 9 7 12 1 1 1 9 12 1 1 9 12 1 9 12 1 1 9 12 1 10 12 1 1 9 12 1 1 10 12 1 1 10 100 12 1 1 1 9 12 1 1 10 12 1 1 10 12 1 100 1 7 1 10 8 1 10 12 1 1 8 1 10 100 12 1 1 10 10 12 1 100 1 8 1 10 10 7 12 1 1 10 12 1 8 1 9 7 12 1 1 1 10 12 1 1 100 1 10 12 10 12 1 10 100 12 1 1 1 100 1 10 12 10 12 1 10 12 1 100 1 10 10 7 12 1 1 1 11 100 12 1 1 1 10 12 1 1 10 12 1 1 8 1 10 12 1 10 12 1 1 8 1 8 1 10 12 1 1 10 12 1 8 1 8 1 9 12 1 10 12 1 1 100 1 10 11 12 1 8 1 8 1 10 7 12 1 1 8 1 10 12 1 8 1 100 1 10 12 1 9 12 1 1 10 12 1 10 7 12 1 9 12 1 1 10 12 1 1 100 1 8 1 10 12 1 10 100 12 1 1 10 12 1 1 7 1 10 100 12 1 1 1 10 12 1 11 7 12 1 1 1 11 7 12 1 1 11 12 1 8 1 10 12 1 1 8 1 10 10 9 100 12 1 1 1 8 1 10 12 1 1 11 10 100 1 8 1 10 11 12 1 1 8 1 9 12 1 10 100 12 1 1 11 9 12 1 1 11 12 1 1 100 10 12 1 10 12 1 1 7 1 1 1 1 5 0 1 1 1 1 1 1 1 1 1 1 1 1 7 1 1 1 1 1 1 1 1 1 1 1 1 1 1 1 1 1 1 1 1 1 1 1 1 1 1 1 1 1 1 1 1 1 1 1 1 1 1 1 1 1 1 1 1 1 100 1 7 1 1 1 1 1 1 1 1 1 1 1 1 1 1 1 1 1 1
staticfield java/lang/Throwable UNASSIGNED_STACK [Ljava/lang/StackTraceElement; 0 [Ljava/lang/StackTraceElement;
staticfield java/lang/Throwable SUPPRESSED_SENTINEL Ljava/util/List; java/util/Collections$EmptyList
staticfield java/lang/Throwable EMPTY_THROWABLE_ARRAY [Ljava/lang/Throwable; 0 [Ljava/lang/Throwable;
staticfield java/lang/Throwable $assertionsDisabled Z 1
instanceKlass org/springframework/beans/factory/support/ManagedProperties
instanceKlass org/springframework/core/SortedProperties
instanceKlass java/security/Provider
ciInstanceKlass java/util/Properties 1 1 690 10 7 12 1 1 1 100 1 10 7 12 1 1 7 1 10 12 1 9 12 1 1 9 12 1 1 9 12 1 1 10 7 12 1 1 1 10 12 1 1 8 1 10 7 12 1 1 1 7 1 10 12 1 10 12 1 1 8 1 10 12 1 7 1 10 12 10 12 1 1 9 12 1 1 10 12 1 1 7 1 10 12 1 10 12 1 10 12 1 1 100 1 8 1 10 12 1 10 12 1 10 12 1 1 10 12 1 7 1 3 10 10 7 12 1 1 1 10 12 1 10 12 1 1 8 1 10 12 1 10 12 1 1 8 1 10 7 12 1 1 10 12 1 1 10 12 1 10 12 1 1 100 1 10 12 1 10 12 1 1 7 1 9 7 12 1 1 1 10 12 1 10 12 1 1 10 12 1 1 10 12 1 1 7 1 9 12 1 1 7 1 7 1 10 12 1 7 1 11 7 12 1 1 1 11 12 1 1 11 7 12 1 1 1 11 7 12 1 1 1 11 12 1 1 11 12 1 11 12 1 10 12 1 1 8 1 10 12 1 10 7 12 1 1 10 12 1 7 1 10 10 12 1 10 12 1 100 1 10 10 12 1 1 10 7 12 1 1 9 100 12 1 1 10 12 1 1 10 100 12 1 1 1 100 1 100 1 100 1 10 8 1 8 1 10 12 1 10 12 1 10 12 1 1 10 10 12 1 1 10 12 1 1 7 1 10 10 12 1 11 7 12 1 1 10 7 12 1 1 1 8 1 10 100 12 1 1 11 11 7 1 8 1 10 100 1 11 10 12 1 10 10 12 1 10 12 1 1 10 12 1 1 10 12 1 1 10 12 1 10 12 1 10 10 12 1 10 12 1 10 12 1 10 10 12 1 1 10 12 1 1 10 10 12 1 10 12 1 10 12 1 10 12 1 10 12 1 1 10 12 1 1 10 12 1 10 12 1 10 12 1 1 10 12 10 12 1 1 10 12 1 1 10 12 1 10 12 1 1 10 12 1 1 10 12 10 11 12 1 4 11 10 12 1 1 10 100 12 1 1 11 12 1 10 12 1 1 10 100 12 1 1 10 12 1 100 1 8 1 10 12 1 10 10 100 12 1 1 1 100 1 6 0 10 12 1 1 11 100 12 1 1 1 10 12 1 10 12 1 1 1 1 1 5 0 1 1 1 1 1 1 1 1 1 1 1 1 1 1 1 1 1 1 1 1 1 1 1 1 1 1 1 1 1 1 1 1 1 1 1 1 1 1 1 100 1 1 1 1 1 1 1 1 1 1 1 1 1 1 1 1 1 1 1 1 100 1 1 1 1 1 1 1 1 1 1 1 1 7 1 7 1 1 1 1 1 100 1 1 1 1 1 1 1 1 1 1 1 1 1 1 1 1 1 1 1 1 1 1 1 1 1 1 1 1 1 1 1 1 1 1 1 1 1 1 1 1 1 1 1 1 1 1 1 1 1 1 1 1 1 1 1 1 1 1 1 1 1 1 1 1 1 1 1 1 1 1 1 1 1 1 1 1 1 7 1 1 1 1 1 1 1 1 1 1 1 100 1 1
staticfield java/util/Properties UNSAFE Ljdk/internal/misc/Unsafe; jdk/internal/misc/Unsafe
instanceKlass java/util/Hashtable
ciInstanceKlass java/util/Dictionary 1 1 36 10 7 12 1 1 1 100 1 1 1 1 1 1 1 1 1 1 1 1 1 1 1 1 1 1 1 1 1 1 1 1 1 1 1 1
instanceKlass org/apache/commons/logging/impl/WeakHashtable
instanceKlass java/util/Properties
ciInstanceKlass java/util/Hashtable 1 1 516 7 1 10 7 12 1 1 1 9 7 12 1 1 1 100 1 7 1 10 8 1 10 12 1 1 10 12 1 10 12 1 1 10 12 1 10 7 12 1 1 1 8 1 10 12 1 9 12 1 1 7 1 9 12 1 1 4 10 7 12 1 1 1 9 12 1 4 10 12 1 11 7 12 1 1 1 10 12 1 1 10 12 1 1 9 12 1 10 12 1 1 100 1 10 9 12 1 1 10 7 12 1 1 1 9 12 1 1 10 12 1 10 12 1 3 9 12 1 9 12 1 3 10 12 1 10 12 1 10 12 1 1 11 12 1 1 11 100 12 1 1 1 11 7 12 1 1 1 11 12 1 100 1 11 12 1 11 12 1 10 12 1 1 10 12 1 1 10 12 1 9 12 1 1 9 12 9 12 1 1 10 100 1 7 1 10 12 1 10 8 1 10 10 12 1 8 1 10 8 1 10 7 12 1 1 1 7 1 10 12 1 10 12 1 7 1 10 12 1 10 12 1 1 100 1 10 100 1 10 10 12 1 1 11 12 1 1 11 12 1 7 1 10 10 10 100 12 1 1 11 100 12 1 1 1 100 1 10 11 100 12 1 1 11 100 12 1 10 12 1 10 12 1 1 10 100 12 1 1 10 12 1 1 10 12 1 1 10 12 1 1 10 100 12 1 1 1 8 10 100 12 1 1 100 1 8 1 10 4 4 10 12 1 1 10 12 1 8 1 4 10 12 10 100 12 1 1 1 100 1 11 100 12 1 1 1 10 100 12 1 1 1 10 12 1 10 12 1 1 10 7 1 7 1 1 1 1 1 1 5 0 1 1 1 1 1 3 1 3 1 3 1 1 1 1 1 1 1 1 1 1 1 1 1 1 1 1 1 1 1 1 1 1 1 1 1 100 1 1 1 1 1 1 1 1 1 1 1 1 1 1 1 1 1 1 1 1 1 1 1 1 1 1 1 1 1 7 1 1 1 1 1 1 1 1 1 1 1 1 1 1 7 1 1 1 1 1 1 1 1 1 1 1 1 1 1 1 1 1 1 1 1 1 1 1 1 1 1 1 1 1 1 1 1 1 1 1 1 1 1 1 1 1 1 1 1 100 1 1 1 7 1 1 1 1 1 7 1 1 1 1 1 1 1 1 1 1 1 1 1 1 1 1 1 1
ciInstanceKlass java/lang/String 1 1 1488 10 7 12 1 1 1 8 1 9 7 12 1 1 1 9 12 1 1 9 12 1 1 9 12 1 1 10 12 1 10 12 1 1 10 12 1 1 9 12 1 10 7 12 1 1 1 10 12 1 1 10 12 1 10 7 12 1 1 1 10 12 1 1 10 12 1 1 10 12 1 10 12 1 1 10 12 1 10 7 12 1 1 1 7 1 9 7 12 1 1 1 10 7 12 1 1 1 10 12 1 1 10 12 1 1 10 7 12 1 1 1 10 12 1 1 9 100 12 1 1 10 12 9 100 12 1 1 10 12 1 1 3 10 12 1 1 7 1 11 12 1 1 11 12 1 11 12 1 1 10 100 12 1 1 1 10 12 1 1 9 100 12 1 1 1 10 12 1 1 10 12 1 11 12 1 1 10 12 1 10 12 10 12 1 1 10 7 12 1 1 1 10 7 12 1 1 1 10 12 1 1 7 1 7 1 10 12 1 10 12 1 10 12 1 1 10 12 1 1 100 1 10 12 1 1 100 1 10 12 1 1 10 12 1 1 10 12 1 10 10 12 1 100 1 100 1 7 1 10 12 1 10 12 1 1 10 12 1 1 10 12 1 10 12 1 1 10 12 1 1 10 7 12 1 1 7 1 11 10 7 12 1 1 11 12 1 11 12 1 10 12 1 1 10 12 1 10 12 10 12 1 1 10 10 100 12 1 1 1 10 100 12 1 1 10 12 1 1 10 100 12 1 1 10 12 1 10 12 1 1 10 12 1 1 10 12 1 10 12 1 10 12 1 1 100 1 10 12 1 1 10 12 10 12 1 10 12 1 1 10 12 1 1 10 7 12 1 1 1 10 12 1 10 12 1 1 10 12 1 10 12 1 3 3 10 12 1 1 10 12 1 10 12 1 1 10 12 1 1 10 12 1 1 10 12 1 10 12 1 1 10 12 1 1 10 12 1 10 12 1 10 12 1 10 12 1 1 10 12 1 10 12 1 10 12 1 10 12 1 10 12 1 10 12 1 10 7 1 10 8 1 10 12 1 1 10 12 1 8 1 10 12 1 1 10 12 10 12 1 8 1 10 10 12 1 1 10 12 1 1 7 1 5 0 7 1 8 1 10 10 12 1 1 5 0 5 0 5 0 10 12 1 1 10 7 1 10 10 12 1 10 12 1 10 12 1 10 10 12 1 10 12 1 10 12 1 10 12 1 10 12 1 10 12 1 10 12 1 1 10 12 1 1 10 12 1 1 10 10 12 1 1 10 10 12 1 100 1 10 9 100 12 1 1 1 11 100 12 1 1 1 10 12 1 1 10 12 1 1 10 7 1 10 12 1 10 12 1 10 7 12 1 1 1 10 12 1 10 12 1 1 10 12 1 11 7 1 11 12 10 12 1 10 12 1 1 10 12 1 1 10 10 12 1 10 12 1 9 12 1 1 11 7 12 1 1 1 10 12 10 10 12 1 10 12 1 1 10 10 12 1 10 12 1 10 12 1 1 10 12 1 1 10 10 12 1 1 10 10 7 12 1 1 1 10 12 1 10 12 1 10 12 10 10 12 10 10 12 1 10 12 1 10 10 12 10 12 1 1 10 12 10 10 12 10 12 1 10 12 10 12 10 10 12 1 10 12 1 1 10 12 1 1 10 10 12 1 10 7 12 1 1 1 10 12 1 1 10 10 7 12 1 1 1 11 10 12 1 10 12 1 1 10 12 1 1 10 7 12 1 1 1 10 12 1 10 12 1 10 12 1 10 12 1 10 12 1 10 12 1 100 1 10 10 12 1 10 12 1 1 8 1 10 12 1 3 3 10 12 1 10 12 1 1 10 12 7 1 10 10 12 1 1 10 12 10 12 1 10 12 1 10 12 1 1 10 12 1 1 11 7 12 1 1 1 7 1 10 12 1 10 12 1 1 8 1 10 12 1 1 10 12 1 11 7 12 1 1 1 11 7 12 1 1 11 12 1 10 12 1 10 12 1 1 10 10 7 12 1 1 1 10 12 1 10 12 1 10 10 12 10 12 1 1 10 10 12 1 10 10 12 1 10 10 12 1 10 10 12 1 10 12 1 1 10 10 12 1 8 1 10 12 1 1 18 12 1 1 11 100 12 1 1 1 3 18 12 1 18 12 1 8 1 10 100 12 1 1 1 11 12 1 1 10 12 10 10 12 1 10 11 12 1 1 10 12 1 1 11 12 1 18 3 11 10 11 11 10 12 1 10 12 1 1 8 1 10 12 1 10 12 1 10 12 1 1 10 10 12 1 11 100 12 1 7 1 100 1 10 12 100 1 10 10 7 12 1 1 1 100 1 10 7 1 10 10 12 1 10 10 12 1 8 1 10 10 12 1 8 1 8 1 10 12 1 10 12 1 10 10 12 10 7 12 1 1 10 7 12 1 1 10 7 12 1 1 8 1 10 12 1 10 12 1 10 9 12 1 10 12 9 7 12 1 1 1 10 12 1 10 12 1 10 12 1 10 12 10 12 1 10 12 1 8 1 10 100 12 1 1 1 10 12 10 12 1 1 10 12 10 12 10 12 7 1 9 12 1 1 7 1 10 7 1 7 1 7 1 7 1 1 1 1 1 1 5 0 1 1 1 1 1 3 1 3 1 1 1 1 1 1 1 1 1 1 1 1 1 1 1 100 1 1 1 1 1 1 1 1 1 1 1 1 1 1 1 1 1 1 1 1 1 1 1 1 1 1 1 1 1 1 1 100 1 1 1 1 1 1 1 1 1 1 1 1 7 1 1 1 1 1 1 1 1 1 1 1 1 1 1 1 1 1 1 1 1 1 1 1 1 1 1 1 1 1 1 1 1 1 1 1 1 1 1 1 1 1 1 1 1 1 1 1 1 1 1 1 1 1 1 1 1 1 1 1 1 1 1 1 1 1 1 1 1 1 1 1 1 1 1 1 1 1 1 1 1 1 1 1 1 1 1 1 1 1 1 1 1 1 1 1 1 1 1 1 1 1 1 1 1 1 1 1 1 1 1 1 1 1 1 1 1 1 1 1 1 1 1 1 1 1 1 1 1 1 1 1 1 1 1 1 1 1 1 1 1 1 1 1 1 1 1 1 1 1 1 1 1 1 1 1 1 1 1 1 1 1 1 1 1 1 1 1 1 1 1 1 1 1 1 1 1 1 1 1 1 1 100 1 1 1 1 1 1 1 1 1 1 1 1 1 1 1 1 1 1 1 1 1 1 1 100 1 1 1 1 1 1 1 1 1 1 1 1 1 1 1 7 1 1 1 1 1 1 1 1 1 1 1 1 1 1 1 16 15 10 12 16 15 10 12 15 10 12 15 10 12 15 10 100 12 1 1 1 1 100 1 1 1 1 1 100 1 100 1 1 1
staticfield java/lang/String COMPACT_STRINGS Z 1
staticfield java/lang/String serialPersistentFields [Ljava/io/ObjectStreamField; 0 [Ljava/io/ObjectStreamField;
staticfield java/lang/String CASE_INSENSITIVE_ORDER Ljava/util/Comparator; java/lang/String$CaseInsensitiveComparator
ciInstanceKlass java/lang/constant/ConstantDesc 1 0 37 100 1 100 1 1 1 1 100 1 1 1 1 100 1 100 1 100 1 100 1 100 1 100 1 100 1 100 1 100 1 1 100 1 100 1 1
ciInstanceKlass java/lang/InternalError 1 1 34 10 7 12 1 1 1 10 12 1 10 12 1 10 12 1 100 1 1 1 1 5 0 1 1 1 1 1 1 1 1 1 1 1
instanceKlass java/lang/AssertionError
instanceKlass java/lang/ThreadDeath
instanceKlass java/util/ServiceConfigurationError
instanceKlass java/lang/VirtualMachineError
instanceKlass java/lang/LinkageError
ciInstanceKlass java/lang/Error 1 1 58 10 7 12 1 1 1 9 12 1 1 10 100 12 1 1 1 10 100 12 1 1 1 10 12 1 10 12 1 10 12 1 10 12 1 100 1 1 1 1 5 0 1 1 1 1 1 1 1 1 100 1 1 1 1 1 1 1
instanceKlass java/lang/StackOverflowError
instanceKlass java/lang/OutOfMemoryError
instanceKlass java/lang/InternalError
ciInstanceKlass java/lang/VirtualMachineError 1 1 34 10 7 12 1 1 1 10 12 1 10 12 1 10 12 1 100 1 1 1 1 5 0 1 1 1 1 1 1 1 1 1 1 1
ciInstanceKlass java/util/Iterator 1 1 53 100 1 8 1 10 12 1 1 10 7 12 1 1 1 11 7 12 1 1 1 11 12 1 1 11 7 12 1 1 1 7 1 1 1 1 1 1 1 1 1 1 1 1 1 1 1 1 1 1 1 1 1
instanceKlass com/sun/org/apache/xerces/internal/impl/XMLEntityManager$RewindableInputStream
instanceKlass java/io/ObjectInputStream$PeekInputStream
instanceKlass java/io/ObjectInputStream$BlockDataInputStream
instanceKlass java/io/ObjectInputStream
instanceKlass sun/nio/ch/ChannelInputStream
instanceKlass sun/nio/ch/NioSocketImpl$1
instanceKlass java/net/Socket$SocketInputStream
instanceKlass java/util/zip/ZipFile$ZipFileInputStream
instanceKlass java/io/FilterInputStream
instanceKlass java/io/FileInputStream
instanceKlass java/io/ByteArrayInputStream
ciInstanceKlass java/io/InputStream 1 1 195 7 1 10 7 12 1 1 1 100 1 10 10 7 12 1 1 1 10 7 12 1 1 1 10 12 1 100 1 3 10 12 1 1 100 1 8 1 10 12 1 10 7 12 1 1 1 3 7 1 8 1 10 10 7 12 1 1 1 7 1 10 11 7 12 1 1 1 10 12 1 1 11 12 1 1 11 7 12 1 1 1 11 12 1 1 7 1 10 7 12 1 1 1 5 0 10 12 1 10 12 1 1 100 1 10 8 1 10 8 1 8 1 10 12 1 1 10 100 12 1 1 1 7 1 5 0 10 12 1 100 1 7 1 1 1 1 3 1 3 1 1 1 1 1 1 1 1 1 1 1 1 1 1 1 1 1 1 1 1 1 1 1 1 1 1 1 1 1 1 1 1 1 1 1 1 1 1 1 1 1 1 1 1 1 1 1 1 1 1 1 1 1 1 1
ciInstanceKlass jdk/internal/misc/Unsafe 1 1 1242 10 7 12 1 1 1 9 7 12 1 1 1 9 12 1 1 10 12 1 1 10 7 12 1 1 1 10 12 1 1 10 12 1 1 10 12 1 1 10 12 1 1 10 12 1 1 10 12 1 1 10 12 1 1 10 12 1 1 10 12 1 1 10 12 1 1 10 12 1 1 10 12 1 1 10 12 1 1 10 12 1 10 12 1 100 1 10 10 12 1 1 10 12 1 1 5 0 10 12 1 1 10 12 1 1 10 7 12 1 1 1 10 12 1 1 10 12 1 10 12 1 10 12 1 1 10 12 1 1 10 12 1 10 12 1 7 1 7 1 10 8 1 10 12 1 1 10 12 1 8 1 10 12 1 1 10 12 1 10 12 1 10 12 1 1 10 12 1 10 12 1 1 10 12 1 1 10 12 1 10 12 1 10 12 1 10 12 1 1 10 12 1 10 12 1 10 12 1 1 10 12 1 5 0 5 0 5 0 10 12 1 10 12 1 10 12 1 10 12 1 10 12 1 10 12 1 10 12 1 10 12 1 10 12 1 1 10 12 1 10 12 1 7 1 8 1 10 100 1 10 10 12 1 1 10 12 1 1 10 12 1 10 12 1 1 10 12 1 1 10 12 1 10 12 1 1 10 12 1 9 7 12 1 1 9 12 1 100 1 10 10 12 1 1 8 1 10 8 1 8 1 10 12 1 1 9 7 12 1 1 1 9 7 1 9 7 1 9 7 1 9 9 7 1 9 7 1 9 7 1 10 12 1 1 10 12 1 1 10 12 1 1 10 12 1 1 5 0 5 0 9 12 1 1 10 12 1 10 12 1 10 12 1 1 10 12 1 1 10 12 1 8 1 3 10 12 1 1 10 12 1 1 10 12 1 10 12 1 1 10 12 1 1 10 12 1 10 12 1 10 12 1 10 12 1 10 12 1 10 12 1 1 10 12 1 1 10 12 1 10 12 1 10 12 1 10 12 1 10 12 1 10 12 1 1 10 12 1 1 10 12 1 10 12 1 10 12 1 10 12 1 10 12 1 10 12 1 1 10 12 1 1 10 12 1 1 10 12 1 1 10 12 1 10 12 1 10 12 1 10 12 1 10 12 1 10 12 1 10 12 1 1 10 12 1 1 10 12 1 10 12 1 10 12 1 10 12 1 10 12 1 10 12 1 10 12 1 1 10 12 1 1 10 12 1 10 12 1 10 12 1 10 12 1 10 12 1 10 12 1 10 12 1 10 12 1 1 10 12 1 10 12 1 10 12 1 10 12 1 10 12 1 1 10 12 1 10 12 1 10 12 1 10 12 1 10 12 1 10 12 1 10 12 1 10 12 1 1 10 12 1 10 12 1 10 12 1 10 12 1 10 12 1 10 12 1 1 10 12 1 10 12 1 10 12 1 1 10 12 1 10 12 1 10 12 1 10 12 1 10 12 1 10 12 1 10 12 1 10 12 1 10 12 1 10 12 1 10 12 1 10 12 1 10 12 1 10 12 1 10 12 1 10 12 1 10 12 1 10 12 1 10 12 1 10 12 1 10 12 1 10 12 1 10 12 1 100 1 10 100 1 10 9 12 1 5 0 10 12 1 1 5 0 10 12 1 5 0 10 12 1 10 12 1 10 12 1 1 10 12 1 1 10 12 1 10 12 1 10 12 1 10 12 1 1 10 12 1 10 12 1 10 12 1 10 12 1 10 12 1 1 10 12 1 10 12 1 10 12 1 10 12 1 1 10 12 1 10 12 1 10 12 1 1 10 12 1 10 12 1 10 12 1 10 12 1 1 10 12 1 10 10 12 1 1 10 12 1 10 12 1 1 10 12 1 10 12 5 0 5 0 5 0 10 12 1 1 10 12 1 10 12 1 10 12 10 100 12 1 1 8 1 100 1 11 12 1 1 8 1 11 12 1 1 10 100 12 1 1 10 12 1 10 7 1 10 12 1 9 12 1 7 1 9 12 1 7 1 9 12 1 7 1 9 12 1 7 1 9 12 1 7 1 9 12 1 7 1 9 12 1 7 1 9 12 1 7 1 9 12 1 10 12 1 9 12 1 9 12 1 9 12 1 9 12 1 9 12 1 9 12 1 9 12 1 9 12 1 9 12 1 9 12 1 1 1 3 1 1 1 1 1 1 1 1 1 1 1 1 1 1 1 1 1 1 1 1 1 1 1 1 1 1 1 1 1 1 1 1 1 1 1 1 1 1 1 1 1 1 1 1 1 1 1 1 1 1 1 1 1 1 1 1 1 1 1 1 1 1 1 1 1 1 1 1 1 1 1 1 1 1 1 1 1 1 1 1 1 1 1 1 1 1 1 1 1 1 100 1 1 1 1 1 1 1 1 1 1 1 1 1 1 1 1 1 1 1 1 1 1 1 1 1 1 1 1 1 1 1 1 1 1 1 1 1 1 1 1 1 1 1 1 1 1 1 1 1 1 1 1 1 1 1 1 1 1 1 1 1 1 1 1 1 1 1 1 1 1 1 1 1 1 1 1 1 1 1 1 1 1 1 1 1 1 1 1 1 1 1 1 1 1 1 1 1 1 1 1 1 1 1 1 1 1 1 1 1 1 1 1 1 1 1 1 1 1 1 1 1 1 1 1 1 1 1 1 1 1 1 1 1 1 1 1 1 1 1 1 1 1 1 1 1 1 1 1 1 1 1 1 1 1 1 1 1 1 1 1 1 1 1 1 1 1 1 1 1 1 1 1 1 1 1 1 1 1 1 1 1 1 1 1 1 1 1 1 1 1 1 1 1 1 1 1 1 1 1 1 1 1 1 1 1 1 1 1 1 1 1 1 1
staticfield jdk/internal/misc/Unsafe theUnsafe Ljdk/internal/misc/Unsafe; jdk/internal/misc/Unsafe
staticfield jdk/internal/misc/Unsafe ARRAY_BOOLEAN_BASE_OFFSET I 16
staticfield jdk/internal/misc/Unsafe ARRAY_BYTE_BASE_OFFSET I 16
staticfield jdk/internal/misc/Unsafe ARRAY_SHORT_BASE_OFFSET I 16
staticfield jdk/internal/misc/Unsafe ARRAY_CHAR_BASE_OFFSET I 16
staticfield jdk/internal/misc/Unsafe ARRAY_INT_BASE_OFFSET I 16
staticfield jdk/internal/misc/Unsafe ARRAY_LONG_BASE_OFFSET I 16
staticfield jdk/internal/misc/Unsafe ARRAY_FLOAT_BASE_OFFSET I 16
staticfield jdk/internal/misc/Unsafe ARRAY_DOUBLE_BASE_OFFSET I 16
staticfield jdk/internal/misc/Unsafe ARRAY_OBJECT_BASE_OFFSET I 16
staticfield jdk/internal/misc/Unsafe ARRAY_BOOLEAN_INDEX_SCALE I 1
staticfield jdk/internal/misc/Unsafe ARRAY_BYTE_INDEX_SCALE I 1
staticfield jdk/internal/misc/Unsafe ARRAY_SHORT_INDEX_SCALE I 2
staticfield jdk/internal/misc/Unsafe ARRAY_CHAR_INDEX_SCALE I 2
staticfield jdk/internal/misc/Unsafe ARRAY_INT_INDEX_SCALE I 4
staticfield jdk/internal/misc/Unsafe ARRAY_LONG_INDEX_SCALE I 8
staticfield jdk/internal/misc/Unsafe ARRAY_FLOAT_INDEX_SCALE I 4
staticfield jdk/internal/misc/Unsafe ARRAY_DOUBLE_INDEX_SCALE I 8
staticfield jdk/internal/misc/Unsafe ARRAY_OBJECT_INDEX_SCALE I 4
staticfield jdk/internal/misc/Unsafe ADDRESS_SIZE I 8
instanceKlass org/springframework/core/DecoratingClassLoader
instanceKlass javax/management/remote/rmi/RMIConnectionImpl$CombinedClassLoader$ClassLoaderWrapper
instanceKlass javax/management/remote/rmi/RMIConnectionImpl$CombinedClassLoader
instanceKlass com/sun/jmx/remote/util/ClassLoaderWithRepository
instanceKlass jdk/internal/reflect/DelegatingClassLoader
instanceKlass java/security/SecureClassLoader
ciInstanceKlass java/lang/ClassLoader 1 1 1108 9 7 12 1 1 1 10 7 12 1 1 1 9 12 1 1 10 7 12 1 1 1 7 1 10 12 1 1 10 12 1 1 9 12 1 1 10 12 1 1 100 1 10 12 1 10 12 1 1 10 7 12 1 1 1 100 1 8 1 10 12 1 10 7 12 1 1 1 10 7 12 1 10 7 1 10 7 1 7 1 7 1 10 12 1 10 12 1 9 12 1 1 10 10 7 12 1 1 1 9 12 1 1 9 12 1 9 12 1 1 9 12 1 9 12 1 1 9 12 1 1 7 1 10 12 1 9 12 1 1 10 12 1 1 10 7 12 1 1 1 9 12 1 9 12 1 1 9 12 1 10 12 1 1 9 12 10 12 1 1 7 1 10 8 1 10 12 1 1 10 12 1 10 7 1 7 1 10 12 1 1 10 7 12 1 1 1 8 1 10 12 1 10 12 1 10 12 1 1 10 12 1 1 10 12 1 1 10 12 1 1 10 12 1 1 10 12 1 7 1 10 12 1 10 100 12 1 1 1 10 12 1 1 10 12 1 10 12 1 10 12 1 10 12 1 10 12 1 1 10 10 12 1 10 12 1 10 100 12 1 1 10 12 1 1 10 12 1 1 10 12 1 100 1 10 12 1 7 1 10 12 1 10 7 12 1 1 1 10 10 12 1 1 10 12 1 1 7 1 8 1 10 8 1 10 12 1 10 12 1 100 1 8 1 10 12 1 1 10 12 1 1 10 10 12 1 1 10 12 1 1 10 12 1 1 10 7 1 10 12 1 1 10 12 1 1 10 12 1 1 10 12 1 1 10 12 1 1 10 12 1 1 10 12 1 10 7 12 1 1 1 10 12 1 10 12 1 10 12 1 1 10 12 1 10 12 1 10 12 1 10 12 1 1 10 12 1 10 12 1 1 8 1 9 12 1 10 12 1 1 8 1 8 1 10 7 12 1 1 100 1 10 10 12 10 12 1 10 12 1 10 12 1 10 12 1 1 10 7 12 1 1 10 12 1 10 7 1 7 1 10 12 1 1 10 12 1 10 7 1 10 12 1 100 1 18 12 1 10 100 12 1 1 1 10 100 12 1 1 1 10 7 12 1 1 10 12 1 10 12 1 100 1 10 12 1 8 1 10 10 12 1 1 10 12 1 10 12 1 1 7 1 10 12 1 10 12 1 1 10 7 12 1 1 10 12 1 8 1 100 1 10 10 12 1 9 12 1 10 7 12 1 1 10 12 1 7 1 8 1 10 12 1 10 8 1 8 1 10 12 1 1 10 12 1 1 10 12 1 1 10 7 12 1 1 7 1 100 1 10 12 1 1 7 1 7 1 10 7 12 1 1 10 12 1 10 12 1 1 10 12 1 10 12 1 1 10 12 1 1 9 100 12 1 1 1 10 12 1 1 10 12 1 10 12 1 10 12 1 1 10 12 1 8 1 7 1 18 12 1 1 10 12 1 1 10 12 1 10 12 1 10 12 1 8 1 10 12 1 10 12 1 18 12 1 11 100 12 1 1 1 100 1 10 12 1 1 10 12 1 10 11 12 1 1 10 18 10 12 1 1 11 7 12 1 18 12 1 11 12 1 1 10 12 10 12 1 1 10 12 1 1 100 1 8 1 10 10 12 1 8 1 8 1 10 100 12 1 1 10 12 1 100 1 10 10 12 1 8 1 8 1 8 1 10 12 1 10 12 1 1 10 12 1 10 7 12 1 1 1 11 7 12 1 1 100 1 10 11 10 12 1 10 12 1 10 12 1 1 9 7 12 1 1 9 12 1 1 9 12 9 12 1 9 12 1 9 12 1 8 10 12 1 1 10 7 12 1 1 1 10 12 1 1 10 12 1 1 10 12 1 10 10 12 1 11 12 1 1 10 100 12 1 1 1 100 1 10 12 1 10 12 1 10 12 1 1 1 1 1 1 1 1 1 1 1 1 1 1 1 1 1 1 1 1 1 1 1 1 1 1 1 1 100 1 1 1 1 1 1 1 1 1 1 1 1 1 1 1 1 1 1 1 1 1 100 1 1 1 1 1 1 1 1 1 1 7 1 1 1 1 1 1 1 1 1 1 1 1 1 1 1 1 1 1 1 1 1 1 1 1 1 1 1 1 1 1 1 1 1 1 1 1 1 1 1 1 1 100 1 1 1 1 1 1 1 1 1 1 1 1 1 1 1 1 1 1 1 7 1 1 1 1 1 1 1 1 1 1 1 1 1 1 1 1 1 1 1 1 1 1 1 1 1 1 1 1 1 1 1 1 1 1 1 1 1 1 1 1 1 1 1 1 1 1 1 1 1 1 100 1 1 1 1 1 1 1 1 1 1 1 1 1 1 1 1 1 1 1 1 1 1 1 1 1 1 1 1 1 1 1 1 1 1 1 1 1 1 1 1 1 1 1 1 1 1 16 1 15 10 12 16 1 16 15 10 12 16 1 16 1 15 10 12 16 15 10 12 16 15 10 12 16 15 10 7 12 1 1 1 1 1 100 1 100 1 1
staticfield java/lang/ClassLoader nocerts [Ljava/security/cert/Certificate; 0 [Ljava/security/cert/Certificate;
staticfield java/lang/ClassLoader $assertionsDisabled Z 1
ciInstanceKlass java/lang/reflect/Constructor 1 1 439 10 7 12 1 1 1 10 7 12 1 1 9 7 12 1 1 1 10 12 1 1 10 12 1 1 10 7 12 1 1 9 12 1 1 10 7 12 1 1 1 9 12 1 1 9 12 1 1 9 12 1 9 12 1 1 9 12 1 9 12 1 1 9 12 1 1 9 12 1 100 1 8 1 10 12 1 10 12 1 9 12 1 1 10 7 12 1 1 10 7 12 1 1 1 10 12 1 1 10 12 1 1 10 12 1 7 1 100 1 8 1 10 10 12 1 10 12 1 10 12 1 1 10 12 1 1 9 100 12 1 1 1 10 7 12 1 1 10 12 1 1 10 12 1 10 12 1 1 10 7 12 1 1 1 10 100 12 1 1 10 12 1 1 10 12 1 10 7 12 1 1 1 8 1 10 10 12 1 100 1 8 1 10 12 1 10 12 1 1 10 12 1 1 10 12 1 10 12 1 10 12 1 1 10 12 1 1 9 12 1 1 10 12 1 1 10 12 1 1 10 12 1 1 11 7 12 1 1 1 10 12 1 1 10 12 1 10 12 1 10 12 1 8 1 9 12 1 1 10 7 12 1 1 1 10 7 12 1 1 10 12 1 1 10 12 1 1 10 12 1 1 10 12 1 1 10 12 1 9 7 12 1 1 10 12 1 10 12 1 10 12 1 100 1 8 1 10 10 12 1 1 10 12 1 10 10 12 1 1 10 12 1 1 10 100 12 1 1 1 11 100 12 1 1 1 10 12 1 1 9 100 12 1 1 1 10 100 12 1 1 1 10 12 1 1 1 1 1 1 1 1 1 1 1 1 1 1 1 1 1 1 1 1 1 1 1 1 1 1 1 1 1 1 1 1 1 1 1 1 1 1 1 1 1 1 1 1 1 1 1 1 1 1 1 1 100 1 100 1 100 1 100 1 1 1 1 1 1 1 1 1 1 1 1 1 1 1 1 1 1 1 1 1 1 1 1 1 1 1 1 1 1 1 1 1 100 1 1
instanceKlass java/lang/reflect/Executable
instanceKlass java/lang/reflect/Field
ciInstanceKlass java/lang/reflect/AccessibleObject 1 1 402 10 7 12 1 1 1 9 100 12 1 1 1 10 7 12 1 1 1 10 7 12 1 1 10 7 12 1 1 1 10 100 12 1 1 1 10 12 1 1 10 12 1 1 9 12 1 1 7 1 10 7 12 1 1 1 11 12 1 7 1 10 12 1 7 1 100 1 10 12 1 10 12 1 1 10 12 1 1 10 12 1 1 10 12 1 1 7 1 10 7 12 1 1 1 10 12 1 1 11 10 7 12 1 1 1 10 12 1 1 10 12 1 10 12 1 10 12 1 1 10 12 1 8 1 7 1 7 1 10 10 12 1 1 8 1 10 12 1 10 12 1 8 1 8 1 8 1 8 1 8 1 8 1 8 1 8 1 8 1 100 1 10 12 1 10 12 1 9 12 1 1 10 12 1 1 10 12 1 10 7 1 100 1 8 1 10 8 1 10 12 1 8 1 10 12 1 10 12 1 1 10 100 1 8 1 10 11 7 12 1 1 1 10 12 1 1 10 12 1 1 10 12 1 1 9 12 1 1 100 1 10 12 1 7 1 10 12 1 10 12 1 1 10 100 1 10 12 1 10 12 10 12 1 10 12 1 10 12 1 1 10 12 1 9 12 1 10 100 12 1 1 8 1 10 100 12 1 1 1 8 1 10 7 12 1 1 1 9 12 1 7 1 10 7 1 10 10 7 12 1 1 1 7 1 10 10 7 12 1 1 1 7 1 9 12 1 1 1 1 1 1 1 1 1 1 1 1 1 1 1 1 1 1 1 1 1 1 1 1 1 1 1 1 1 1 1 1 1 1 1 1 1 1 1 1 1 1 1 1 1 1 1 1 1 1 1 1 1 1 1 1 1 1 1 1 1 1 1 1 1 1 1 1 1 1 1 1 1 1 1 1 1 1 1 1 1 1 1 1 1 1
staticfield java/lang/reflect/AccessibleObject reflectionFactory Ljdk/internal/reflect/ReflectionFactory; jdk/internal/reflect/ReflectionFactory
instanceKlass java/lang/reflect/Constructor
instanceKlass java/lang/reflect/Method
ciInstanceKlass java/lang/reflect/Executable 1 1 581 10 7 12 1 1 1 10 7 12 1 1 1 10 7 12 1 1 1 11 7 12 1 1 1 10 7 12 1 1 1 10 12 1 1 10 7 12 1 1 1 10 7 12 1 1 1 10 12 1 8 1 10 10 12 1 1 10 12 1 1 10 100 12 1 1 1 18 12 1 1 11 100 12 1 1 1 8 1 8 1 8 1 10 100 12 1 1 1 11 12 1 1 7 1 8 1 8 1 10 12 1 7 1 8 1 10 12 1 8 1 11 100 12 1 1 1 7 1 11 7 12 1 1 1 11 12 1 8 1 18 8 1 10 12 1 10 12 1 1 18 8 1 10 12 1 100 1 10 12 1 10 12 1 11 12 1 10 12 1 1 8 1 8 1 10 12 1 1 10 12 1 1 10 10 12 1 9 100 12 1 1 1 10 100 12 1 1 1 10 12 1 10 12 1 1 10 7 12 1 1 10 12 1 10 12 1 10 12 1 10 7 12 1 1 7 1 10 100 12 1 1 1 10 12 1 1 10 7 12 1 1 10 12 1 10 12 1 1 9 7 12 1 1 1 10 7 10 12 1 8 1 10 12 1 10 12 1 3 100 1 8 1 10 12 1 10 12 1 10 10 12 1 10 12 1 1 8 1 8 1 8 1 9 12 1 1 9 12 1 10 12 1 100 1 8 1 10 12 1 10 12 1 10 12 1 1 10 12 1 1 10 12 1 10 12 10 12 1 7 1 10 12 1 10 12 1 1 100 1 10 7 12 1 1 1 7 1 10 7 12 1 1 1 10 12 1 1 11 7 12 1 1 10 12 1 10 100 12 1 1 1 10 12 1 1 9 12 1 10 12 1 1 10 12 1 10 12 1 1 9 7 12 1 1 1 10 7 12 1 1 1 10 12 1 10 12 1 1 9 12 1 10 10 10 10 100 12 1 1 1 10 12 1 9 12 1 10 12 1 1 9 12 1 7 1 7 1 1 1 1 1 1 1 1 1 1 1 1 1 1 1 1 1 1 1 1 1 1 1 1 1 1 1 1 1 1 1 1 1 1 1 1 100 1 1 1 1 1 1 1 1 1 1 1 1 1 1 1 1 1 1 1 100 1 1 1 1 1 1 1 1 1 1 1 1 1 1 1 1 1 1 1 1 1 1 1 1 1 1 1 1 1 1 1 1 1 1 1 1 1 1 1 1 1 1 1 7 1 1 1 1 1 1 1 1 1 1 1 1 1 1 1 1 1 1 1 1 1 1 7 1 1 16 15 16 1 16 1 15 10 12 16 15 10 100 12 1 1 1 1 1 1 100 1 1 100 1 100 1 1
ciInstanceKlass java/lang/reflect/Member 1 1 37 100 1 10 12 1 1 100 1 100 1 1 1 1 3 1 3 1 1 1 1 1 1 1 1 1 1 1 1 1 1 1 1 1 1 1 1
instanceKlass org/springframework/context/support/AbstractApplicationContext$1
instanceKlass org/springframework/boot/devtools/restart/RestartLauncher
instanceKlass org/springframework/boot/devtools/restart/Restarter$LeakSafeThread
instanceKlass java/util/logging/LogManager$Cleaner
instanceKlass com/intellij/rt/execution/application/AppMainV2$1
instanceKlass jdk/internal/misc/InnocuousThread
instanceKlass java/lang/ref/Finalizer$FinalizerThread
instanceKlass java/lang/ref/Reference$ReferenceHandler
instanceKlass java/lang/BaseVirtualThread
ciInstanceKlass java/lang/Thread 1 1 872 10 7 12 1 1 1 9 12 1 1 10 7 12 1 1 10 12 1 10 100 12 1 1 100 1 8 1 10 12 1 1 9 12 1 1 9 12 1 9 12 1 1 7 1 10 12 1 1 10 12 1 10 100 12 1 1 1 10 12 9 12 1 1 10 12 1 7 1 10 12 1 10 12 1 1 10 12 1 1 10 12 1 10 12 1 1 100 1 8 1 10 9 100 12 1 1 1 10 12 1 1 10 3 8 1 7 1 5 0 10 7 12 1 1 1 9 12 1 10 12 1 1 10 7 12 1 1 1 10 7 12 1 1 1 10 12 1 1 10 12 1 1 9 12 1 1 10 7 1 8 1 10 7 1 10 12 1 9 12 1 1 10 7 12 1 1 1 10 10 12 1 1 9 100 12 1 1 1 10 12 1 1 10 12 1 1 10 7 12 1 1 10 12 1 10 12 1 10 7 12 1 1 9 12 1 10 7 12 1 1 1 10 12 1 1 9 12 1 1 9 12 1 1 10 7 12 1 1 1 9 12 1 1 10 100 12 1 1 10 100 12 1 1 1 10 12 1 10 12 1 10 7 12 1 1 9 12 1 8 1 9 7 12 1 1 9 12 1 1 5 0 100 1 10 100 1 10 100 1 10 7 1 10 8 1 10 12 1 1 10 7 12 1 10 12 1 10 12 1 100 1 8 1 10 10 12 1 10 12 1 1 10 100 12 1 1 1 10 100 12 1 1 1 10 12 1 7 1 9 12 1 1 100 1 10 10 12 1 9 12 1 1 10 12 1 1 10 12 1 1 10 12 1 10 12 1 9 12 1 1 10 10 12 1 1 10 12 1 1 11 7 12 1 1 10 7 12 1 1 9 12 1 9 12 1 1 9 12 1 1 10 100 12 1 1 10 12 1 1 9 7 12 1 1 1 10 7 12 1 1 10 12 1 10 12 1 100 1 10 10 12 9 12 1 1 10 12 1 11 100 12 1 1 11 12 1 10 12 1 10 12 1 10 12 1 9 12 1 10 10 12 1 10 12 1 1 9 12 1 9 12 10 12 1 8 1 10 12 1 10 12 1 10 12 1 10 12 1 10 12 1 1 10 12 1 10 12 1 1 10 12 1 10 12 1 10 12 1 10 12 1 10 12 1 1 9 7 12 1 1 1 8 1 10 9 12 1 10 12 1 7 1 8 1 10 10 12 1 8 1 10 12 1 1 9 12 10 12 8 1 10 10 12 1 10 12 1 8 1 10 12 1 10 8 1 10 100 12 1 1 10 12 1 1 100 1 8 1 10 9 12 1 9 12 1 1 10 12 1 1 10 10 12 1 10 12 1 100 10 7 12 1 1 1 9 12 1 10 12 1 1 10 12 1 1 10 100 12 1 1 1 11 7 12 1 1 1 9 100 12 1 1 1 10 100 12 1 1 1 7 1 10 12 1 100 1 10 12 1 10 12 1 1 10 12 1 1 8 1 9 12 1 10 12 1 10 12 1 1 11 7 12 1 1 1 10 12 1 1 1 1 3 1 3 1 3 1 3 1 1 1 1 1 1 1 1 1 1 1 1 1 1 1 1 1 1 1 1 1 7 1 1 1 1 1 1 1 1 1 1 1 1 1 1 1 1 1 1 1 1 100 1 1 1 1 1 1 1 1 1 1 1 1 1 1 1 1 1 1 7 1 7 1 1 1 1 1 1 1 1 1 1 1 1 1 1 1 1 1 1 1 1 1 1 1 1 1 1 1 1 1 1 1 1 1 1 1 1 1 1 1 1 1 1 1 1 1 1 1 1 1 1 1 1 1 1 1 1 1 1 1 1 1 1 1 1 1 1 1 1 1 1 1 1 1 1 100 100 1 1 1 1 1 1 1 1 1 1 1 1 1 1 1 1 1 1 1 1 1 1 1 1 1 1 100 1 100 1 100 1 100 1 100 1 1 100 1 1 1 1 1 1 1 1 1 1 1 1 1 1 1
staticfield java/lang/Thread NEW_THREAD_BINDINGS Ljava/lang/Object; java/lang/Class
staticfield java/lang/Thread EMPTY_STACK_TRACE [Ljava/lang/StackTraceElement; 0 [Ljava/lang/StackTraceElement;
ciInstanceKlass java/lang/Runnable 1 0 11 100 1 100 1 1 1 1 1 1 1
ciInstanceKlass java/net/URL 1 1 771 10 7 12 1 1 1 10 12 1 10 7 12 1 1 9 12 1 1 9 12 1 10 7 12 1 1 1 10 12 1 1 10 12 1 1 9 12 1 1 10 7 12 1 1 1 8 1 10 12 1 1 7 1 10 10 12 1 1 8 1 10 12 1 1 9 12 1 7 1 8 1 10 12 1 10 12 1 8 1 9 12 1 10 12 1 1 9 12 1 10 12 1 10 12 1 9 12 1 9 12 1 8 1 9 12 1 10 12 1 1 8 1 9 12 1 1 10 12 1 1 10 7 12 1 1 1 8 1 10 12 1 7 1 10 12 1 10 12 1 10 12 1 10 12 1 1 10 12 1 1 8 1 10 12 1 1 10 12 1 8 1 9 12 1 8 1 10 12 1 10 7 12 1 1 1 7 1 10 12 1 10 12 1 1 10 7 12 1 1 1 7 1 8 1 10 10 12 1 8 1 10 12 1 1 10 12 1 10 12 1 10 12 1 10 12 1 10 12 1 10 12 1 8 1 10 12 1 8 1 10 10 100 1 10 10 12 1 8 1 10 7 12 1 1 1 10 12 1 9 100 12 1 1 1 10 7 12 1 1 1 9 12 1 1 10 12 1 10 100 12 1 1 1 100 1 100 1 10 12 1 10 12 1 10 12 1 10 12 1 10 12 1 10 12 10 10 12 1 10 12 1 10 12 1 1 8 1 9 100 12 1 1 1 10 100 12 1 1 1 10 12 1 1 9 100 12 1 1 1 10 12 1 1 100 1 10 12 1 10 12 1 10 10 12 1 1 10 12 1 1 10 12 1 10 12 1 10 12 1 10 100 12 1 1 1 10 12 1 1 10 12 1 9 12 1 1 9 12 1 1 7 1 8 1 10 10 12 1 9 12 1 1 10 7 12 1 1 8 1 10 100 12 1 1 8 1 10 12 1 1 10 12 1 8 1 8 1 10 7 12 1 1 1 7 1 10 7 12 1 1 1 10 12 1 10 12 1 100 1 10 9 100 12 1 1 1 10 100 12 1 1 10 12 1 1 10 12 1 8 1 100 1 10 10 7 12 1 1 1 10 12 1 8 9 100 12 1 1 1 10 12 1 1 10 12 1 10 12 1 1 10 100 12 1 1 11 7 12 1 1 10 12 1 10 12 1 9 12 1 10 12 1 1 10 100 12 1 1 10 100 12 1 1 1 8 10 100 12 1 1 100 1 10 8 8 10 12 1 8 8 8 100 1 10 12 1 9 12 1 1 10 12 1 10 12 1 1 10 12 1 10 12 10 12 1 1 10 12 1 1 10 10 10 12 1 10 12 1 10 12 1 10 12 1 10 12 1 10 10 12 1 100 1 8 1 10 10 10 12 1 1 10 12 1 10 12 1 1 8 1 7 1 10 10 7 1 10 12 1 9 7 12 1 1 1 9 12 1 1 7 1 10 10 7 12 1 1 1 7 1 1 1 1 1 5 0 1 1 1 1 1 1 1 1 1 1 1 1 1 1 1 1 1 1 1 1 1 1 1 1 1 1 1 1 1 1 1 1 1 1 1 1 1 1 1 1 1 1 1 1 1 1 1 1 7 1 1 1 1 1 1 1 1 1 1 1 1 1 1 1 1 1 1 1 1 1 1 1 1 1 1 1 1 1 1 1 1 1 1 1 1 1 100 1 1 1 1 1 1 1 1 1 1 1 1 1 1 1 1 1 100 1 1 1 1 1 1 1 1 1 1 1 1 1 1 1 1 1 1 1
staticfield java/net/URL defaultFactory Ljava/net/URLStreamHandlerFactory; java/net/URL$DefaultFactory
staticfield java/net/URL handlers Ljava/util/Hashtable; java/util/Hashtable
staticfield java/net/URL streamHandlerLock Ljava/lang/Object; java/lang/Object
staticfield java/net/URL serialPersistentFields [Ljava/io/ObjectStreamField; 7 [Ljava/io/ObjectStreamField;
ciInstanceKlass java/lang/Module 1 1 1066 10 7 12 1 1 1 9 7 12 1 1 1 10 7 12 1 1 1 9 12 1 9 12 1 1 9 12 1 1 10 12 1 1 10 12 1 10 12 1 1 10 7 12 1 1 1 7 1 10 7 12 1 1 1 10 12 1 1 11 7 12 1 1 1 10 12 1 1 10 7 12 1 1 1 9 100 12 1 1 1 10 7 12 1 1 1 10 12 1 8 1 10 7 12 1 1 1 10 7 12 1 1 1 10 7 12 1 1 1 10 12 1 1 10 12 1 9 12 1 1 10 100 12 1 1 100 1 7 1 10 8 1 10 12 1 1 10 12 1 10 12 10 12 1 10 7 12 1 1 8 1 8 1 10 8 1 8 1 8 1 9 12 1 1 8 1 10 100 12 1 1 1 10 12 1 9 12 1 1 11 12 1 9 7 12 1 1 10 7 12 1 1 1 10 100 12 1 1 1 10 12 1 1 8 1 10 12 1 1 10 12 1 10 12 1 1 9 7 12 1 1 1 10 12 1 1 10 12 1 1 9 12 1 10 12 1 10 12 1 9 12 1 1 11 7 12 1 1 10 12 1 1 9 12 1 9 12 1 10 12 1 10 12 1 100 1 8 1 10 10 12 1 1 10 12 1 8 1 10 12 1 1 8 1 8 1 10 12 1 1 10 12 1 10 12 1 1 18 12 1 1 10 12 1 1 11 12 1 9 12 1 11 12 10 100 12 1 1 100 1 8 1 10 11 12 1 1 10 7 12 1 1 1 10 12 1 10 12 1 1 11 12 1 1 11 7 12 1 1 11 12 1 1 9 12 1 11 12 1 10 12 1 1 10 12 1 1 9 12 1 10 12 10 7 12 1 1 10 7 1 18 12 1 1 11 100 12 1 1 1 18 12 1 11 12 1 1 10 100 12 1 1 1 11 12 1 1 10 7 12 1 1 7 1 11 12 1 7 1 7 1 10 12 1 10 7 12 1 1 1 10 7 12 1 1 1 10 11 7 12 1 8 1 10 10 12 1 1 10 7 12 1 1 10 12 1 10 12 1 7 1 10 12 1 10 11 12 1 1 10 12 10 12 1 1 9 12 1 1 100 1 10 10 12 1 1 11 7 1 10 12 1 1 11 12 1 10 10 12 1 11 10 12 1 1 10 12 1 1 10 12 1 1 10 7 12 1 1 10 12 1 10 12 1 1 10 10 12 1 1 10 12 1 18 12 1 11 12 1 18 12 1 10 12 1 10 12 1 10 12 7 1 10 12 1 10 12 1 10 12 1 9 12 1 7 1 10 10 10 10 12 1 10 12 1 10 12 1 10 12 1 1 10 12 1 1 10 12 1 9 12 1 18 12 1 1 10 7 12 1 1 1 100 1 8 1 10 12 1 1 10 12 1 1 10 7 12 1 1 7 1 10 12 1 1 7 1 8 1 100 1 9 100 12 1 1 1 11 100 12 1 1 10 12 1 1 11 12 1 1 18 12 1 1 11 12 1 1 100 1 10 12 1 10 12 1 1 7 1 7 1 10 12 8 1 10 12 1 1 10 12 1 1 10 100 12 1 1 10 12 1 1 10 12 1 10 12 10 12 1 1 7 1 10 10 12 1 1 10 7 12 1 1 1 100 1 10 12 1 1 10 7 12 1 1 8 1 18 12 1 1 100 1 100 1 9 12 1 1 9 12 1 9 12 1 11 100 12 1 1 1 100 1 11 12 1 1 100 1 10 12 1 8 1 10 12 1 10 12 10 12 1 8 1 10 10 100 12 1 1 7 1 10 10 12 1 10 7 12 1 1 9 12 1 9 12 1 9 12 1 9 12 1 10 12 11 12 1 10 12 1 7 1 1 1 1 1 1 1 1 1 1 1 1 1 1 1 1 1 1 1 1 1 1 1 1 1 1 1 1 1 1 1 1 1 1 1 1 1 1 1 1 1 1 1 1 1 1 1 1 1 1 1 1 1 1 1 1 1 1 1 1 1 1 1 1 1 1 1 1 1 1 1 1 1 1 1 1 1 1 1 1 1 1 1 1 1 1 1 1 1 1 1 1 1 1 1 1 1 1 1 1 1 1 1 1 1 1 1 1 1 1 1 100 100 1 1 1 1 1 1 1 1 1 1 1 1 1 1 1 1 1 1 1 1 1 1 1 1 1 1 1 1 1 100 1 7 1 1 1 1 1 1 1 1 1 1 1 1 1 1 1 1 1 1 1 1 100 1 1 1 1 1 1 1 1 1 1 1 1 1 1 1 1 1 1 1 1 1 1 1 16 15 10 12 16 16 15 10 12 16 16 15 10 16 1 15 10 12 16 1 15 10 12 16 1 16 15 10 12 16 16 1 15 10 12 16 15 10 7 12 1 1 1 15 10 100 12 1 1 1 1 1 1 1 1 1 1 1 1 100 1 100 1 1
staticfield java/lang/Module ALL_UNNAMED_MODULE Ljava/lang/Module; java/lang/Module
staticfield java/lang/Module ALL_UNNAMED_MODULE_SET Ljava/util/Set; java/util/ImmutableCollections$Set12
staticfield java/lang/Module EVERYONE_MODULE Ljava/lang/Module; java/lang/Module
staticfield java/lang/Module EVERYONE_SET Ljava/util/Set; java/util/ImmutableCollections$Set12
staticfield java/lang/Module $assertionsDisabled Z 1
ciInstanceKlass java/lang/Integer 1 1 442 7 1 7 1 7 1 7 1 10 12 1 1 9 12 1 1 9 12 1 1 10 7 12 1 1 1 10 12 1 1 10 100 12 1 1 1 10 10 12 1 1 10 7 12 1 1 1 10 12 1 10 12 1 1 10 7 12 1 1 1 10 12 1 1 10 12 1 1 10 12 1 10 12 1 10 12 1 1 10 10 12 1 100 1 8 1 10 12 1 8 1 7 1 10 12 1 1 10 12 1 1 8 1 10 12 1 1 8 1 10 12 1 1 10 12 1 1 10 12 1 1 3 3 10 7 12 1 1 1 11 7 1 10 12 1 1 11 10 12 1 1 10 12 1 1 8 1 10 12 1 10 12 1 8 1 7 1 10 12 1 8 1 10 12 1 1 10 12 1 8 1 10 12 1 10 12 1 7 1 9 12 1 1 9 12 1 1 10 12 1 10 7 1 9 12 1 10 12 1 10 12 1 10 12 1 1 10 7 12 1 1 1 100 1 100 1 10 12 1 1 10 12 1 1 8 1 8 1 10 12 1 1 8 1 8 1 8 1 8 1 8 1 8 1 10 12 1 10 12 1 10 12 1 5 0 3 3 3 3 10 12 1 10 12 1 3 10 12 1 10 100 12 1 1 1 10 12 1 1 10 12 1 1 8 1 10 7 12 1 1 1 9 12 1 1 7 1 7 1 7 1 1 1 1 3 1 1 1 3 1 3 1 1 5 0 1 1 1 1 1 1 1 1 1 1 100 1 1 1 1 1 1 1 1 1 1 1 1 1 1 1 1 1 1 1 1 1 1 1 1 1 1 1 1 1 1 1 1 1 1 1 1 1 3 1 1 1 1 1 1 1 1 1 1 1 1 1 1 1 1 7 1 1 1 1 1 1 1 1 1 1 1 1 1 1 1 1 1 1 1 1 1 1 1 1 1 1 1 1 1 1 1 1 1 1 1 1 1 1 1 1 1 1 1 1 1 7 1 1 1 1 1 1 1 1 1 100 1 100 1 1
staticfield java/lang/Integer TYPE Ljava/lang/Class; java/lang/Class
staticfield java/lang/Integer digits [C 36
instanceKlass java/math/BigDecimal
instanceKlass java/util/concurrent/atomic/Striped64
instanceKlass java/math/BigInteger
instanceKlass java/util/concurrent/atomic/AtomicLong
instanceKlass java/util/concurrent/atomic/AtomicInteger
instanceKlass java/lang/Long
instanceKlass java/lang/Integer
instanceKlass java/lang/Short
instanceKlass java/lang/Byte
instanceKlass java/lang/Double
instanceKlass java/lang/Float
ciInstanceKlass java/lang/Number 1 1 37 10 7 12 1 1 1 10 100 12 1 1 1 100 1 1 1 1 5 0 1 1 1 1 1 1 1 1 1 1 1 1 1 1 1 1 1
ciInstanceKlass java/lang/Character 1 1 604 7 1 7 1 100 1 9 12 1 1 8 1 9 12 1 1 7 1 9 12 1 1 10 7 12 1 1 1 10 100 12 1 1 1 10 100 12 1 1 1 10 7 12 1 1 1 9 7 12 1 1 1 10 12 1 10 12 1 1 10 12 1 1 10 7 12 1 1 10 12 1 1 3 3 3 3 3 10 12 1 1 10 12 1 3 11 7 12 1 1 1 11 12 1 1 10 12 1 1 10 12 1 1 100 1 10 10 12 1 3 10 12 1 1 10 12 1 10 12 1 1 100 1 8 1 10 12 1 1 10 12 1 10 12 1 10 12 1 10 100 12 1 1 1 10 12 1 10 12 1 10 12 1 1 10 12 1 10 7 12 1 1 10 10 12 1 10 10 12 1 10 12 1 1 10 12 1 10 10 12 1 10 12 1 10 12 1 10 12 1 10 12 1 10 12 1 10 12 1 10 12 10 10 12 10 10 12 1 10 10 12 1 10 10 12 1 10 10 12 1 10 12 1 10 12 1 10 12 1 10 12 1 10 12 1 10 12 1 10 10 12 1 10 10 12 1 10 10 12 1 1 10 10 12 1 10 5 0 10 12 1 10 12 1 10 10 12 1 10 10 12 1 1 10 10 12 1 10 10 12 1 9 12 1 1 100 1 10 10 12 1 10 12 1 1 3 10 100 12 1 1 1 10 12 1 10 100 12 1 1 7 1 10 10 12 1 1 10 12 1 1 10 12 1 1 8 1 10 12 1 9 100 12 1 1 1 10 12 1 10 10 12 1 10 12 1 1 10 12 1 10 10 12 1 1 10 10 12 1 1 7 1 8 1 10 12 1 1 10 7 12 1 1 1 8 1 10 12 1 1 9 12 1 1 7 1 7 1 7 1 1 1 1 3 1 3 1 3 1 3 1 1 1 1 1 3 1 1 3 1 3 1 3 1 3 1 3 1 3 1 3 1 3 1 3 1 3 1 3 1 3 1 3 1 3 1 3 1 3 1 3 1 3 1 3 1 3 1 3 1 3 1 3 1 3 1 3 1 3 1 3 1 3 1 1 1 1 1 1 1 1 1 1 1 1 1 1 1 1 1 1 1 3 1 1 1 1 1 1 1 3 1 1 3 1 1 1 1 1 3 1 1 5 0 1 1 1 1 1 1 1 1 1 1 1 1 1 1 1 1 1 1 1 1 1 1 1 1 1 1 1 1 1 1 1 1 1 1 1 1 1 1 1 1 1 1 1 1 1 1 1 1 1 1 1 1 1 1 1 1 1 1 1 1 1 1 1 1 1 1 1 1 1 1 1 1 1 1 1 1 1 1 1 1 1 1 1 1 1 1 1 1 1 1 100 1 100 1 1 1 1 1 1
staticfield java/lang/Character TYPE Ljava/lang/Class; java/lang/Class
staticfield java/lang/Character $assertionsDisabled Z 1
ciInstanceKlass java/lang/OutOfMemoryError 1 1 26 10 100 12 1 1 1 10 12 1 100 1 1 1 1 5 0 1 1 1 1 1 1 1 1 1
ciInstanceKlass java/lang/Thread$FieldHolder 1 1 48 10 7 12 1 1 1 9 7 12 1 1 1 9 12 1 1 9 12 1 1 9 12 1 1 9 12 1 1 1 1 1 1 1 1 1 1 100 1 100 1 1 1 1 100 1 1 1
ciInstanceKlass java/lang/Thread$Constants 0 0 59 7 1 10 7 12 1 1 1 100 1 10 10 7 12 1 1 1 7 1 8 1 10 12 1 9 7 12 1 1 1 7 1 7 1 10 12 1 10 12 1 9 12 1 1 1 1 1 1 1 1 1 1 1 1 1 1 1 1
ciInstanceKlass java/lang/ThreadGroup 1 1 404 10 7 12 1 1 1 9 7 12 1 1 1 8 1 9 12 1 1 7 1 9 12 1 1 9 12 1 1 10 7 12 1 1 1 10 12 1 1 10 12 1 10 12 1 10 12 1 10 12 1 1 10 12 1 1 10 12 1 10 12 1 1 10 12 1 10 12 1 10 100 12 1 1 1 10 12 1 1 18 12 1 1 11 7 12 1 1 1 10 7 12 1 1 1 10 7 12 1 10 12 1 1 10 12 1 1 10 12 1 1 10 100 12 1 1 1 10 12 1 11 12 1 1 11 7 12 1 1 11 12 1 1 10 12 1 1 10 12 1 10 12 1 11 12 1 11 12 1 1 10 12 1 100 1 10 18 12 1 1 11 7 12 1 1 1 11 12 1 1 9 12 1 1 10 12 1 1 8 1 10 7 12 1 1 1 10 100 12 1 1 1 10 12 1 1 11 12 10 12 1 1 10 12 1 1 11 7 1 9 12 1 7 1 10 8 1 10 12 1 1 10 12 1 1 8 1 10 12 1 10 7 12 1 1 1 10 12 1 1 10 7 1 8 1 10 8 1 10 12 1 10 12 1 8 1 9 12 1 1 9 12 1 10 100 12 1 1 1 100 9 12 1 1 7 1 9 12 1 10 12 10 12 1 1 100 10 12 9 12 1 10 12 1 100 1 10 11 12 1 1 7 1 10 10 12 1 10 12 1 1 1 1 1 1 1 1 1 1 1 1 1 1 1 1 1 1 3 1 1 1 1 1 1 1 1 1 1 1 1 100 1 1 1 1 1 1 1 1 1 1 1 1 1 1 1 1 1 1 1 1 1 1 1 1 1 1 1 1 1 1 1 1 1 1 1 1 1 1 1 16 15 10 12 16 16 15 10 12 16 15 10 100 12 1 1 1 1 1 100 1 100 1 1
staticfield java/lang/ThreadGroup $assertionsDisabled Z 1
ciInstanceKlass java/lang/Thread$UncaughtExceptionHandler 1 0 16 100 1 100 1 1 1 1 1 1 1 1 100 1 1 1
ciInstanceKlass java/security/AccessControlContext 1 1 375 9 7 12 1 1 1 9 12 1 1 10 100 12 1 1 1 8 1 10 100 12 1 1 1 10 7 12 1 1 1 9 12 1 9 12 1 1 9 12 1 1 10 7 12 1 1 7 1 10 12 1 11 7 12 1 1 1 11 12 1 11 12 1 11 12 1 1 7 1 11 12 1 1 10 12 1 10 7 12 1 1 1 9 100 12 1 1 1 10 7 12 1 1 1 11 100 12 1 1 1 10 7 1 100 1 8 1 10 12 1 10 12 1 1 7 1 10 7 12 1 1 1 9 12 1 9 12 1 9 12 1 9 12 1 1 9 12 1 1 9 12 1 9 12 1 10 7 12 1 1 1 9 12 1 10 12 1 1 10 12 1 1 8 1 10 12 1 1 10 12 1 1 10 7 12 1 1 1 7 1 10 10 12 1 1 10 7 12 1 1 1 10 8 1 10 7 12 1 1 8 1 10 7 12 1 1 8 1 8 1 10 12 1 8 1 10 12 1 8 1 10 12 1 10 12 1 10 12 1 1 8 1 8 1 100 1 10 12 1 10 12 1 1 100 1 10 12 1 8 1 10 12 1 10 12 1 10 8 1 10 12 1 1 10 12 1 1 10 12 1 1 10 12 1 1 10 12 1 10 12 1 11 10 12 1 10 12 1 1 10 10 10 12 1 1 1 1 1 1 1 1 1 1 1 1 1 1 1 1 1 1 1 1 1 1 1 1 100 1 1 1 1 1 1 1 1 1 1 1 1 1 1 1 1 1 1 1 1 1 1 1 1 1 1 1 1 1 1 1 1 1 1 1 1 1 1 1 1 1 1 1 1 1 1 1 1 1 1 1 1 1 3 1 1
instanceKlass java/lang/ThreadBuilders$BoundVirtualThread
instanceKlass java/lang/VirtualThread
ciInstanceKlass java/lang/BaseVirtualThread 0 0 36 10 100 12 1 1 1 100 1 1 1 1 1 1 1 1 1 1 1 1 1 1 1 1 1 1 1 1 100 1 100 1 1 100 1 1
ciInstanceKlass java/lang/VirtualThread 0 0 922 9 7 12 1 1 1 10 7 12 1 1 1 10 100 12 1 1 1 10 7 12 1 1 1 9 12 1 1 9 12 1 1 100 1 10 12 1 9 12 1 1 18 12 1 1 9 12 1 1 10 12 1 1 100 1 10 12 1 10 12 1 1 10 12 1 1 10 12 1 1 10 12 1 10 7 12 1 10 12 1 10 12 1 10 12 1 10 12 1 11 100 12 1 1 1 100 1 10 12 1 1 10 100 12 1 1 1 10 100 12 1 1 1 10 12 1 100 1 10 10 12 1 10 12 1 1 9 12 1 1 10 12 1 1 9 12 1 1 10 12 1 9 12 1 1 9 12 1 100 1 10 10 12 1 10 100 12 1 1 10 9 10 10 12 1 1 10 12 1 1 10 100 12 1 1 10 100 1 10 9 10 10 12 1 7 1 10 12 1 1 10 12 1 10 12 1 10 12 1 1 9 12 1 10 12 1 10 12 1 9 12 1 1 10 12 1 10 12 1 9 12 1 1 10 12 1 10 12 1 10 12 1 11 100 12 1 1 10 12 1 1 10 12 1 1 10 100 1 10 12 1 10 12 1 1 9 12 1 10 12 1 1 10 12 1 1 10 12 1 10 12 1 10 12 1 10 12 9 12 1 1 10 100 12 1 1 10 12 1 10 12 1 1 10 100 12 1 1 10 12 1 100 1 8 1 10 12 1 10 12 1 1 10 12 1 10 12 1 10 100 12 1 1 10 12 1 10 12 1 1 10 12 1 10 12 1 1 10 7 12 1 1 10 12 1 1 10 12 1 1 100 1 10 10 12 1 7 1 9 12 1 1 10 7 12 1 1 10 9 12 1 1 18 9 100 12 1 1 1 11 100 12 1 1 1 11 100 1 11 12 10 12 1 10 12 1 10 12 1 1 10 12 1 100 1 10 10 12 1 10 12 1 1 10 12 1 1 10 12 1 10 12 1 10 12 1 1 10 12 1 10 12 1 1 11 100 12 1 1 11 12 1 10 12 9 100 12 1 1 1 9 12 1 10 12 1 1 9 12 1 9 12 1 9 12 1 7 1 10 10 12 1 1 10 12 1 10 12 7 1 7 1 10 8 1 10 12 1 1 10 12 1 10 12 1 10 10 12 1 8 1 10 10 12 1 10 12 1 10 7 12 1 1 8 1 8 1 10 9 100 12 1 1 1 10 12 1 1 10 12 1 10 10 10 12 9 12 1 10 12 1 1 9 12 1 10 12 1 1 9 12 1 10 12 1 1 18 12 1 1 18 12 1 10 7 12 1 1 1 8 1 10 100 12 1 1 1 10 7 12 1 1 1 18 12 1 10 100 12 1 1 1 100 1 10 12 1 8 1 10 12 1 8 1 10 12 1 1 8 1 8 1 10 100 12 1 1 8 1 10 12 1 8 1 8 1 10 100 12 1 1 1 10 12 1 10 12 1 1 10 12 1 18 12 1 1 18 12 1 1 5 0 9 12 1 10 12 1 18 12 1 100 1 10 12 10 7 12 1 1 10 12 1 1 7 1 8 1 10 10 12 1 10 12 1 1 10 12 1 9 12 1 8 10 12 1 1 8 8 9 12 1 8 10 12 1 1 3 1 3 1 3 1 3 1 3 1 3 1 3 1 3 1 3 1 3 1 3 1 3 3 1 3 1 1 1 1 1 1 1 1 1 1 1 1 1 1 7 1 1 1 1 1 1 1 1 1 1 1 1 1 1 7 1 1 1 1 1 1 1 1 1 1 1 7 1 1 1 1 1 1 1 1 1 1 1 1 1 1 1 1 1 1 1 1 1 1 1 1 1 1 1 1 1 1 1 1 1 1 1 1 1 1 1 1 1 100 1 1 1 1 1 1 1 1 1 1 1 1 1 1 1 1 1 1 1 1 1 1 1 1 1 1 1 1 1 1 1 1 1 1 1 100 1 1 1 1 1 1 1 1 1 1 1 1 1 1 100 1 1 16 15 10 12 15 16 15 10 12 16 15 10 12 16 16 15 10 12 16 15 10 12 16 15 10 12 16 15 10 12 16 1 15 10 100 12 1 1 1 1 1 1 1 7 1 1 100 1 100 1 1
ciInstanceKlass java/lang/ThreadBuilders$BoundVirtualThread 0 0 132 10 7 12 1 1 1 9 7 12 1 1 1 10 7 12 1 1 1 9 12 1 1 10 12 1 1 10 12 1 1 9 12 1 1 10 7 12 1 1 1 10 12 1 1 7 1 8 1 10 12 1 10 12 1 1 10 12 1 1 10 12 1 1 10 7 12 1 1 1 8 1 10 12 1 8 1 10 12 1 1 10 100 12 1 1 9 100 12 1 1 1 10 12 1 1 10 10 12 1 1 1 1 1 1 1 1 1 1 1 1 1 1 1 1 1 1 1 1 1 1 1 1 1 1 1 1 100 1 1 1 1
ciInstanceKlass jdk/internal/vm/ContinuationScope 0 0 50 10 100 12 1 1 1 10 100 12 1 1 1 100 1 9 100 12 1 1 1 10 12 1 1 10 100 12 1 1 1 10 12 1 1 10 12 1 1 1 1 1 1 1 1 1 1 1 1 1
ciInstanceKlass jdk/internal/vm/StackChunk 1 1 32 10 100 12 1 1 1 9 100 12 1 1 1 9 12 1 1 9 12 1 1 1 1 1 1 1 1 1 1 1 1 1
ciInstanceKlass java/lang/Float 1 1 279 7 1 7 1 10 100 12 1 1 1 10 100 12 1 1 1 4 7 1 10 12 1 1 10 12 1 1 8 1 8 1 10 7 12 1 1 1 10 12 1 1 10 12 1 1 10 100 1 4 10 7 12 1 1 9 12 1 1 10 12 1 1 10 12 1 10 10 12 1 1 10 12 1 10 12 1 3 3 100 1 4 4 4 3 10 12 1 1 9 12 1 1 100 1 10 3 3 4 4 10 12 1 3 3 3 10 12 1 1 10 12 1 1 10 12 1 10 100 12 1 1 1 10 12 1 1 10 12 1 1 10 7 12 1 1 1 8 1 10 12 1 1 9 12 1 1 7 1 7 1 7 1 1 1 1 4 1 4 1 1 1 4 1 1 3 1 3 1 3 1 3 1 3 1 1 1 1 5 0 1 1 1 1 1 1 1 1 1 1 100 1 1 1 1 1 1 1 1 1 1 1 1 1 3 1 1 1 1 1 1 1 1 1 1 1 1 1 1 1 1 1 1 1 1 1 1 1 1 1 1 1 1 1 1 1 1 1 1 1 1 1 1 1 1 1 1 1 1 1 1 1 1 1 1 1 1 1 1 1 1 1 1 1 1 1 7 1 1 1 1 1 1 1 100 1 100 1 1
staticfield java/lang/Float TYPE Ljava/lang/Class; java/lang/Class
staticfield java/lang/Float $assertionsDisabled Z 1
ciInstanceKlass java/lang/Double 1 1 290 7 1 7 1 10 100 12 1 1 1 10 12 1 1 10 7 1 10 12 1 1 10 100 12 1 1 1 6 0 8 1 10 12 1 1 8 1 10 12 1 1 8 1 6 0 10 12 1 1 100 1 5 0 5 0 8 1 8 1 10 7 12 1 1 1 10 7 12 1 1 1 8 1 10 12 1 1 8 1 8 1 8 1 10 12 1 1 10 12 1 10 12 1 1 10 12 1 10 12 1 10 12 1 1 10 12 1 10 7 1 6 0 10 7 12 1 1 9 12 1 1 10 12 1 10 12 1 10 12 1 10 12 1 10 12 1 5 0 10 12 1 1 10 12 1 10 12 1 10 100 12 1 1 1 10 12 1 1 10 12 1 1 8 1 10 7 12 1 1 1 9 12 1 1 7 1 7 1 7 1 1 1 6 0 1 6 0 1 6 0 1 1 1 6 0 1 1 3 1 3 1 3 1 3 1 3 1 1 1 1 5 0 1 1 1 1 1 1 1 1 1 1 1 1 1 1 1 1 100 1 1 1 1 1 1 1 1 1 1 1 1 3 1 1 1 1 1 1 1 1 1 1 1 1 1 1 1 1 1 1 1 1 1 1 1 1 1 1 1 1 1 1 1 1 1 1 7 1 1 1 1 1 1 1 100 1 100 1 1
staticfield java/lang/Double TYPE Ljava/lang/Class; java/lang/Class
ciInstanceKlass java/lang/Byte 1 1 213 7 1 100 1 10 7 12 1 1 1 9 12 1 1 8 1 9 12 1 1 7 1 10 12 1 1 10 12 1 1 10 100 12 1 1 1 10 100 12 1 1 1 9 7 12 1 1 1 10 12 1 1 100 1 7 1 10 12 1 1 8 1 10 12 1 1 8 1 10 12 1 10 12 1 10 12 1 10 12 1 1 10 12 1 10 12 1 10 12 1 1 10 8 1 8 1 10 7 1 9 12 1 1 10 12 1 1 10 12 1 1 10 12 1 1 10 12 1 5 0 10 12 1 1 8 1 10 7 12 1 1 1 9 12 1 1 7 1 7 1 1 1 3 1 3 1 1 1 1 3 1 3 1 1 5 0 1 1 1 1 1 1 1 1 1 1 1 1 1 1 1 1 1 1 1 1 1 1 1 1 1 1 1 1 1 1 1 1 1 1 1 1 1 1 1 1 1 1 1 1 1 1 1 1 1 1 1 1 1 1 1 1
staticfield java/lang/Byte TYPE Ljava/lang/Class; java/lang/Class
ciInstanceKlass java/lang/Short 1 1 222 7 1 7 1 100 1 10 7 12 1 1 1 10 12 1 1 100 1 7 1 10 12 1 1 8 1 10 12 1 1 8 1 10 12 1 10 12 1 10 12 1 10 12 1 1 10 12 1 1 10 12 1 9 12 1 1 8 1 9 12 1 1 7 1 10 12 1 1 10 12 1 10 100 12 1 1 1 10 100 12 1 1 1 9 7 12 1 1 1 10 12 1 10 12 1 1 10 8 1 8 1 10 7 1 9 12 1 1 10 12 1 1 10 12 1 1 10 12 1 1 10 12 1 3 3 5 0 10 12 1 1 8 1 10 7 12 1 1 1 9 12 1 1 7 1 7 1 1 1 3 1 3 1 1 1 1 3 1 3 1 1 5 0 1 1 1 1 1 1 1 1 1 1 1 1 1 1 1 1 1 1 1 1 1 1 1 1 1 1 1 3 1 1 1 1 1 1 1 1 1 1 1 1 1 1 1 1 1 1 1 1 1 1 1 1 1 1 1 1 1 1
staticfield java/lang/Short TYPE Ljava/lang/Class; java/lang/Class
ciInstanceKlass java/lang/Long 1 1 506 7 1 7 1 7 1 7 1 10 12 1 1 9 12 1 1 9 7 12 1 1 1 10 7 12 1 1 1 10 12 1 1 10 100 12 1 1 1 10 10 12 10 12 1 10 12 1 10 12 1 5 0 5 0 7 1 10 12 1 1 10 12 1 1 10 12 1 10 12 1 10 12 1 10 12 1 1 10 100 12 1 1 10 12 1 10 12 1 1 10 12 1 1 10 12 1 1 10 12 1 1 10 100 12 1 1 1 10 12 1 1 10 12 1 10 12 1 10 12 1 10 12 1 1 10 10 12 1 5 0 100 1 8 1 10 12 1 8 1 7 1 10 12 1 10 12 1 1 8 1 10 12 1 1 8 1 10 12 1 1 10 12 1 1 10 12 1 1 5 0 5 0 10 100 12 1 1 1 11 7 1 10 12 1 1 11 10 12 1 1 10 12 1 1 8 1 5 0 10 12 1 1 10 12 1 1 8 1 8 1 10 12 1 8 1 10 12 1 10 12 1 5 0 5 0 9 7 12 1 1 1 10 12 1 10 12 1 1 8 1 8 1 10 12 1 1 8 1 8 1 8 1 8 1 8 1 8 1 10 12 1 10 12 1 10 7 1 9 12 1 1 10 12 1 10 12 1 1 10 12 1 1 10 7 12 1 1 1 100 1 100 1 10 12 1 1 10 12 1 10 12 1 10 12 1 5 0 5 0 5 0 10 12 1 1 10 12 1 5 0 5 0 10 12 10 12 1 10 100 12 1 1 1 10 12 1 1 10 12 1 1 8 1 10 7 12 1 1 1 9 12 1 1 7 1 7 1 7 1 1 1 1 5 0 1 1 1 1 3 1 3 1 5 0 1 1 1 1 1 1 1 1 1 1 100 1 1 1 1 1 1 1 1 1 1 1 1 1 1 1 1 1 1 1 1 1 1 1 1 1 1 1 1 1 1 1 1 1 1 1 1 1 1 1 1 1 1 1 1 1 3 1 1 1 1 1 1 1 1 1 1 1 1 1 1 1 7 1 1 1 1 1 1 1 1 1 1 1 1 1 1 1 1 1 1 1 1 1 1 1 1 1 1 1 1 1 1 1 1 1 1 1 1 1 1 1 1 1 1 1 7 1 1 1 1 1 1 1 1 1 100 1 100 1 1
staticfield java/lang/Long TYPE Ljava/lang/Class; java/lang/Class
ciInstanceKlass jdk/internal/vm/vector/VectorSupport 0 0 575 100 1 10 100 12 1 1 1 9 12 1 1 10 12 1 1 100 1 10 12 1 11 100 12 1 1 1 11 100 12 1 1 1 11 100 12 1 1 11 100 12 1 1 11 100 12 1 1 1 11 100 12 1 1 11 100 12 1 1 11 100 12 1 1 11 100 12 1 1 11 100 12 1 1 11 100 12 1 1 11 100 12 1 1 1 11 100 12 1 1 11 100 12 1 1 1 11 100 12 1 1 1 11 100 12 1 1 11 100 12 1 1 1 11 100 12 1 1 100 1 10 12 1 1 11 100 12 1 1 11 100 12 1 1 11 100 12 1 1 11 100 12 1 1 11 100 12 1 1 11 100 12 1 1 9 12 1 1 10 100 12 1 1 11 100 12 1 1 10 12 1 1 10 100 12 1 1 1 10 12 1 10 12 1 1 10 12 1 1 1 1 1 3 1 3 1 3 1 3 1 3 1 3 1 3 1 3 1 3 1 3 1 3 1 3 1 3 1 3 1 3 1 3 1 3 1 3 1 3 1 3 1 3 1 3 1 3 1 3 1 3 1 3 1 3 1 3 1 3 1 3 1 3 1 3 1 3 1 3 1 3 1 3 1 3 1 3 1 3 1 3 1 3 1 3 1 3 1 3 1 3 1 3 1 3 1 3 1 3 1 3 1 3 1 3 1 3 1 1 1 1 1 1 1 1 1 1 1 1 1 1 1 1 1 1 1 1 1 1 1 1 1 1 1 1 1 1 1 1 1 1 1 1 1 1 1 1 1 1 1 1 1 1 1 1 1 1 1 1 1 1 1 1 1 1 1 1 1 1 1 1 1 1 1 1 1 1 1 1 1 1 1 1 1 1 1 1 1 1 1 1 1 1 1 1 1 1 1 1 1 1 1 1 1 1 1 1 1 1 1 1 1 1 1 1 1 1 1 1 1 1 1 1 1 1 1 1 1 1 1 1 1 1 1 1 1 1 1 1 1 1 1 1 1 1 1 1 1 1 1 1 1 1 1 1 1 1 1 1 1 1 1 1 1 1 1 1 1 1 1 1 1 1 1 1 1 1 1 1 1 1 1 1 1 1 1 1 1 1 1 1 1 1 1 1 1 1 1 1 1 1 1 1 1 1 1 1 1 1 1 1 1 1 1 1 1 1 1 1 1 1 1 1 1 1 1 1 1 1 1 1 1 1 1 1 1 1 1 1 1 1 1 1 1 100 1 100 1 100 1 100 1 100 1 1 1 1 1 1 1 1 1 1 1 1 1 1 1 1 1 1 1 1 1 1 1 1 1 1 1 1 1 1 1
instanceKlass jdk/internal/vm/vector/VectorSupport$VectorShuffle
instanceKlass jdk/internal/vm/vector/VectorSupport$VectorMask
instanceKlass jdk/internal/vm/vector/VectorSupport$Vector
ciInstanceKlass jdk/internal/vm/vector/VectorSupport$VectorPayload 0 0 32 10 100 12 1 1 1 9 100 12 1 1 1 10 100 12 1 1 1 1 1 1 1 1 1 1 1 1 1 1 1 1
ciInstanceKlass jdk/internal/vm/vector/VectorSupport$Vector 0 0 28 10 100 12 1 1 1 100 1 1 1 1 1 1 1 1 1 1 1 1 1 1 1 100 1 1 1 1
ciInstanceKlass jdk/internal/vm/vector/VectorSupport$VectorMask 0 0 28 10 100 12 1 1 1 100 1 1 1 1 1 1 1 1 1 1 1 1 1 1 1 100 1 1 1 1
ciInstanceKlass jdk/internal/vm/vector/VectorSupport$VectorShuffle 0 0 28 10 100 12 1 1 1 100 1 1 1 1 1 1 1 1 1 1 1 1 1 1 1 100 1 1 1 1
ciInstanceKlass jdk/internal/vm/FillerObject 0 0 16 10 100 12 1 1 1 100 1 1 1 1 1 1 1 1
instanceKlass java/lang/ref/PhantomReference
instanceKlass java/lang/ref/FinalReference
instanceKlass java/lang/ref/WeakReference
instanceKlass java/lang/ref/SoftReference
ciInstanceKlass java/lang/ref/Reference 1 1 190 9 7 12 1 1 1 9 7 12 1 1 10 12 1 1 10 12 1 1 9 12 1 1 10 12 1 1 9 12 1 1 9 12 1 1 7 1 10 12 1 10 7 12 1 1 10 12 1 10 12 1 1 10 12 1 7 1 8 1 10 12 1 1 7 1 10 12 1 1 10 12 1 1 10 12 1 9 12 1 10 12 1 1 10 12 1 10 12 1 9 12 1 7 1 100 1 10 12 9 12 1 9 12 1 100 1 10 10 12 1 10 10 7 12 1 1 7 1 10 10 7 12 1 1 1 1 1 1 1 1 1 1 1 1 1 1 1 1 1 1 1 7 1 1 1 100 1 1 1 1 1 1 1 1 1 1 1 1 1 1 1 1 1 1 1 1 1 1 1 1 1 1 1 1 1 1 1 1 1 1 1 7 1 7 1 7 1 1 1
staticfield java/lang/ref/Reference processPendingLock Ljava/lang/Object; java/lang/Object
staticfield java/lang/ref/Reference $assertionsDisabled Z 1
instanceKlass java/util/ResourceBundle$BundleReference
instanceKlass org/springframework/util/ConcurrentReferenceHashMap$SoftEntryReference
instanceKlass java/io/ClassCache$CacheRef
instanceKlass sun/util/locale/provider/LocaleResources$ResourceReference
instanceKlass sun/util/resources/Bundles$BundleReference
instanceKlass jdk/internal/util/SoftReferenceKey
instanceKlass java/lang/invoke/LambdaFormEditor$Transform
ciInstanceKlass java/lang/ref/SoftReference 1 1 47 10 7 12 1 1 1 9 7 12 1 1 1 9 12 1 10 12 1 10 12 1 1 1 1 1 1 1 1 1 1 1 1 1 1 1 1 1 1 1 1 100 1 1 1 1 1
instanceKlass org/springframework/cglib/core/WeakCacheKey
instanceKlass java/util/ResourceBundle$KeyElementReference
instanceKlass org/apache/commons/logging/impl/WeakHashtable$WeakKey
instanceKlass sun/rmi/transport/WeakRef
instanceKlass java/util/logging/LogManager$LoggerWeakRef
instanceKlass java/util/logging/Level$KnownLevel
instanceKlass java/lang/WeakPairMap$WeakRefPeer
instanceKlass com/sun/jmx/mbeanserver/WeakIdentityHashMap$IdentityWeakReference
instanceKlass java/lang/ClassValue$Entry
instanceKlass java/lang/ThreadLocal$ThreadLocalMap$Entry
instanceKlass jdk/internal/util/WeakReferenceKey
instanceKlass java/util/WeakHashMap$Entry
ciInstanceKlass java/lang/ref/WeakReference 1 1 31 10 7 12 1 1 1 10 12 1 100 1 1 1 1 1 1 1 1 1 1 1 1 1 1 1 1 1 1 1 1
instanceKlass java/lang/ref/Finalizer
ciInstanceKlass java/lang/ref/FinalReference 1 1 50 10 7 12 1 1 1 10 7 12 1 1 1 10 12 1 1 7 1 8 1 10 12 1 1 1 1 1 1 1 1 1 1 1 1 1 1 1 1 1 1 1 1 1 1 1 1 1 7 1
instanceKlass jdk/internal/ref/PhantomCleanable
instanceKlass jdk/internal/ref/Cleaner
ciInstanceKlass java/lang/ref/PhantomReference 1 1 39 10 100 12 1 1 1 10 7 12 1 1 1 1 1 1 1 1 1 1 1 1 1 1 1 1 1 1 1 1 1 1 1 1 1 1 1 1 1
ciInstanceKlass java/lang/ref/Finalizer 1 1 155 9 7 12 1 1 1 10 7 12 1 1 1 9 12 1 1 9 12 1 1 9 12 1 9 12 1 9 12 1 1 10 12 1 7 1 8 1 10 12 1 10 12 1 1 9 12 1 100 1 10 12 1 7 1 11 100 12 1 1 10 12 1 7 1 10 12 1 100 1 10 12 1 10 7 12 1 1 1 10 100 12 1 1 1 100 1 10 10 12 1 7 1 10 12 1 7 1 10 12 1 1 10 12 1 1 10 12 1 10 7 12 1 1 1 7 1 10 7 1 10 10 12 1 1 1 1 1 1 1 1 1 1 1 1 1 1 1 1 1 1 1 1 1 1 1 1 1 1 1 1 1 1 1 1
staticfield java/lang/ref/Finalizer lock Ljava/lang/Object; java/lang/Object
staticfield java/lang/ref/Finalizer ENABLED Z 1
staticfield java/lang/ref/Finalizer $assertionsDisabled Z 1
instanceKlass org/springframework/boot/servlet/autoconfigure/ServletEncodingProperties$HttpMessageType
instanceKlass jakarta/persistence/SynchronizationType
instanceKlass jakarta/persistence/PersistenceContextType
instanceKlass org/springframework/beans/factory/annotation/Autowire
instanceKlass org/springframework/boot/tomcat/autoconfigure/TomcatServerProperties$UseApr
instanceKlass org/springframework/boot/web/server/Shutdown
instanceKlass org/springframework/boot/web/server/autoconfigure/ServerProperties$ForwardHeadersStrategy
instanceKlass jakarta/servlet/DispatcherType
instanceKlass org/springframework/boot/web/servlet/DispatcherType
instanceKlass org/springframework/boot/jackson/autoconfigure/JacksonProperties$ConstructorDetectorStrategy
instanceKlass org/springframework/data/core/ReactiveWrappers$ReactiveLibrary
instanceKlass org/springframework/util/ConcurrentLruCache$CacheEntryState
instanceKlass org/springframework/util/ConcurrentLruCache$DrainStatus
instanceKlass org/springframework/data/repository/query/QueryLookupStrategy$Key
instanceKlass org/springframework/data/repository/config/BootstrapMode
instanceKlass org/springframework/orm/jpa/vendor/Database
instanceKlass org/springframework/boot/jdbc/EmbeddedDatabaseConnection
instanceKlass org/springframework/jmx/support/RegistrationPolicy
instanceKlass org/springframework/boot/autoconfigure/web/WebProperties$LocaleResolver
instanceKlass org/springframework/boot/autoconfigure/task/TaskExecutionProperties$Mode
instanceKlass org/springframework/validation/DefaultMessageCodesResolver$Format
instanceKlass org/springframework/transaction/annotation/RollbackOn
instanceKlass org/springframework/boot/sql/init/DatabaseInitializationMode
instanceKlass org/springframework/boot/jdbc/DataSourceBuilder$DataSourceProperty
instanceKlass org/springframework/data/web/config/EnableSpringDataWebSupport$PageSerializationMode
instanceKlass io/swagger/v3/oas/models/SpecVersion
instanceKlass org/springframework/expression/spel/standard/TokenKind
instanceKlass org/springframework/http/HttpStatus$Series
instanceKlass org/springframework/http/HttpStatus
instanceKlass org/springframework/boot/thread/Threading
instanceKlass org/springframework/boot/autoconfigure/condition/SearchStrategy
instanceKlass org/springframework/boot/autoconfigure/condition/ConditionalOnWebApplication$Type
instanceKlass org/springframework/security/config/http/SessionCreationPolicy
instanceKlass org/springframework/jdbc/datasource/embedded/EmbeddedDatabaseType
instanceKlass org/springframework/boot/autoconfigure/condition/ConditionMessage$Style
instanceKlass org/springframework/boot/autoconfigure/condition/FilteringSpringBootCondition$ClassNameFilter
instanceKlass org/springframework/context/annotation/AdviceMode
instanceKlass org/springframework/context/annotation/Bean$Bootstrap
instanceKlass org/springframework/core/env/ProfilesParser$Context
instanceKlass jakarta/transaction/Transactional$TxType
instanceKlass org/springframework/transaction/annotation/Isolation
instanceKlass org/springframework/transaction/annotation/Propagation
instanceKlass org/hibernate/validator/internal/metadata/raw/ConfigurationSource
instanceKlass sun/reflect/annotation/TypeAnnotation$TypeAnnotationTarget
instanceKlass org/hibernate/validator/internal/metadata/descriptor/ConstraintDescriptorImpl$ConstraintType
instanceKlass org/hibernate/validator/internal/metadata/location/ConstraintLocation$ConstraintLocationKind
instanceKlass org/hibernate/validator/internal/metadata/raw/ConstrainedElement$ConstrainedElementKind
instanceKlass jakarta/validation/constraintvalidation/ValidationTarget
instanceKlass org/hibernate/validator/internal/metadata/core/BuiltinConstraint
instanceKlass org/hibernate/validator/messageinterpolation/ExpressionLanguageFeatureLevel
instanceKlass org/hibernate/validator/internal/util/ConcurrentReferenceHashMap$Option
instanceKlass org/hibernate/validator/internal/util/ConcurrentReferenceHashMap$ReferenceType
instanceKlass jakarta/validation/executable/ExecutableType
instanceKlass org/jboss/logging/Logger$Level
instanceKlass com/fasterxml/jackson/annotation/PropertyAccessor
instanceKlass com/fasterxml/jackson/datatype/jsr310/JavaTimeFeature
instanceKlass com/fasterxml/jackson/core/JsonParser$NumberType
instanceKlass com/fasterxml/jackson/databind/DeserializationFeature
instanceKlass com/fasterxml/jackson/databind/cfg/JsonNodeFeature
instanceKlass com/fasterxml/jackson/databind/cfg/EnumFeature
instanceKlass com/fasterxml/jackson/databind/SerializationFeature
instanceKlass com/fasterxml/jackson/core/util/Separators$Spacing
instanceKlass com/fasterxml/jackson/databind/MapperFeature
instanceKlass com/fasterxml/jackson/databind/cfg/CoercionInputShape
instanceKlass com/fasterxml/jackson/databind/cfg/CoercionAction
instanceKlass com/fasterxml/jackson/databind/type/LogicalType
instanceKlass com/fasterxml/jackson/core/Base64Variant$PaddingReadBehaviour
instanceKlass com/fasterxml/jackson/databind/util/internal/PrivateMaxEntriesMap$DrainStatus
instanceKlass org/springframework/web/bind/annotation/RequestMethod
instanceKlass com/fasterxml/jackson/dataformat/yaml/YAMLGenerator$Feature
instanceKlass com/fasterxml/jackson/dataformat/yaml/YAMLParser$Feature
instanceKlass com/fasterxml/jackson/core/JsonGenerator$Feature
instanceKlass com/fasterxml/jackson/core/JsonParser$Feature
instanceKlass com/fasterxml/jackson/core/JsonFactory$Feature
instanceKlass com/fasterxml/jackson/core/JsonEncoding
instanceKlass com/sun/org/apache/xerces/internal/impl/XMLScanner$NameType
instanceKlass com/sun/org/apache/xerces/internal/util/Status
instanceKlass javax/xml/catalog/GroupEntry$PreferType
instanceKlass javax/xml/catalog/CatalogResolver$NotFoundAction
instanceKlass javax/xml/catalog/BaseEntry$CatalogEntryType
instanceKlass javax/xml/catalog/CatalogFeatures$State
instanceKlass com/sun/org/apache/xerces/internal/utils/XMLSecurityPropertyManager$Property
instanceKlass com/sun/org/apache/xerces/internal/utils/XMLSecurityPropertyManager$State
instanceKlass javax/xml/catalog/CatalogFeatures$Feature
instanceKlass jdk/xml/internal/XMLSecurityManager$Processor
instanceKlass jdk/xml/internal/XMLSecurityManager$Limit
instanceKlass com/sun/org/apache/xalan/internal/utils/XMLSecurityPropertyManager$Property
instanceKlass com/sun/org/apache/xalan/internal/utils/FeaturePropertyBase$State
instanceKlass jdk/xml/internal/JdkProperty$State
instanceKlass jdk/xml/internal/JdkProperty$ImplPropMap
instanceKlass jdk/xml/internal/JdkXmlFeatures$XmlFeature
instanceKlass tools/jackson/core/JsonEncoding
instanceKlass org/apache/catalina/authenticator/AuthenticatorBase$AllowCorsPreflight
instanceKlass org/apache/catalina/LifecycleState
instanceKlass java/nio/file/FileTreeWalker$EventType
instanceKlass java/nio/file/FileVisitOption
instanceKlass java/nio/file/AccessMode
instanceKlass org/apache/tomcat/util/http/CookiesWithoutEquals
instanceKlass org/apache/tomcat/util/http/SameSiteCookies
instanceKlass java/util/Comparators$NaturalOrderComparator
instanceKlass org/springframework/context/annotation/ConfigurationCondition$ConfigurationPhase
instanceKlass com/fasterxml/jackson/annotation/JsonFormat$Shape
instanceKlass org/springframework/beans/factory/support/DefaultListableBeanFactory$PreInstantiation
instanceKlass org/springframework/expression/spel/SpelCompilerMode
instanceKlass tools/jackson/databind/cfg/DateTimeFeature
instanceKlass tools/jackson/databind/cfg/JsonNodeFeature
instanceKlass tools/jackson/databind/cfg/EnumFeature
instanceKlass tools/jackson/databind/cfg/CoercionInputShape
instanceKlass tools/jackson/databind/cfg/CoercionAction
instanceKlass tools/jackson/databind/type/LogicalType
instanceKlass com/fasterxml/jackson/annotation/Nulls
instanceKlass com/fasterxml/jackson/annotation/JsonAutoDetect$Visibility
instanceKlass com/fasterxml/jackson/annotation/JsonInclude$Include
instanceKlass tools/jackson/core/json/JsonWriteFeature
instanceKlass tools/jackson/core/json/JsonReadFeature
instanceKlass tools/jackson/core/StreamWriteFeature
instanceKlass tools/jackson/core/StreamReadFeature
instanceKlass tools/jackson/core/TokenStreamFactory$Feature
instanceKlass org/springframework/context/annotation/FilterType
instanceKlass com/fasterxml/jackson/annotation/JsonTypeInfo$Id
instanceKlass tools/jackson/core/Base64Variant$PaddingReadBehaviour
instanceKlass java/math/RoundingMode
instanceKlass tools/jackson/databind/util/internal/PrivateMaxEntriesMap$DrainStatus
instanceKlass org/springframework/context/annotation/ScopedProxyMode
instanceKlass org/springframework/core/annotation/MergedAnnotation$Adapt
instanceKlass tools/jackson/core/util/Separators$Spacing
instanceKlass tools/jackson/databind/DeserializationFeature
instanceKlass tools/jackson/databind/SerializationFeature
instanceKlass tools/jackson/databind/MapperFeature
instanceKlass java/lang/invoke/MethodHandleImpl$ArrayAccess
instanceKlass org/springframework/boot/Banner$Mode
instanceKlass ch/qos/logback/core/pattern/parser/TokenStream$TokenizerState
instanceKlass ch/qos/logback/core/subst/Node$Type
instanceKlass ch/qos/logback/core/subst/Token$Type
instanceKlass ch/qos/logback/core/subst/Tokenizer$TokenizerState
instanceKlass org/springframework/boot/ansi/AnsiStyle
instanceKlass org/springframework/boot/logging/logback/RollingPolicySystemProperty
instanceKlass org/springframework/boot/logging/LoggingSystemProperty
instanceKlass org/springframework/boot/ansi/AnsiColor
instanceKlass org/springframework/boot/ansi/AnsiOutput$Enabled
instanceKlass org/springframework/boot/context/config/Profiles$Type
instanceKlass org/yaml/snakeyaml/tokens/Token$ID
instanceKlass org/yaml/snakeyaml/events/Event$ID
instanceKlass org/yaml/snakeyaml/comments/CommentType
instanceKlass org/yaml/snakeyaml/introspector/BeanAccess
instanceKlass org/yaml/snakeyaml/DumperOptions$NonPrintableStyle
instanceKlass org/yaml/snakeyaml/DumperOptions$LineBreak
instanceKlass org/yaml/snakeyaml/DumperOptions$FlowStyle
instanceKlass org/yaml/snakeyaml/DumperOptions$ScalarStyle
instanceKlass org/yaml/snakeyaml/nodes/NodeId
instanceKlass org/springframework/beans/factory/config/YamlProcessor$ResolutionMethod
instanceKlass org/springframework/boot/context/config/LocationResourceLoader$ResourceType
instanceKlass org/springframework/boot/bootstrap/BootstrapRegistry$Scope
instanceKlass org/springframework/boot/context/config/ConfigDataEnvironmentContributor$ImportPhase
instanceKlass org/springframework/boot/context/config/ConfigDataEnvironmentContributor$Kind
instanceKlass org/springframework/boot/context/config/ConfigData$Option
instanceKlass org/springframework/boot/context/properties/source/ConfigurationPropertyState
instanceKlass org/springframework/boot/context/config/ConfigDataNotFoundAction
instanceKlass org/springframework/boot/context/properties/bind/BindMethod
instanceKlass org/springframework/boot/context/config/ConfigDataEnvironmentContributors$BinderOption
instanceKlass org/springframework/boot/context/properties/source/ConfigurationPropertyName$Form
instanceKlass org/springframework/boot/cloud/CloudPlatform
instanceKlass org/springframework/core/NativeDetector$Context
instanceKlass java/nio/file/attribute/PosixFilePermission
instanceKlass java/time/Month
instanceKlass org/springframework/format/annotation/DurationFormat$Style
instanceKlass java/time/format/FormatStyle
instanceKlass org/springframework/format/datetime/standard/DateTimeFormatterRegistrar$Type
instanceKlass org/springframework/core/annotation/IntrospectionFailureLogger
instanceKlass org/springframework/boot/devtools/restart/FailureHandler$Outcome
instanceKlass org/springframework/boot/context/properties/bind/Bindable$BindRestriction
instanceKlass org/springframework/boot/context/properties/source/ConfigurationPropertyName$ToStringFormat
instanceKlass org/springframework/boot/context/properties/source/ConfigurationPropertyName$ElementType
instanceKlass org/springframework/util/ConcurrentReferenceHashMap$Restructure
instanceKlass org/springframework/core/annotation/MergedAnnotations$SearchStrategy
instanceKlass org/springframework/boot/logging/LogLevel
instanceKlass ch/qos/logback/core/spi/FilterReply
instanceKlass org/springframework/util/ConcurrentReferenceHashMap$TaskOption
instanceKlass org/springframework/util/ConcurrentReferenceHashMap$ReferenceType
instanceKlass org/springframework/boot/WebApplicationType
instanceKlass org/slf4j/helpers/Reporter$Level
instanceKlass org/slf4j/helpers/Reporter$TargetChoice
instanceKlass ch/qos/logback/core/util/ReentryGuardFactory$GuardType
instanceKlass java/time/format/TextStyle
instanceKlass java/time/format/DateTimeFormatterBuilder$SettingsParser
instanceKlass java/time/format/ResolverStyle
instanceKlass java/time/format/SignStyle
instanceKlass java/time/temporal/JulianFields$Field
instanceKlass java/time/temporal/IsoFields$Unit
instanceKlass java/time/temporal/IsoFields$Field
instanceKlass ch/qos/logback/core/joran/spi/ConsoleTarget
instanceKlass ch/qos/logback/classic/spi/Configurator$ExecutionStatus
instanceKlass java/lang/StackStreamFactory$WalkerState
instanceKlass java/lang/StackWalker$ExtendedOption
instanceKlass org/apache/logging/log4j/spi/StandardLevel
instanceKlass java/security/DrbgParameters$Capability
instanceKlass sun/security/util/KnownOIDs
instanceKlass java/lang/StackWalker$Option
instanceKlass java/io/ObjectInputFilter$Status
instanceKlass com/sun/management/VMOption$Origin
instanceKlass com/sun/management/HotSpotDiagnosticMXBean$ThreadDumpFormat
instanceKlass java/util/stream/MatchOps$MatchKind
instanceKlass java/lang/management/MemoryType
instanceKlass java/lang/classfile/attribute/StackMapFrameInfo$SimpleVerificationTypeInfo
instanceKlass java/lang/reflect/ProxyGenerator$PrimitiveTypeInfo
instanceKlass java/lang/classfile/Opcode$Kind
instanceKlass java/lang/classfile/Opcode
instanceKlass java/lang/classfile/TypeKind
instanceKlass jdk/internal/classfile/impl/AbstractPoolEntry$Utf8EntryImpl$State
instanceKlass java/lang/classfile/AttributeMapper$AttributeStability
instanceKlass java/lang/classfile/ClassFile$DeadLabelsOption
instanceKlass java/lang/classfile/ClassFile$DeadCodeOption
instanceKlass java/lang/classfile/ClassFile$ShortJumpsOption
instanceKlass java/lang/classfile/ClassFile$ConstantPoolSharingOption
instanceKlass java/lang/classfile/ClassFile$AttributesProcessingOption
instanceKlass java/lang/classfile/ClassFile$LineNumbersOption
instanceKlass java/lang/classfile/ClassFile$DebugElementsOption
instanceKlass java/lang/classfile/ClassFile$StackMapsOption
instanceKlass java/lang/annotation/RetentionPolicy
instanceKlass java/lang/annotation/ElementType
instanceKlass sun/util/logging/PlatformLogger$Level
instanceKlass java/lang/System$Logger$Level
instanceKlass jdk/internal/logger/BootstrapLogger$LoggingBackend
instanceKlass java/net/Proxy$Type
instanceKlass java/net/StandardProtocolFamily
instanceKlass java/util/Locale$Category
instanceKlass jdk/internal/util/OperatingSystem
instanceKlass java/time/temporal/ChronoUnit
instanceKlass java/time/temporal/ChronoField
instanceKlass java/util/regex/Pattern$Qtype
instanceKlass sun/util/locale/provider/LocaleProviderAdapter$Type
instanceKlass java/util/zip/ZipCoder$Comparison
instanceKlass java/nio/file/LinkOption
instanceKlass sun/nio/fs/WindowsPathType
instanceKlass java/nio/file/StandardOpenOption
instanceKlass jdk/internal/vm/Continuation$Pinned
instanceKlass java/util/stream/Collector$Characteristics
instanceKlass java/util/concurrent/TimeUnit
instanceKlass java/util/stream/StreamShape
instanceKlass java/lang/invoke/MethodHandles$Lookup$ClassOption
instanceKlass java/lang/invoke/VarHandle$AccessType
instanceKlass java/lang/invoke/VarHandle$AccessMode
instanceKlass java/lang/invoke/MethodHandleImpl$Intrinsic
instanceKlass java/lang/invoke/LambdaForm$BasicType
instanceKlass java/lang/invoke/LambdaForm$Kind
instanceKlass java/lang/constant/DirectMethodHandleDesc$Kind
instanceKlass sun/invoke/util/Wrapper
instanceKlass java/util/stream/StreamOpFlag$Type
instanceKlass java/util/stream/StreamOpFlag
instanceKlass java/io/File$PathStatus
instanceKlass java/lang/module/ModuleDescriptor$Requires$Modifier
instanceKlass java/lang/reflect/AccessFlag$Location
instanceKlass java/lang/reflect/AccessFlag
instanceKlass java/lang/module/ModuleDescriptor$Modifier
instanceKlass java/util/HexFormat$Case
instanceKlass java/lang/reflect/ClassFileFormatVersion
instanceKlass java/lang/Thread$State
ciInstanceKlass java/lang/Enum 1 1 204 9 7 12 1 1 1 9 12 1 1 10 7 12 1 1 1 9 12 1 10 7 12 1 1 1 100 1 10 10 12 1 1 10 12 1 7 1 10 10 7 12 1 1 10 12 1 1 18 12 1 1 10 100 12 1 1 1 10 12 1 1 11 7 12 1 1 1 100 1 8 1 10 12 1 7 1 7 1 10 8 1 10 12 1 1 10 12 1 1 8 1 10 12 1 10 100 1 8 1 10 10 12 1 1 10 100 12 1 1 1 7 1 7 1 7 1 1 1 1 1 1 1 1 1 1 1 1 1 1 1 1 1 1 1 1 1 1 1 1 1 1 1 1 1 1 1 1 1 1 1 1 1 1 1 1 1 1 1 1 1 1 1 3 1 1 1 1 100 1 7 1 1 100 1 1 1 1 1 1 1 1 1 1 1 16 15 10 12 16 15 10 100 12 1 1 1 1 1 100 1 100 1 1
ciInstanceKlass java/lang/reflect/Method 1 1 472 9 7 12 1 1 1 10 7 12 1 1 1 10 7 12 1 1 9 12 1 1 10 12 1 1 10 12 1 1 10 7 12 1 1 10 7 12 1 1 1 9 12 1 1 9 12 1 9 12 1 1 9 12 1 9 12 1 9 12 1 1 9 12 1 9 12 1 1 9 12 1 9 12 1 9 12 1 1 100 1 8 1 10 12 1 10 12 1 9 12 1 1 8 1 10 7 12 1 1 10 7 12 1 1 1 10 12 1 1 10 12 1 1 10 12 1 10 12 1 1 10 12 1 1 9 7 12 1 1 1 10 12 1 1 10 12 10 7 12 1 1 10 12 1 1 10 12 1 10 12 1 10 12 1 10 7 12 1 1 1 10 12 1 1 10 7 1 10 7 12 1 1 1 10 7 12 1 1 10 12 1 1 10 12 1 1 10 12 1 10 7 12 1 1 1 10 12 1 10 8 1 10 12 1 10 12 1 7 1 8 1 8 1 8 1 10 12 1 10 12 1 1 10 12 1 1 10 10 12 1 1 10 12 1 11 7 1 10 12 1 9 12 1 1 10 12 1 1 10 12 1 10 12 1 1 10 12 1 1 11 7 12 1 1 1 11 12 1 9 12 1 1 10 12 1 10 12 1 10 12 1 10 12 1 10 12 1 10 12 1 9 12 1 1 10 7 12 1 1 1 10 7 12 1 1 10 12 1 1 10 7 12 1 1 1 10 7 12 1 1 1 10 7 12 1 1 1 11 7 12 1 1 1 10 7 12 1 1 1 7 1 100 1 100 1 10 12 1 10 12 1 1 10 12 1 100 1 8 1 10 12 1 10 10 12 1 1 10 12 1 1 10 12 1 1 10 12 1 1 8 1 10 12 1 1 1 1 1 1 1 1 1 1 1 1 1 1 1 1 1 1 1 1 1 1 1 1 1 1 1 1 1 1 1 1 1 1 1 1 1 1 1 1 1 1 1 1 1 1 1 1 1 1 1 1 1 100 1 100 1 100 1 1 1 1 1 1 1 1 1 1 1 1 1 1 1 1 1 1 1 1 1 1 1 1 1 1 1 1 1 1
ciInstanceKlass java/lang/reflect/Field 1 1 457 9 7 12 1 1 1 10 12 1 1 10 100 12 1 1 1 10 100 12 1 1 9 12 1 1 10 12 1 1 10 12 1 1 10 100 12 1 1 10 7 12 1 1 1 9 12 1 1 9 12 1 9 12 1 9 12 1 1 9 12 1 1 9 12 1 9 12 1 1 9 12 1 1 100 1 8 1 10 12 1 10 12 1 9 12 1 1 9 12 1 10 12 1 10 7 12 1 1 10 12 1 1 10 12 1 1 10 12 1 10 12 1 1 9 100 12 1 1 1 10 100 12 1 1 1 7 1 10 12 1 1 10 12 1 1 10 12 1 1 10 12 1 10 12 1 10 7 1 10 7 12 1 1 7 1 10 8 1 10 12 1 1 10 12 1 1 8 1 10 12 10 12 1 8 1 8 1 10 11 7 1 9 12 1 10 12 1 1 10 12 1 1 11 7 12 1 1 1 10 12 1 11 12 1 1 11 12 1 1 11 12 1 1 11 12 1 1 11 12 1 1 11 12 1 1 11 12 1 1 11 12 1 1 11 12 1 1 11 12 1 1 11 12 1 1 11 12 1 1 11 12 1 1 11 12 1 1 11 12 1 1 11 12 1 1 11 12 1 1 10 12 1 10 7 12 1 1 10 12 1 10 12 1 10 12 1 9 12 1 1 10 7 12 1 1 1 10 12 1 1 10 12 1 10 100 12 1 1 10 12 1 1 11 7 1 10 12 1 7 1 10 100 12 1 1 1 10 7 12 1 1 1 9 12 1 10 7 12 1 1 1 11 7 12 1 1 1 10 12 1 1 10 12 1 1 9 100 12 1 1 10 100 12 1 1 1 10 12 1 1 7 1 1 1 1 1 1 1 1 1 1 1 1 1 1 1 1 1 1 1 1 1 1 1 1 1 1 1 1 1 1 1 1 1 1 1 1 1 1 1 100 1 1 1 1 1 1 1 1 1 1 1 1 1 1 1 1 1 1 1 1 1 1 1 1 1 1 1 1 1 1 1 1 7 1 1 1 1 1 1 1 1 1 100 1 1
ciInstanceKlass java/lang/reflect/Parameter 1 1 243 10 7 12 1 1 1 9 7 12 1 1 1 9 12 1 1 9 12 1 1 9 12 1 10 12 1 1 10 12 1 1 10 7 12 1 1 1 7 1 10 10 12 1 1 11 7 12 1 1 1 10 12 1 10 100 12 1 1 1 10 12 1 1 10 12 1 10 12 1 8 1 8 1 10 7 12 1 1 1 10 12 1 10 12 9 100 12 1 1 1 10 100 12 1 1 1 10 12 1 8 1 10 12 1 9 12 1 1 10 12 1 1 9 12 1 1 10 12 1 1 10 12 1 1 10 12 1 1 10 12 1 10 10 12 1 10 7 12 1 1 1 10 12 1 1 11 7 12 1 1 10 7 12 1 1 7 1 10 100 12 1 1 1 10 12 1 1 10 12 1 1 10 12 1 1 10 12 1 1 9 12 1 7 1 10 11 12 1 1 11 12 1 1 7 1 1 1 1 1 1 1 1 1 1 1 1 1 1 1 1 1 1 1 1 1 1 1 1 1 1 1 1 1 1 1 1 1 1 1 1 1 1 1 1 1 100 1 1 1 1 1 1
ciInstanceKlass java/lang/reflect/RecordComponent 0 0 196 10 7 12 1 1 1 9 7 12 1 1 1 9 12 1 1 9 12 1 10 12 1 1 10 12 1 1 10 100 12 1 1 1 10 12 1 1 9 12 1 1 10 12 1 1 10 12 1 1 10 12 1 10 100 12 1 1 10 100 12 1 1 9 12 1 1 10 100 12 1 1 1 11 100 12 1 1 1 10 9 100 12 1 1 1 10 100 12 1 1 1 9 12 1 1 10 100 12 1 1 1 10 12 1 1 11 7 12 1 1 10 7 12 1 1 7 1 9 12 1 9 12 1 1 9 12 1 10 100 12 1 1 1 10 12 1 1 10 12 1 1 7 1 10 10 12 1 10 12 1 1 8 1 10 12 1 10 12 1 9 12 1 7 1 1 1 1 1 1 1 1 1 1 1 1 1 1 1 1 1 1 1 1 1 1 7 1 1 1 1 1 1 100 1 1
ciInstanceKlass java/lang/StringBuffer 1 1 487 10 7 12 1 1 1 10 12 1 10 12 1 10 12 1 1 9 7 12 1 1 1 10 12 1 1 10 12 1 10 12 1 1 9 12 1 1 10 12 1 10 12 1 1 10 12 1 1 10 12 1 10 12 1 1 10 12 1 10 12 1 1 10 12 1 1 10 7 12 1 1 1 10 12 1 1 10 12 1 10 12 1 10 12 1 10 12 1 10 12 1 10 12 1 10 12 1 10 12 1 10 12 1 10 12 1 10 12 1 10 12 1 10 12 1 10 12 1 1 10 12 1 10 12 1 1 10 12 1 1 10 10 12 1 1 10 12 1 10 12 1 10 12 1 10 12 1 10 12 1 10 12 1 10 12 10 12 1 10 12 1 10 12 1 10 12 1 1 10 12 1 10 12 1 10 10 12 1 1 10 12 1 10 12 1 10 12 1 8 1 10 12 1 10 10 100 12 1 1 1 10 10 12 1 1 9 12 1 1 10 100 12 1 1 10 100 1 8 10 100 12 1 1 1 8 10 12 1 8 1 10 12 1 10 12 1 10 100 12 1 1 1 10 100 12 1 1 1 7 1 10 12 100 1 8 1 10 10 12 1 1 10 12 1 1 10 12 1 10 12 1 10 12 1 1 10 12 1 10 12 1 10 12 1 10 12 1 10 12 1 10 12 10 12 1 10 12 1 10 12 1 10 12 1 10 12 1 10 12 1 10 12 1 10 12 1 10 12 1 10 12 1 10 12 10 12 10 12 1 10 12 1 10 12 1 10 12 10 12 1 10 12 1 10 12 1 10 12 1 10 12 1 10 12 1 10 12 1 10 12 1 10 12 1 10 12 1 10 12 1 7 1 10 12 1 9 7 12 1 1 1 9 7 1 9 12 1 1 7 1 7 1 7 1 7 1 1 1 1 5 0 1 1 1 1 1 1 1 1 1 1 1 1 1 1 1 1 1 1 1 1 1 1 1 1 1 1 1 1 1 1 1 1 1 1 1 1 1 1 1 1 1 1 1 1 1 1 1 1 1 1 1 1 1 1 1 1 1 1 1 1 100 1 1 1 1 1 7 1 1 1 1 1 1 1 1 1 1 1 1 1 1 1 1 1 1
staticfield java/lang/StringBuffer serialPersistentFields [Ljava/io/ObjectStreamField; 3 [Ljava/io/ObjectStreamField;
instanceKlass jdk/internal/loader/BuiltinClassLoader
instanceKlass java/net/URLClassLoader
ciInstanceKlass java/security/SecureClassLoader 1 1 102 10 7 12 1 1 1 7 1 10 12 1 9 7 12 1 1 1 10 12 1 10 12 1 10 12 1 1 10 12 1 1 10 12 1 7 1 10 7 1 10 12 1 7 1 10 12 1 11 7 12 1 1 1 7 1 11 12 1 10 12 1 1 1 1 1 1 1 1 1 1 1 1 1 1 1 1 1 1 1 1 1 1 1 1 1 1 1 1 1 1 1 1 1 1 1 1 100 1 1 1 1
instanceKlass org/springframework/boot/devtools/restart/classloader/RestartClassLoader
ciInstanceKlass java/net/URLClassLoader 1 1 600 10 7 12 1 1 1 7 1 10 12 1 9 7 12 1 1 1 10 7 12 1 1 1 9 12 1 1 7 1 10 12 1 9 12 1 1 10 12 1 10 10 12 1 10 7 12 1 1 1 10 12 1 1 10 7 12 1 1 1 10 7 12 1 1 1 7 1 10 12 1 1 10 12 1 1 10 12 1 1 7 1 100 1 10 7 12 1 1 1 100 1 8 1 10 12 1 10 7 12 1 1 1 10 12 1 1 10 12 1 1 11 100 12 1 1 1 11 7 12 1 1 1 11 12 1 1 7 1 11 12 1 11 7 12 1 1 10 12 1 11 12 1 11 12 1 1 11 10 12 1 1 10 12 1 1 10 12 1 1 7 1 10 12 1 10 12 1 1 7 1 100 1 10 12 1 1 7 1 10 10 12 1 1 10 7 12 1 1 10 12 1 100 1 7 1 10 8 1 10 12 1 1 8 1 10 12 1 1 10 10 12 1 8 1 8 1 10 12 1 1 10 7 12 1 1 1 10 7 12 1 1 1 10 12 1 1 10 12 1 1 10 12 1 1 10 12 1 10 12 1 100 1 100 1 8 1 10 12 1 10 12 1 1 10 12 1 1 7 1 10 12 1 10 7 12 1 1 1 10 12 1 1 10 12 1 1 10 12 1 1 10 12 1 10 100 12 1 1 1 10 12 1 1 8 1 10 12 1 1 11 100 12 1 1 1 9 100 12 1 1 1 10 100 12 1 1 1 9 12 1 9 12 1 9 12 1 9 12 1 9 12 1 9 12 1 10 7 12 1 1 1 8 1 10 12 1 1 7 1 10 10 12 1 10 12 1 1 10 12 1 1 100 1 10 12 1 10 12 1 1 10 12 1 10 12 1 1 7 1 10 7 12 1 1 9 7 12 1 1 1 10 12 1 8 1 100 1 8 1 10 12 1 10 12 1 8 1 10 12 1 10 12 1 9 12 1 1 10 100 12 1 1 10 12 1 10 12 1 10 100 1 8 1 10 100 1 10 12 1 10 7 12 1 100 1 10 12 1 10 12 1 100 1 10 10 7 12 1 1 1 1 1 1 1 1 1 1 1 1 1 1 1 1 1 1 1 1 1 1 1 1 1 1 1 1 1 1 1 1 1 1 1 1 1 7 1 100 1 7 1 7 1 1 1 1 1 1 1 1 1 1 1 1 1 1 1 1 1 1 1 1 1 1 1 1 1 1 1 1 1 1 1 1 1 1 1 1 1 1 1 1 1 1 1 1 1 1 100 1 1 1 1 1 1 1 1 1 1 1 1 1 1 1 1 1 1 1 1 1 1 1 1 1 1 1 1 1 1 1 1 1 1 1 1 1 100 1 1 1
ciInstanceKlass java/util/jar/Manifest 1 1 320 10 7 12 1 1 1 7 1 10 9 7 12 1 1 1 7 1 10 9 12 1 1 9 12 1 1 10 12 1 10 12 1 1 10 12 1 1 10 12 1 1 10 12 1 1 11 7 1 11 12 1 1 10 12 1 1 10 100 12 1 1 1 100 1 7 1 10 8 1 10 12 1 1 10 12 1 1 10 12 1 10 12 1 11 100 1 10 12 1 10 12 1 1 11 12 1 1 10 12 1 11 12 1 1 11 100 12 1 1 1 11 7 12 1 1 11 12 1 1 100 1 10 12 1 8 1 11 12 1 7 1 10 12 1 1 11 12 1 10 12 1 10 12 1 10 9 7 12 1 1 1 10 12 1 1 10 100 12 1 10 12 1 10 12 1 9 100 12 1 1 1 8 1 10 12 1 8 1 8 1 7 1 10 12 1 10 12 1 10 12 1 1 100 1 8 1 10 12 1 1 8 1 10 10 12 1 1 8 1 10 12 1 1 10 7 12 1 1 1 10 12 1 10 11 12 1 1 10 12 1 1 10 7 12 1 1 1 10 12 1 1 10 12 1 10 12 1 1 11 10 12 1 11 10 12 1 7 1 1 1 1 1 1 1 1 1 1 1 1 1 1 1 1 1 1 1 1 1 1 1 1 1 1 1 1 1 1 1 1 1 1 1 100 1 1 1 1 1 1 1 1 1 1 1 1 1 1 7 1 1 1 1 1 1 1 1 1 1 1
ciInstanceKlass java/io/ByteArrayInputStream 1 1 135 10 7 12 1 1 1 9 7 12 1 1 1 9 12 1 1 9 12 1 9 12 1 10 100 12 1 1 1 10 7 12 1 1 1 10 7 12 1 1 1 10 7 12 1 1 1 10 12 1 1 10 100 12 1 1 1 100 1 100 1 100 1 3 10 100 1 10 100 12 1 1 1 9 12 1 1 100 1 10 10 7 12 1 1 1 1 1 1 1 1 1 1 1 1 1 1 1 1 1 1 1 1 1 1 1 1 1 1 1 1 1 1 1 1 1 1 1 100 1 100 1 1 1 1 1 1 1 1 1 1 1 1 1 1
staticfield java/io/ByteArrayInputStream $assertionsDisabled Z 1
instanceKlass java/nio/CharBuffer
instanceKlass java/nio/IntBuffer
instanceKlass java/nio/LongBuffer
instanceKlass java/nio/ByteBuffer
ciInstanceKlass java/nio/Buffer 1 1 256 100 1 10 7 12 1 1 1 9 7 12 1 1 1 9 12 1 9 12 1 1 9 12 1 9 12 1 1 10 12 1 1 10 12 1 1 10 12 100 1 7 1 10 8 1 10 12 1 1 10 12 1 8 1 8 1 10 12 1 1 10 12 1 8 1 9 12 1 1 100 1 8 1 10 12 1 8 1 8 1 9 12 10 12 1 8 1 8 1 8 1 10 12 1 8 1 8 1 8 1 100 1 10 100 1 10 100 1 10 9 12 1 1 10 7 12 1 1 1 100 1 10 12 1 1 10 12 1 10 100 12 1 1 10 7 12 1 1 1 10 7 12 1 1 1 9 12 1 1 10 7 12 1 1 1 9 12 1 1 7 1 10 10 12 1 1 7 1 10 10 7 12 1 1 1 1 1 3 1 1 1 1 1 1 1 1 1 1 1 1 1 1 100 1 1 1 1 1 1 1 7 1 1 1 1 1 1 1 1 1 1 1 1 1 1 1 1 1 1 1 1 1 1 1 1 1 1 1 1 1 1 1 1 1 1 1 1 1 1 1 100 1 100 1 100 1 100 1 100 1 100 1 100 1 1
staticfield java/nio/Buffer UNSAFE Ljdk/internal/misc/Unsafe; jdk/internal/misc/Unsafe
staticfield java/nio/Buffer SCOPED_MEMORY_ACCESS Ljdk/internal/misc/ScopedMemoryAccess; jdk/internal/misc/ScopedMemoryAccess
staticfield java/nio/Buffer IOOBE_FORMATTER Ljava/util/function/BiFunction; jdk/internal/util/Preconditions$4
staticfield java/nio/Buffer $assertionsDisabled Z 1
ciInstanceKlass java/util/List 1 1 251 10 100 12 1 1 1 11 100 12 1 1 1 11 100 12 1 1 1 11 12 1 1 11 100 12 1 1 11 12 1 1 11 12 1 1 10 100 12 1 1 1 100 1 100 1 10 12 1 1 100 1 10 100 12 1 1 1 11 12 1 1 11 12 1 11 12 1 100 1 10 12 1 11 12 1 1 11 12 1 1 11 12 1 10 7 12 1 1 1 9 7 12 1 1 1 7 1 10 12 10 12 1 7 1 10 12 1 1 10 12 1 10 12 1 1 11 12 1 1 100 1 1 1 1 1 1 1 1 1 1 1 1 1 1 1 1 1 1 1 1 1 1 1 1 1 1 1 1 1 1 1 1 1 1 1 1 1 1 1 1 1 1 1 1 100 1 100 1 1 1 1 1 1 1 1 1 1 1 1 1 1 1 1 1 1 1 1 1 1 1 1 1 1 1 1 1 1 1 1 1 1 1 1 1 1 1 1 1 1 1 1 1 1 1 1 1 1 1 1 1 1 1 1 1 1 1 1 1 1 1 1 1 1 1 1 1 1 1 1 1 1 1 1 100 1 1 100 1 1 1
instanceKlass org/springframework/objenesis/ObjenesisException
instanceKlass org/springframework/cglib/core/CodeGenerationException
instanceKlass org/aspectj/lang/NoAspectBoundException
instanceKlass org/springframework/boot/autoconfigure/condition/OnBeanCondition$BeanTypeDeductionException
instanceKlass org/springframework/expression/spel/InternalParseException
instanceKlass java/lang/reflect/MalformedParameterizedTypeException
instanceKlass jakarta/el/ELException
instanceKlass jakarta/persistence/PersistenceException
instanceKlass jakarta/validation/ValidationException
instanceKlass java/security/ProviderException
instanceKlass org/apache/juli/logging/LogConfigurationException
instanceKlass org/springframework/expression/ExpressionException
instanceKlass java/lang/reflect/MalformedParametersException
instanceKlass java/util/concurrent/CompletionException
instanceKlass tools/jackson/core/JacksonException
instanceKlass java/nio/file/FileSystemNotFoundException
instanceKlass org/yaml/snakeyaml/error/YAMLException
instanceKlass org/springframework/boot/context/properties/bind/UnboundConfigurationPropertiesException
instanceKlass org/springframework/boot/context/config/ConfigDataException
instanceKlass org/springframework/boot/context/properties/bind/BindException
instanceKlass java/time/DateTimeException
instanceKlass org/springframework/boot/context/properties/source/InvalidConfigurationPropertyValueException
instanceKlass java/util/MissingResourceException
instanceKlass org/springframework/cglib/core/ClassNameReader$EarlyExitException
instanceKlass org/springframework/boot/devtools/restart/SilentExitExceptionHandler$SilentExitException
instanceKlass java/lang/reflect/InaccessibleObjectException
instanceKlass java/util/concurrent/RejectedExecutionException
instanceKlass org/springframework/core/NestedRuntimeException
instanceKlass java/lang/TypeNotPresentException
instanceKlass org/springframework/boot/context/properties/source/InvalidConfigurationPropertyNameException
instanceKlass java/lang/reflect/UndeclaredThrowableException
instanceKlass java/io/UncheckedIOException
instanceKlass ch/qos/logback/core/LogbackException
instanceKlass java/lang/IndexOutOfBoundsException
instanceKlass java/util/ConcurrentModificationException
instanceKlass java/lang/UnsupportedOperationException
instanceKlass java/util/NoSuchElementException
instanceKlass org/apache/logging/log4j/util/InternalException
instanceKlass org/apache/logging/log4j/LoggingException
instanceKlass org/apache/commons/logging/LogConfigurationException
instanceKlass org/springframework/boot/AotInitializerNotFoundException
instanceKlass org/springframework/boot/SpringApplication$AbandonedRunException
instanceKlass java/lang/IllegalStateException
instanceKlass java/lang/SecurityException
instanceKlass java/lang/IllegalArgumentException
instanceKlass java/lang/ArithmeticException
instanceKlass java/lang/NullPointerException
instanceKlass java/lang/IllegalMonitorStateException
instanceKlass java/lang/ArrayStoreException
instanceKlass java/lang/ClassCastException
ciInstanceKlass java/lang/RuntimeException 1 1 40 10 7 12 1 1 1 10 12 1 10 12 1 10 12 1 10 12 1 100 1 1 1 1 5 0 1 1 1 1 1 1 1 1 1 1 1 1 1 1
ciInstanceKlass java/lang/AssertionStatusDirectives 0 0 24 10 100 12 1 1 1 100 1 1 1 1 1 1 1 1 1 1 1 1 1 1 1 1
instanceKlass org/springframework/cglib/proxy/Enhancer$EnhancerKey
instanceKlass org/springframework/util/ConcurrentLruCache$CacheEntry
instanceKlass org/springframework/data/repository/config/RepositoryConfigurationSourceSupport$SpringImplementationDetectionConfiguration
instanceKlass org/springframework/expression/common/TemplateAwareExpressionParser$Bracket
instanceKlass org/springframework/data/web/config/SpringDataWebSettings
instanceKlass org/springframework/util/PlaceholderParser$ParsedValue
instanceKlass org/springframework/util/PlaceholderParser$ParsedSection
instanceKlass org/springframework/boot/context/properties/bind/JavaBeanBinder$Bean$CacheKey
instanceKlass org/springframework/boot/autoconfigure/preinitialize/BackgroundPreinitializingApplicationListener$Runner
instanceKlass org/springframework/boot/SpringApplicationShutdownHook$Handler
instanceKlass java/lang/reflect/Executable$ParameterData
instanceKlass org/springframework/boot/context/properties/bind/ValueObjectBinder$ValueObject$CacheKey
instanceKlass org/springframework/boot/context/properties/source/SoftReferenceConfigurationPropertyCache$ActiveCacheOverride
instanceKlass org/springframework/boot/context/properties/source/SpringIterableConfigurationPropertySource$Cache$Data
instanceKlass org/springframework/boot/support/SpringFactoriesEnvironmentPostProcessorsFactory$Adapter
instanceKlass org/springframework/core/io/support/SpringFactoriesLoader$Factories
instanceKlass jdk/jfr/internal/jfc/model/Constraint
instanceKlass jdk/jfr/internal/query/ViewFile$ViewConfiguration
instanceKlass jdk/jfr/internal/dcmd/Argument
instanceKlass jdk/internal/classfile/impl/StackCounter$Target
instanceKlass jdk/internal/classfile/impl/StackMapDecoder$StackMapFrameImpl
instanceKlass jdk/internal/classfile/impl/StackMapDecoder$ObjectVerificationTypeInfoImpl
instanceKlass jdk/internal/classfile/impl/ClassHierarchyImpl$ClassHierarchyInfoImpl
instanceKlass java/lang/classfile/ClassHierarchyResolver$1Factory
instanceKlass jdk/internal/classfile/impl/StackMapGenerator$Type
instanceKlass jdk/internal/classfile/impl/AbstractInstruction$SwitchCaseImpl
instanceKlass java/lang/runtime/SwitchBootstraps$1Element
instanceKlass jdk/internal/classfile/impl/DirectCodeBuilder$DeferredLabel
instanceKlass jdk/internal/classfile/impl/ClassFileImpl$AttributeMapperOptionImpl
instanceKlass jdk/internal/classfile/impl/ClassFileImpl$ClassHierarchyResolverOptionImpl
instanceKlass jdk/internal/classfile/impl/ClassFileImpl
instanceKlass java/lang/reflect/Proxy$ProxyBuilder$ProxyClassContext
instanceKlass java/nio/DirectByteBuffer$Deallocator
instanceKlass jdk/net/UnixDomainPrincipal
instanceKlass java/security/SecureClassLoader$CodeSourceKey
instanceKlass jdk/internal/module/ModuleReferenceImpl$CachedHash
instanceKlass java/util/stream/Collectors$CollectorImpl
instanceKlass jdk/internal/reflect/ReflectionFactory$Config
instanceKlass jdk/internal/foreign/abi/UpcallLinker$CallRegs
instanceKlass jdk/internal/foreign/abi/VMStorage
ciInstanceKlass java/lang/Record 1 1 22 10 7 12 1 1 1 100 1 1 1 1 1 1 1 1 1 1 1 1 1 1
ciInstanceKlass java/lang/invoke/MethodType 1 1 780 7 1 10 7 12 1 1 1 9 12 1 1 9 12 1 1 9 12 1 1 10 7 12 1 1 1 9 7 12 1 1 8 1 10 100 12 1 1 1 9 7 1 9 7 1 10 12 1 1 7 1 10 8 1 10 12 1 1 10 12 1 10 12 1 1 7 1 8 1 10 12 1 100 1 10 10 12 1 10 12 1 1 10 12 1 1 11 7 12 1 1 1 9 12 1 11 12 1 1 7 10 12 1 1 10 12 1 1 7 1 7 1 10 7 12 1 1 1 10 12 1 10 12 1 9 12 1 1 10 7 12 1 1 10 12 1 1 10 7 12 1 1 1 10 7 12 1 1 1 10 12 1 9 12 1 1 10 12 1 1 10 12 1 1 10 12 1 1 10 12 1 1 10 12 1 1 10 12 1 10 12 1 10 12 1 1 10 12 1 8 1 8 1 10 12 1 1 9 12 1 1 100 1 10 10 12 1 1 10 12 1 10 12 1 1 10 12 1 1 10 12 1 10 12 1 10 12 1 8 1 10 12 1 1 10 100 12 1 1 1 10 12 1 10 12 1 1 10 12 1 10 12 1 10 12 1 1 10 12 1 10 12 1 9 12 1 10 12 1 10 10 12 1 1 10 12 1 9 12 1 1 10 12 1 1 11 12 1 1 10 12 1 1 10 12 1 10 12 1 100 1 8 1 8 1 8 1 10 12 1 10 12 1 10 12 1 1 10 10 12 1 11 12 1 1 11 12 1 10 100 12 1 1 1 9 12 1 10 12 1 10 12 1 1 10 12 1 1 10 12 1 10 12 1 10 100 12 1 1 1 10 12 1 1 10 12 1 10 12 1 10 12 1 10 9 12 1 1 7 1 10 12 1 10 12 1 1 9 100 12 1 1 1 10 7 12 1 1 1 10 7 12 1 1 1 10 12 1 1 10 7 12 1 1 1 10 12 1 1 8 1 10 7 12 1 1 1 11 12 1 1 9 12 1 1 10 12 1 1 10 12 1 10 12 1 1 10 12 1 1 10 100 12 1 1 100 1 10 12 1 1 11 100 12 1 1 18 12 1 1 11 12 1 1 18 12 1 11 12 1 100 1 11 100 12 1 1 10 12 1 100 1 10 12 1 10 100 12 1 1 10 12 1 1 9 12 1 1 9 100 12 1 1 1 10 7 12 1 1 1 9 12 1 10 100 12 1 1 10 12 1 100 10 12 1 1 10 12 1 7 1 10 10 12 1 1 7 1 7 1 9 12 1 1 7 1 7 1 7 1 1 1 5 0 1 1 1 1 1 1 1 3 1 3 1 3 1 1 1 1 1 1 1 1 1 1 1 1 1 1 1 1 1 1 1 1 1 1 1 1 1 1 1 1 1 1 1 1 1 1 1 1 1 1 1 1 1 1 1 1 1 1 1 1 1 1 1 1 1 1 1 1 1 1 1 1 1 1 1 1 1 1 1 1 1 1 1 1 1 1 1 1 1 1 1 1 1 1 1 1 1 1 1 1 1 1 1 1 1 1 1 1 1 1 1 1 1 1 1 1 1 1 1 1 1 1 1 1 1 1 1 1 1 1 1 1 1 1 1 1 1 1 1 1 1 1 100 1 100 1 1 1 1 1 1 1 1 1 1 1 1 1 100 1 1 1 7 1 1 1 1 1 1 1 1 1 1 1 1 1 1 1 1 1 1 1 1 1 1 16 15 10 12 16 16 15 10 12 16 15 10 100 12 1 1 1 1 1 7 1 1 7 1 1 100 1 100 1 1
staticfield java/lang/invoke/MethodType internTable Ljdk/internal/util/ReferencedKeySet; jdk/internal/util/ReferencedKeySet
staticfield java/lang/invoke/MethodType NO_PTYPES [Ljava/lang/Class; 0 [Ljava/lang/Class;
staticfield java/lang/invoke/MethodType objectOnlyTypes [Ljava/lang/invoke/MethodType; 20 [Ljava/lang/invoke/MethodType;
staticfield java/lang/invoke/MethodType METHOD_HANDLE_ARRAY [Ljava/lang/Class; 1 [Ljava/lang/Class;
staticfield java/lang/invoke/MethodType serialPersistentFields [Ljava/io/ObjectStreamField; 0 [Ljava/io/ObjectStreamField;
staticfield java/lang/invoke/MethodType $assertionsDisabled Z 1
ciInstanceKlass java/lang/invoke/TypeDescriptor$OfMethod 1 0 43 100 1 100 1 100 1 1 1 1 1 1 1 1 1 1 1 1 1 1 1 1 1 1 1 1 1 1 1 1 1 1 1 1 1 1 1 1 1 1 100 1 1
instanceKlass java/lang/IllegalAccessException
instanceKlass java/lang/InstantiationException
instanceKlass java/lang/reflect/InvocationTargetException
instanceKlass java/lang/NoSuchFieldException
instanceKlass java/lang/NoSuchMethodException
instanceKlass java/lang/ClassNotFoundException
ciInstanceKlass java/lang/ReflectiveOperationException 1 1 34 10 7 12 1 1 1 10 12 1 10 12 1 10 12 1 100 1 1 1 1 5 0 1 1 1 1 1 1 1 1 1 1 1
instanceKlass java/lang/invoke/DelegatingMethodHandle
instanceKlass java/lang/invoke/BoundMethodHandle
instanceKlass java/lang/invoke/DirectMethodHandle
ciInstanceKlass java/lang/invoke/MethodHandle 1 1 736 100 1 9 7 12 1 1 1 10 7 12 1 1 1 10 7 12 1 1 1 7 1 7 1 10 12 1 1 9 12 1 1 10 12 1 10 12 1 1 10 12 1 1 10 100 12 1 1 1 10 12 1 1 10 12 1 1 11 7 12 1 1 1 10 12 1 1 10 12 1 10 12 1 10 12 1 1 9 12 1 1 9 12 1 1 10 7 12 1 1 1 10 12 1 1 10 12 1 10 12 1 100 1 7 1 10 8 1 10 12 1 1 10 12 1 8 1 10 12 1 1 10 12 1 10 7 12 1 1 1 10 12 1 1 10 12 1 1 10 12 1 1 10 7 12 1 1 1 10 12 1 1 10 12 1 1 10 12 1 10 12 1 1 10 7 12 1 1 10 7 12 1 1 10 12 1 10 12 1 10 12 1 1 10 12 1 1 10 12 1 1 10 12 1 1 10 7 12 1 1 1 10 7 12 1 1 1 10 12 1 1 10 12 1 1 10 12 1 1 8 1 10 7 12 1 1 1 8 1 10 12 1 10 12 1 1 10 12 1 1 10 12 1 8 1 10 12 1 1 8 1 10 12 1 8 1 10 7 12 1 1 1 9 12 1 1 100 1 10 9 7 12 1 1 1 9 7 1 8 1 10 12 1 1 10 12 1 10 12 1 1 10 12 1 10 12 1 1 10 12 1 10 12 1 1 10 12 1 10 12 1 1 10 12 1 1 8 1 10 12 1 1 8 1 10 12 1 10 12 1 1 10 12 1 10 12 1 10 12 1 1 9 100 12 1 1 1 10 12 1 1 11 12 1 10 12 1 10 12 1 1 10 100 12 1 1 100 1 11 12 1 10 100 1 11 12 1 7 1 10 12 1 11 12 1 9 100 12 1 1 1 11 12 1 1 11 100 12 1 1 1 10 12 1 1 9 12 1 11 12 1 9 12 1 9 12 1 9 12 1 11 12 1 1 9 12 1 9 12 1 9 12 1 9 12 1 9 12 1 9 12 1 9 12 1 8 1 10 12 1 10 12 1 8 1 10 12 1 10 12 1 10 12 1 1 10 10 10 7 12 1 1 10 12 1 1 100 1 100 1 8 1 8 1 10 10 12 1 1 10 12 1 10 12 1 7 1 10 100 12 1 1 1 10 9 7 12 1 1 1 10 12 1 1 10 12 1 1 8 1 8 1 10 7 12 1 1 9 12 1 9 12 1 1 9 12 1 1 10 12 1 7 1 10 12 1 10 12 1 1 9 12 1 1 9 12 1 1 10 7 12 1 1 1 11 7 12 1 1 9 12 1 10 12 1 1 10 12 1 9 12 1 10 12 1 8 10 12 1 1 8 1 1 1 1 1 1 1 1 7 1 1 1 1 1 1 1 1 1 1 1 1 1 1 1 1 1 1 1 1 1 1 1 1 1 1 1 1 1 1 100 1 1 1 1 1 1 1 1 1 1 1 1 1 1 1 1 1 1 1 1 1 1 1 1 1 1 1 1 1 1 1 1 1 1 1 1 1 1 1 1 1 1 1 1 1 1 1 1 1 1 1 1 1 1 1 1 1 1 1 1 1 1 1 1 1 1 1 1 1 1 1 1 1 1 1 1 1 1 1 1 1 1 1 1 1 1 100 1 1 100 1 7 1 100 1 1 100 1 1 100 1 1 1 1
staticfield java/lang/invoke/MethodHandle FORM_OFFSET J 20
staticfield java/lang/invoke/MethodHandle UPDATE_OFFSET J 13
staticfield java/lang/invoke/MethodHandle $assertionsDisabled Z 1
ciInstanceKlass java/util/concurrent/ConcurrentHashMap 1 1 1211 7 1 7 1 3 10 12 1 1 3 7 1 10 7 12 1 1 1 7 1 10 7 12 1 1 1 100 1 11 12 1 1 11 12 1 11 12 1 1 9 12 1 1 9 12 1 1 9 12 1 10 7 12 1 1 1 7 1 10 12 1 1 10 12 1 1 10 7 12 1 1 1 4 10 12 1 11 7 12 1 1 1 10 12 1 10 12 1 1 100 1 10 5 0 10 12 1 9 12 1 10 12 1 1 5 0 10 12 1 10 12 1 9 12 1 1 10 12 1 1 9 12 1 9 12 1 1 10 12 1 1 9 12 1 10 12 1 1 9 12 1 1 10 12 1 1 100 1 10 7 1 10 12 1 10 12 1 1 10 12 1 1 10 12 1 1 10 12 1 10 12 1 1 10 12 1 1 100 1 10 12 1 1 7 1 100 1 8 1 10 12 1 10 12 1 1 10 12 1 1 10 10 12 1 11 12 1 1 11 7 12 1 1 1 11 7 12 1 1 1 11 12 1 7 1 11 12 1 11 12 1 10 12 1 1 10 12 1 1 9 12 1 1 10 100 12 1 1 1 9 10 12 1 1 9 12 1 10 12 1 1 5 0 9 12 1 1 7 1 10 12 1 9 12 1 1 7 1 10 12 1 9 12 1 7 1 10 7 1 10 10 12 1 1 8 1 10 12 1 10 12 1 1 11 100 1 10 12 1 10 100 12 1 1 1 8 1 10 100 12 1 1 1 8 1 10 12 1 8 1 10 12 1 10 12 1 1 10 100 12 1 1 10 12 1 10 12 1 10 12 1 9 12 1 9 10 12 1 9 12 1 1 11 7 12 1 1 1 11 7 12 1 1 1 100 1 10 12 11 100 12 1 1 10 11 7 12 1 10 12 1 100 1 10 12 1 100 1 10 10 9 7 12 1 1 1 3 10 7 12 1 1 9 12 1 10 12 1 1 9 12 1 1 9 12 1 10 12 1 1 10 100 12 1 1 9 12 1 9 7 12 1 1 10 12 1 1 10 12 1 3 9 12 1 9 12 1 10 12 1 1 7 1 9 3 9 12 1 7 1 10 12 1 9 12 1 10 12 1 9 12 1 10 12 1 9 12 1 10 100 12 1 1 1 100 10 12 1 7 1 5 0 10 100 12 1 1 100 1 10 12 1 1 10 12 1 10 12 1 100 1 10 12 1 10 100 1 100 1 10 10 12 1 10 100 1 10 12 1 10 100 1 10 12 1 10 7 1 10 12 1 1 100 1 10 12 1 10 10 12 1 100 1 10 12 1 10 10 12 1 100 1 10 12 1 10 100 1 10 12 1 10 100 1 10 12 1 10 100 1 10 12 1 10 100 1 10 12 1 10 100 1 10 12 1 10 100 1 10 12 1 10 100 1 10 12 1 10 100 1 10 10 100 1 10 10 100 1 10 10 100 1 10 12 1 10 100 1 10 12 1 10 100 1 10 12 1 10 100 1 10 12 1 10 100 1 10 12 1 10 100 1 10 10 100 1 10 10 100 1 10 10 100 1 10 12 1 10 100 1 10 12 1 10 100 1 10 12 1 10 100 1 10 12 1 10 100 1 10 12 1 10 10 12 1 10 7 12 1 1 1 10 12 1 7 1 7 1 10 12 1 9 12 1 1 9 12 1 1 10 12 1 1 8 10 12 1 1 8 8 8 8 7 10 12 1 1 10 12 1 100 1 8 1 10 7 1 7 1 7 1 1 1 5 0 1 1 3 1 3 1 1 1 1 3 1 3 1 3 1 1 1 1 1 3 1 3 1 3 1 1 1 1 1 1 1 1 1 1 1 1 1 1 1 1 1 1 1 1 1 1 1 1 1 100 1 1 1 1 1 1 1 1 1 1 1 1 1 1 1 1 1 1 1 1 1 1 1 1 1 1 1 1 1 1 1 1 1 1 1 1 1 1 1 1 1 1 1 1 1 1 1 1 1 1 1 1 1 1 1 1 1 1 1 1 1 1 1 1 1 1 1 1 1 1 1 1 1 1 1 1 1 1 1 1 1 1 1 1 100 1 1 1 1 1 1 1 1 1 1 1 7 1 1 1 1 1 1 1 1 1 1 1 1 1 1 1 1 1 1 1 1 1 1 1 1 1 1 1 1 1 1 1 1 1 1 1 1 1 1 1 1 1 1 1 1 1 1 1 1 1 1 1 1 1 1 1 1 1 1 1 1 1 1 1 1 1 1 1 1 1 1 1 1 1 1 1 1 1 1 1 1 1 1 1 1 1 1 1 1 1 1 1 1 1 1 1 1 1 1 1 1 1 1 1 1 1 1 1 1 1 1 1 1 1 1 1 1 1 1 1 1 1 1 1 1 1 1 1 1 1 1 1 1 1 1 1 1 1 1 1 1 1 1 1 1 1 1 1 1 1 1 1 1 1 1 1 1 1 1 1 1 1 1 1 1 1 1 1 1 1 1 1 1 1 1 1 1 1 1 1 1 1 1 1 1 1 1 1 1 1 1 1 1 1 1 1 1 1 1 1 1 1 1 1 1 1 1 1 1 1 1 1 1 1 1 1 1 1 1 1 1 1 1 1 100 1 100 1 100 1 100 1 100 1 100 1 100 1 100 1 100 1 1 1 1 1 1 1 1 1 1 1 1 1 1 1 1 1 1 1 1 1 1 1 1 1 1 1 1 1 1 1 1 1 1 1 1 1 1 1 1 1 1 1 1 1 1 1 1 1 1 1 1 1 1 1 1 1 1
staticfield java/util/concurrent/ConcurrentHashMap NCPU I 12
staticfield java/util/concurrent/ConcurrentHashMap serialPersistentFields [Ljava/io/ObjectStreamField; 3 [Ljava/io/ObjectStreamField;
staticfield java/util/concurrent/ConcurrentHashMap U Ljdk/internal/misc/Unsafe; jdk/internal/misc/Unsafe
staticfield java/util/concurrent/ConcurrentHashMap SIZECTL J 20
staticfield java/util/concurrent/ConcurrentHashMap TRANSFERINDEX J 32
staticfield java/util/concurrent/ConcurrentHashMap BASECOUNT J 24
staticfield java/util/concurrent/ConcurrentHashMap CELLSBUSY J 36
staticfield java/util/concurrent/ConcurrentHashMap CELLVALUE J 144
staticfield java/util/concurrent/ConcurrentHashMap ABASE I 16
staticfield java/util/concurrent/ConcurrentHashMap ASHIFT I 2
instanceKlass org/hibernate/validator/internal/util/ConcurrentReferenceHashMap
instanceKlass com/fasterxml/jackson/databind/util/internal/PrivateMaxEntriesMap
instanceKlass tools/jackson/databind/util/internal/PrivateMaxEntriesMap
instanceKlass java/util/TreeMap$NavigableSubMap
instanceKlass org/springframework/util/ConcurrentReferenceHashMap
instanceKlass java/util/Collections$SingletonMap
instanceKlass java/util/concurrent/ConcurrentSkipListMap
instanceKlass java/util/TreeMap
instanceKlass java/util/IdentityHashMap
instanceKlass java/util/EnumMap
instanceKlass java/util/WeakHashMap
instanceKlass java/util/Collections$EmptyMap
instanceKlass sun/util/PreHashedMap
instanceKlass java/util/HashMap
instanceKlass java/util/ImmutableCollections$AbstractImmutableMap
instanceKlass java/util/concurrent/ConcurrentHashMap
ciInstanceKlass java/util/AbstractMap 1 1 198 10 7 12 1 1 1 10 7 12 1 1 1 11 7 12 1 1 1 10 11 12 1 1 11 7 12 1 1 1 11 12 1 1 7 1 11 12 1 10 12 1 1 11 12 1 100 1 10 11 12 1 11 7 1 10 12 1 1 11 12 1 9 12 1 1 7 1 10 12 1 9 12 1 1 100 1 10 11 11 12 1 1 11 12 1 7 1 100 1 11 12 1 8 1 7 1 10 10 12 1 1 8 1 10 12 1 10 12 1 1 10 12 1 1 1 1 1 1 1 1 1 1 1 1 1 1 1 1 1 1 1 1 1 1 1 1 1 1 1 1 1 1 1 1 1 1 1 1 1 1 1 1 7 1 1 1 1 1 1 1 7 1 1 1 1 1 1 1 1 1 100 1 1 1 1 1 1 1 1 1 100 1 100 1 100 1 100 1 100 1 1 1 1 1 1 1 1
ciInstanceKlass java/util/concurrent/ConcurrentMap 1 1 201 11 7 12 1 1 1 10 100 12 1 1 11 12 1 1 11 100 12 1 1 1 11 7 12 1 1 1 11 12 1 1 100 1 11 12 1 11 12 1 100 1 11 100 12 1 1 1 18 12 1 11 12 1 1 11 100 12 1 1 11 12 1 1 11 100 12 1 11 12 1 1 11 12 1 1 7 1 7 1 1 1 1 1 1 1 1 1 1 1 1 1 1 1 1 1 1 1 1 1 1 1 1 1 1 1 1 1 1 1 1 1 1 1 1 1 1 1 1 1 1 1 1 1 1 1 1 1 1 1 1 1 1 1 1 1 1 1 1 16 15 11 12 15 10 100 12 1 1 1 1 1 100 1 100 1 1 1 100 1 8 1 1 12 10 1 8 1 1 1 8 1 8 1 1 8 1 1 1 8 1 1 1 8 1 1 8 1 8 1 1 1 8 1 1 1 8 1 1 8 1
ciInstanceKlass java/util/Collection 1 1 115 11 7 12 1 1 1 7 1 11 7 12 1 1 1 10 7 12 1 1 1 11 12 1 1 11 7 12 1 1 1 11 12 1 1 11 100 12 1 1 1 11 12 1 1 10 100 12 1 1 1 11 12 1 10 7 12 1 1 1 100 1 100 1 1 1 1 1 1 1 1 1 1 1 1 1 1 1 1 1 1 1 1 1 1 1 1 1 1 1 1 1 1 1 1 1 1 1 1 1 1 1 1 1 1 1 1 1 1 1 1 1 1 1 1
ciInstanceKlass jdk/internal/loader/ClassLoaders 1 1 185 10 7 12 1 1 1 10 7 12 1 1 1 10 12 1 1 10 100 12 1 1 1 9 7 12 1 1 1 9 12 1 1 9 12 1 1 7 1 11 100 12 1 1 1 100 1 11 12 1 1 11 12 1 1 10 100 12 1 1 1 10 100 12 1 1 1 100 1 100 1 10 7 12 1 1 1 9 12 1 1 8 1 10 7 12 1 1 1 10 12 1 1 7 1 10 12 1 10 12 1 1 7 1 10 12 1 1 10 12 1 1 10 12 1 7 1 10 12 10 12 1 8 1 10 7 12 1 1 8 1 8 1 10 12 1 7 1 10 10 12 1 10 12 1 1 1 1 1 1 1 1 1 1 1 1 1 1 1 1 1 1 1 1 7 1 1 1 1 1 1 1 1 1 1 1 1 1 1 1 1 1 1 1 1
staticfield jdk/internal/loader/ClassLoaders JLA Ljdk/internal/access/JavaLangAccess; java/lang/System$2
staticfield jdk/internal/loader/ClassLoaders BOOT_LOADER Ljdk/internal/loader/ClassLoaders$BootClassLoader; jdk/internal/loader/ClassLoaders$BootClassLoader
staticfield jdk/internal/loader/ClassLoaders PLATFORM_LOADER Ljdk/internal/loader/ClassLoaders$PlatformClassLoader; jdk/internal/loader/ClassLoaders$PlatformClassLoader
staticfield jdk/internal/loader/ClassLoaders APP_LOADER Ljdk/internal/loader/ClassLoaders$AppClassLoader; jdk/internal/loader/ClassLoaders$AppClassLoader
instanceKlass jdk/internal/loader/ClassLoaders$BootClassLoader
instanceKlass jdk/internal/loader/ClassLoaders$PlatformClassLoader
instanceKlass jdk/internal/loader/ClassLoaders$AppClassLoader
ciInstanceKlass jdk/internal/loader/BuiltinClassLoader 1 1 737 9 7 12 1 1 1 10 7 12 1 1 1 10 7 12 1 1 1 9 12 1 1 9 12 1 1 7 1 10 12 1 9 12 1 10 12 1 9 12 1 10 7 12 1 1 1 10 7 12 1 1 1 10 7 12 1 1 1 11 7 12 1 1 1 7 1 7 1 10 10 12 1 1 8 1 10 12 1 10 12 7 1 10 12 1 10 12 1 1 11 7 12 1 1 1 11 7 12 1 1 1 11 12 1 1 7 1 8 1 8 1 10 9 12 1 1 10 7 12 1 1 11 12 1 1 10 12 1 1 10 12 1 1 10 12 1 1 10 7 12 1 1 1 10 12 1 10 7 12 1 1 1 10 12 1 1 11 7 12 1 1 1 10 7 12 1 1 7 1 10 7 12 1 1 1 10 12 1 100 1 8 1 10 12 1 1 10 8 1 10 12 1 1 10 12 1 1 10 12 1 1 11 7 12 1 1 11 12 1 7 1 10 11 12 1 1 11 10 12 1 1 7 1 10 12 1 10 7 12 1 10 12 1 7 1 10 12 1 10 7 12 1 1 1 100 1 10 12 1 1 11 12 1 7 1 100 1 10 12 1 10 12 1 1 100 1 100 1 10 12 1 10 12 1 18 12 1 1 10 12 1 10 12 1 1 18 100 1 10 7 12 1 1 1 7 1 10 10 12 1 1 10 12 1 1 10 12 1 1 10 12 1 9 12 1 1 100 1 10 10 12 1 1 10 12 1 1 10 12 1 10 12 10 12 1 1 10 12 1 1 10 12 1 1 10 12 1 10 12 1 1 18 12 1 7 1 10 12 1 1 10 12 1 10 12 1 1 10 12 1 100 1 10 12 1 7 1 10 12 1 10 7 12 1 1 1 10 12 1 11 12 1 7 1 10 12 1 7 1 100 1 10 12 1 10 12 1 11 12 1 1 10 12 1 1 10 12 1 1 10 12 1 1 10 12 1 1 10 12 1 10 12 1 10 12 1 10 12 1 8 1 10 12 1 1 10 7 12 1 1 10 12 1 100 1 8 1 8 1 10 10 12 1 8 1 8 1 10 7 12 1 1 1 11 7 12 1 1 1 9 7 12 1 1 1 10 7 12 1 1 1 9 12 1 9 12 1 9 12 1 9 12 1 9 12 1 9 12 1 10 7 12 1 1 1 8 1 10 12 1 7 1 10 12 1 1 10 12 1 7 1 10 11 12 1 1 10 12 10 12 1 10 12 1 100 1 10 12 1 10 12 1 10 10 12 1 10 7 12 1 1 8 1 10 7 12 1 1 10 12 1 1 1 1 1 1 1 1 1 1 1 1 1 1 1 1 1 1 1 1 1 1 1 1 1 1 1 1 1 1 1 1 1 1 1 1 1 1 1 1 1 1 1 1 1 1 1 1 1 1 1 1 1 1 1 1 7 1 1 1 1 1 1 1 1 1 1 1 1 1 1 1 1 1 1 7 1 7 1 1 1 1 1 1 1 1 1 1 1 1 1 1 1 1 1 1 1 1 1 1 1 1 1 1 1 1 1 1 1 1 1 1 1 1 1 1 1 1 1 1 1 1 1 1 1 1 1 1 1 100 1 1 16 15 10 12 16 15 10 12 16 15 10 12 16 1 15 10 100 12 1 1 1 1 1 100 1 1 1 1 1 100 1 100 1 1
staticfield jdk/internal/loader/BuiltinClassLoader packageToModule Ljava/util/Map; java/util/concurrent/ConcurrentHashMap
staticfield jdk/internal/loader/BuiltinClassLoader $assertionsDisabled Z 1
ciInstanceKlass jdk/internal/loader/ClassLoaders$AppClassLoader 1 1 119 8 1 10 7 12 1 1 1 10 7 12 1 1 1 10 7 12 1 1 1 10 12 1 1 10 7 12 1 1 1 10 12 1 1 10 12 1 1 7 1 8 1 10 12 10 7 12 1 1 1 10 7 12 1 1 10 12 1 1 10 12 1 1 10 7 12 1 1 1 7 1 10 12 1 1 1 1 1 1 1 1 1 1 1 1 1 1 1 1 1 1 1 1 1 7 1 1 1 1 1 1 1 1 1 1 1 1 1 1 1 1 1 1 1 7 1 1 1
ciInstanceKlass jdk/internal/loader/ClassLoaders$PlatformClassLoader 1 1 42 8 1 10 7 12 1 1 1 10 7 12 1 1 1 7 1 10 12 1 7 1 1 1 1 1 1 1 1 1 1 1 1 1 1 7 1 1 1 100 1 1
ciInstanceKlass java/lang/ArithmeticException 1 1 26 10 100 12 1 1 1 10 12 1 100 1 1 1 1 5 0 1 1 1 1 1 1 1 1 1
ciInstanceKlass java/lang/ArrayStoreException 1 1 26 10 100 12 1 1 1 10 12 1 100 1 1 1 1 5 0 1 1 1 1 1 1 1 1 1
ciInstanceKlass java/lang/ClassCastException 1 1 26 10 100 12 1 1 1 10 12 1 100 1 1 1 1 5 0 1 1 1 1 1 1 1 1 1
ciInstanceKlass java/lang/ClassNotFoundException 1 1 96 7 1 10 7 12 1 1 1 10 12 1 10 12 1 1 10 100 12 1 1 1 8 1 10 100 12 1 1 1 10 7 12 1 1 10 100 12 1 1 1 10 100 12 1 1 1 10 12 1 1 7 1 10 12 1 9 12 1 1 1 1 1 5 0 1 1 1 1 1 1 1 1 1 1 1 1 1 1 1 1 1 1 100 1 1 1 1 1 1 1 1 1 1 1 1
staticfield java/lang/ClassNotFoundException serialPersistentFields [Ljava/io/ObjectStreamField; 1 [Ljava/io/ObjectStreamField;
ciInstanceKlass java/lang/IllegalMonitorStateException 1 1 26 10 100 12 1 1 1 10 12 1 100 1 1 1 1 5 0 1 1 1 1 1 1 1 1 1
ciInstanceKlass java/lang/BootstrapMethodError 0 0 45 10 100 12 1 1 1 10 12 1 10 12 1 10 100 12 1 1 1 10 100 12 1 1 1 1 1 1 5 0 1 1 1 1 1 1 1 1 1 1 1 100 1 1 1
instanceKlass java/lang/ClassFormatError
instanceKlass java/lang/IncompatibleClassChangeError
instanceKlass java/lang/BootstrapMethodError
instanceKlass java/lang/NoClassDefFoundError
ciInstanceKlass java/lang/LinkageError 1 1 31 10 7 12 1 1 1 10 12 1 10 12 1 100 1 1 1 1 5 0 1 1 1 1 1 1 1 1 1 1 1
ciInstanceKlass java/lang/NullPointerException 1 1 52 10 100 12 1 1 1 10 12 1 9 100 12 1 1 1 10 12 1 1 9 12 1 1 10 12 1 1 10 12 1 1 1 1 5 0 1 1 1 1 1 1 1 1 100 1 100 1 100 1 1 1
ciInstanceKlass java/lang/NoClassDefFoundError 0 0 26 10 100 12 1 1 1 10 12 1 100 1 1 1 1 5 0 1 1 1 1 1 1 1 1 1
ciInstanceKlass java/lang/StackOverflowError 1 1 26 10 100 12 1 1 1 10 12 1 100 1 1 1 1 5 0 1 1 1 1 1 1 1 1 1
ciInstanceKlass java/lang/StackTraceElement 1 1 235 10 7 12 1 1 1 10 7 12 1 1 9 12 1 1 9 12 1 1 9 12 1 9 12 1 8 1 10 100 12 1 1 1 7 1 9 12 1 8 1 9 12 1 9 12 1 9 12 1 1 10 12 1 1 10 12 1 8 1 10 100 12 1 1 1 7 1 10 12 1 10 12 1 1 10 12 1 10 12 1 1 10 12 1 10 12 1 10 10 12 1 8 1 10 12 1 10 12 1 1 10 12 1 1 10 12 1 10 12 1 10 12 1 9 12 1 1 10 7 12 1 1 1 10 12 1 1 7 1 10 12 1 1 10 7 12 1 1 10 7 12 1 1 1 10 7 12 1 1 10 7 12 1 1 10 10 12 1 1 10 12 1 1 10 12 1 1 10 12 1 7 1 1 1 1 1 1 1 3 1 3 1 1 5 0 1 1 1 1 1 1 1 1 1 1 1 1 1 1 1 1 1 1 1 1 1 1 1 1 1 1 1 1 1 7 1 7 1 1 1 1 1 1 1 100 1 1 1 1 1 1 1 1 1
instanceKlass java/util/concurrent/locks/AbstractQueuedSynchronizer
ciInstanceKlass java/util/concurrent/locks/AbstractOwnableSynchronizer 1 1 32 10 7 12 1 1 1 9 7 12 1 1 1 100 1 1 1 1 5 0 1 1 1 1 1 1 1 1 1 1 1 1
ciInstanceKlass jdk/internal/vm/Continuation 1 1 549 9 7 12 1 1 1 9 12 1 9 12 1 100 1 7 1 10 12 1 1 8 1 10 12 1 1 10 12 1 10 12 1 1 10 12 1 9 7 12 1 1 1 11 100 12 1 1 1 10 7 1 9 12 1 1 9 12 1 1 10 8 1 10 12 1 9 12 1 1 10 11 12 1 1 100 1 10 100 12 1 1 1 10 12 1 1 10 12 1 10 12 1 1 11 12 1 1 9 12 1 1 10 12 1 1 18 12 1 1 10 7 12 1 1 1 100 1 10 12 1 11 100 12 1 1 1 10 12 1 9 12 1 10 12 1 1 100 1 8 1 10 12 1 10 12 1 1 9 12 1 1 11 12 1 1 9 12 1 1 8 1 10 11 12 1 1 11 12 1 1 10 12 1 1 10 12 1 1 9 12 1 10 12 1 10 10 12 1 8 1 10 12 1 8 1 8 1 10 7 12 1 1 1 10 7 12 1 1 1 10 12 1 9 12 1 11 12 1 7 1 10 12 1 10 12 1 1 9 12 1 1 7 1 10 12 1 1 9 12 1 1 10 12 1 10 12 1 11 7 12 1 1 10 7 1 10 12 1 8 1 9 12 1 10 12 1 1 9 12 1 1 10 7 12 1 1 8 1 8 1 8 1 8 1 10 12 1 1 10 12 1 10 12 1 10 12 1 10 12 1 1 10 12 1 1 8 1 10 12 1 1 9 12 1 1 10 12 1 1 9 12 1 8 1 10 7 12 1 1 1 10 12 1 8 1 100 1 8 1 10 9 12 1 1 8 1 10 7 12 1 1 10 100 12 1 1 8 1 8 1 10 12 10 7 12 1 1 1 10 7 1 10 7 12 1 1 1 18 11 100 12 1 1 1 18 12 1 11 12 1 1 7 1 10 7 12 1 1 10 12 1 1 8 10 12 1 1 10 7 12 1 1 1 10 7 12 1 1 10 12 1 8 1 10 12 1 7 1 7 1 10 12 1 1 1 1 1 1 1 1 1 1 1 1 1 1 1 1 1 1 1 1 1 1 1 1 1 1 1 1 1 1 1 1 1 1 1 1 1 1 1 1 1 1 1 1 1 1 1 1 1 1 1 1 1 1 1 1 1 1 1 1 1 1 1 1 1 1 1 1 1 1 1 1 1 1 1 100 1 1 16 1 15 10 12 16 15 11 7 12 1 1 1 16 1 16 1 15 10 12 16 15 10 100 12 1 1 1 1 1 1 1 1 100 1 100 1 1
staticfield jdk/internal/vm/Continuation U Ljdk/internal/misc/Unsafe; jdk/internal/misc/Unsafe
staticfield jdk/internal/vm/Continuation MOUNTED_OFFSET J 13
staticfield jdk/internal/vm/Continuation PRESERVE_SCOPED_VALUE_CACHE Z 1
staticfield jdk/internal/vm/Continuation JLA Ljdk/internal/access/JavaLangAccess; java/lang/System$2
staticfield jdk/internal/vm/Continuation $assertionsDisabled Z 1
ciInstanceKlass jdk/internal/misc/UnsafeConstants 1 1 34 10 100 12 1 1 1 9 7 12 1 1 1 9 12 1 9 12 1 1 9 12 1 9 12 1 1 1 1 1 1 1 1 1
staticfield jdk/internal/misc/UnsafeConstants ADDRESS_SIZE0 I 8
staticfield jdk/internal/misc/UnsafeConstants PAGE_SIZE I 4096
staticfield jdk/internal/misc/UnsafeConstants BIG_ENDIAN Z 0
staticfield jdk/internal/misc/UnsafeConstants UNALIGNED_ACCESS Z 1
staticfield jdk/internal/misc/UnsafeConstants DATA_CACHE_LINE_FLUSH_SIZE I 0
ciInstanceKlass java/lang/invoke/LambdaForm 1 1 1060 7 1 100 1 10 7 12 1 1 1 9 12 1 1 9 12 1 9 12 1 9 12 1 1 9 12 1 1 9 12 1 1 9 12 1 1 9 12 1 1 9 12 1 10 7 12 1 1 9 12 1 10 12 1 1 100 1 10 10 12 1 1 10 12 1 10 12 1 10 12 1 1 10 12 1 9 12 1 9 12 1 10 12 1 1 10 7 12 1 1 1 10 12 1 1 9 100 12 1 1 1 10 12 1 1 9 7 12 1 1 10 12 1 10 12 1 1 10 12 1 1 10 12 1 1 7 1 10 7 12 1 1 1 10 12 1 1 10 12 1 10 12 1 1 9 12 1 1 9 12 1 9 12 1 1 10 12 1 9 12 1 10 100 12 1 1 1 10 12 1 1 7 1 10 12 1 9 12 1 1 10 7 12 1 1 1 10 12 1 10 12 1 7 1 10 12 1 10 12 1 10 12 1 1 10 12 1 1 10 12 1 10 12 1 10 12 1 10 12 1 1 8 1 10 12 1 10 12 1 10 10 12 1 8 1 8 1 9 12 1 9 12 1 1 10 12 1 1 10 12 1 9 12 1 10 12 1 1 10 7 12 1 1 1 10 12 1 1 10 12 1 10 12 1 10 100 12 1 1 1 9 12 1 10 12 1 8 1 8 1 8 1 8 1 8 1 8 1 8 1 8 1 10 12 1 9 12 1 7 1 10 12 1 1 9 12 1 10 12 1 10 12 1 1 10 12 10 12 1 10 12 1 1 10 12 1 1 10 10 12 1 1 10 12 1 1 7 1 8 1 10 12 1 1 10 12 1 10 12 1 1 10 8 1 10 12 1 1 8 1 8 1 8 1 10 12 1 10 12 1 10 12 1 1 100 1 10 12 1 1 10 12 1 1 10 7 12 1 1 1 10 12 1 1 9 12 1 1 8 1 10 100 12 1 1 1 10 7 12 1 1 10 12 10 12 1 1 10 12 1 1 9 12 1 8 10 12 1 1 100 1 10 12 1 1 10 12 1 9 7 12 1 1 9 7 12 1 1 1 8 1 10 100 12 1 1 10 12 1 1 7 1 7 1 10 10 12 1 1 10 12 1 1 8 1 8 1 7 1 8 1 10 12 10 12 1 10 12 1 10 12 1 1 8 1 8 1 10 12 1 10 12 1 1 8 1 8 1 8 1 7 1 8 1 7 1 8 1 7 1 8 1 10 12 1 8 1 9 10 7 12 1 1 1 10 12 1 9 12 1 1 10 12 1 10 10 12 1 10 12 1 10 12 1 10 12 1 1 10 12 1 10 12 1 1 10 12 1 1 10 12 1 1 10 12 1 1 8 1 100 10 12 1 10 12 1 9 12 1 1 10 7 12 1 1 8 1 8 1 7 1 8 1 8 1 8 1 8 1 8 1 8 1 8 1 8 1 10 12 1 1 10 12 1 1 10 12 1 10 12 1 10 12 1 10 12 1 8 1 8 1 8 1 10 12 1 8 1 10 12 1 8 1 8 1 8 1 8 1 8 1 10 12 1 10 12 1 10 12 1 1 10 7 12 1 1 1 10 12 1 10 12 1 10 12 1 10 12 1 10 12 1 10 12 1 10 12 1 9 12 1 1 8 1 10 12 1 1 9 12 1 1 10 12 1 1 9 12 1 9 12 1 1 9 12 1 9 12 1 1 7 1 10 7 12 1 1 1 9 12 1 10 12 1 10 12 1 8 1 10 12 1 9 12 1 1 7 1 10 7 12 1 1 1 8 1 100 1 10 12 1 9 12 1 9 12 1 10 12 1 10 12 1 10 7 12 1 1 1 10 12 1 9 7 12 1 1 10 12 1 1 10 12 1 10 12 1 10 12 1 9 12 10 12 1 10 10 12 1 9 12 1 9 9 12 1 7 9 12 1 1 10 12 1 1 9 12 1 10 12 1 10 7 1 9 1 1 1 1 3 1 3 1 1 3 1 3 1 1 1 1 1 1 1 1 1 1 1 1 1 1 1 1 1 1 1 1 1 1 1 1 1 1 1 1 1 1 1 1 1 1 1 1 1 1 1 1 1 1 1 1 1 1 1 1 1 1 1 100 1 1 1 1 1 1 1 1 1 1 1 1 1 1 1 1 1 1 1 1 1 1 1 1 1 1 1 1 1 1 1 1 1 1 1 1 1 1 1 1 1 1 1 1 1 1 1 1 1 1 1 1 1 1 1 1 1 1 1 1 1 1 1 100 1 1 1 1 1 1 1 1 1 1 1 1 1 1 1 1 1 1 1 1 1 1 1 1 1 1 1 1 1 1 1 1 1 1 7 1 1 1 1 1 1 1 1 1 1 1 1 1 1 1 1 1 1 1 1 1 1 100 1 1 1 100 1 1 7 1 1 1 1 1 1 1 1 1 1 1
staticfield java/lang/invoke/LambdaForm DEFAULT_CUSTOMIZED Ljava/lang/invoke/MethodHandle; null
staticfield java/lang/invoke/LambdaForm DEFAULT_KIND Ljava/lang/invoke/LambdaForm$Kind; java/lang/invoke/LambdaForm$Kind
staticfield java/lang/invoke/LambdaForm COMPILE_THRESHOLD I 0
staticfield java/lang/invoke/LambdaForm INTERNED_ARGUMENTS [[Ljava/lang/invoke/LambdaForm$Name; 5 [[Ljava/lang/invoke/LambdaForm$Name;
staticfield java/lang/invoke/LambdaForm IMPL_NAMES Ljava/lang/invoke/MemberName$Factory; java/lang/invoke/MemberName$Factory
staticfield java/lang/invoke/LambdaForm LF_identity [Ljava/lang/invoke/LambdaForm; 6 [Ljava/lang/invoke/LambdaForm;
staticfield java/lang/invoke/LambdaForm LF_zero [Ljava/lang/invoke/LambdaForm; 6 [Ljava/lang/invoke/LambdaForm;
staticfield java/lang/invoke/LambdaForm NF_identity [Ljava/lang/invoke/LambdaForm$NamedFunction; 6 [Ljava/lang/invoke/LambdaForm$NamedFunction;
staticfield java/lang/invoke/LambdaForm NF_zero [Ljava/lang/invoke/LambdaForm$NamedFunction; 6 [Ljava/lang/invoke/LambdaForm$NamedFunction;
staticfield java/lang/invoke/LambdaForm createFormsLock Ljava/lang/Object; java/lang/Object
staticfield java/lang/invoke/LambdaForm DEBUG_NAME_COUNTERS Ljava/util/HashMap; null
staticfield java/lang/invoke/LambdaForm DEBUG_NAMES Ljava/util/HashMap; null
staticfield java/lang/invoke/LambdaForm TRACE_INTERPRETER Z 0
staticfield java/lang/invoke/LambdaForm $assertionsDisabled Z 1
ciInstanceKlass java/lang/invoke/MemberName 1 1 728 7 1 7 1 100 1 9 12 1 1 10 7 12 1 1 1 9 12 1 1 10 12 1 1 10 12 1 1 10 12 1 1 10 12 1 10 12 1 1 10 7 12 1 1 1 10 12 1 9 7 12 1 1 10 12 1 7 1 7 1 10 12 1 8 1 10 12 1 1 10 12 1 10 12 1 1 10 12 1 9 12 1 1 8 1 10 100 12 1 1 1 7 1 10 10 12 1 1 7 1 7 1 10 12 1 9 12 1 1 100 1 8 1 10 12 1 10 12 1 10 12 1 10 12 1 10 12 1 1 10 12 1 10 12 1 10 12 1 1 8 1 8 1 10 12 1 8 1 9 12 1 1 3 10 12 1 10 12 1 10 12 1 10 10 7 12 1 1 1 10 12 1 10 12 1 10 12 1 10 12 1 7 1 8 10 12 1 1 10 12 1 1 8 1 9 7 1 8 9 7 1 10 12 1 1 10 12 1 10 12 1 8 1 10 12 1 1 10 12 1 10 12 1 10 12 1 10 12 1 1 7 1 10 12 1 1 10 12 1 8 1 10 12 1 10 12 1 8 1 10 12 1 1 10 12 1 1 7 1 10 12 1 1 10 12 8 1 8 1 7 1 10 12 1 10 100 12 1 1 1 100 1 10 12 10 12 1 10 12 1 10 12 1 10 12 1 10 10 12 1 10 12 1 10 12 1 3 10 12 1 3 10 12 1 3 3 3 3 3 3 10 12 1 3 9 12 1 10 12 1 1 3 10 12 1 10 10 7 12 1 1 1 10 12 1 1 10 7 12 1 1 10 10 12 1 10 12 1 1 10 12 1 10 10 12 1 1 10 12 1 10 12 1 10 12 1 7 1 10 10 10 12 100 1 10 10 10 12 1 1 10 12 1 1 10 10 12 1 8 10 7 1 10 12 1 10 7 1 10 12 1 10 12 1 10 12 1 10 10 12 1 10 12 1 1 10 12 1 1 10 12 1 10 12 1 10 12 1 100 1 10 12 1 1 100 1 8 1 10 7 1 10 12 1 10 12 10 12 1 1 10 12 1 10 12 1 8 1 8 1 8 1 8 1 10 12 1 10 12 1 10 7 12 1 1 1 8 1 8 1 10 12 1 8 1 10 10 10 12 1 10 12 1 8 1 8 1 10 10 12 1 8 1 10 100 12 1 1 1 8 1 100 1 10 12 1 10 12 1 1 10 12 1 8 1 8 1 8 1 8 1 100 1 10 8 1 8 1 8 1 8 1 10 12 1 100 1 100 1 100 1 10 100 1 10 7 1 10 7 12 1 1 1 9 7 12 1 1 1 7 1 7 1 1 1 1 1 1 1 3 1 3 1 3 1 3 1 3 1 3 1 1 1 1 1 1 1 1 3 1 3 1 1 1 1 1 1 1 1 1 1 1 1 1 1 1 1 1 1 1 1 1 1 1 1 1 1 1 1 1 1 1 1 1 1 1 1 1 1 1 1 1 1 1 1 1 1 1 1 1 1 1 1 1 1 1 1 1 1 1 1 1 1 1 1 1 1 1 1 1 1 1 1 1 1 1 1 1 1 1 1 1 1 1 1 1 1 1 1 1 1 1 1 1 1 1 1 1 1 1 7 1 1 1 1 1 1 1 1 1 1 1 1 1 1 1 1
staticfield java/lang/invoke/MemberName $assertionsDisabled Z 1
instanceKlass java/lang/invoke/VarHandleReferences$Array
instanceKlass java/lang/invoke/VarHandleLongs$Array
instanceKlass java/lang/invoke/VarHandleBooleans$FieldInstanceReadOnly
instanceKlass java/lang/invoke/VarHandleLongs$FieldInstanceReadOnly
instanceKlass java/lang/invoke/VarHandleReferences$FieldInstanceReadOnly
instanceKlass java/lang/invoke/VarHandleInts$FieldInstanceReadOnly
instanceKlass java/lang/invoke/VarHandleByteArrayAsDoubles$ByteArrayViewVarHandle
instanceKlass java/lang/invoke/VarHandleByteArrayAsLongs$ByteArrayViewVarHandle
instanceKlass java/lang/invoke/VarHandleByteArrayAsFloats$ByteArrayViewVarHandle
instanceKlass java/lang/invoke/VarHandleByteArrayAsInts$ByteArrayViewVarHandle
instanceKlass java/lang/invoke/VarHandleByteArrayAsChars$ByteArrayViewVarHandle
instanceKlass java/lang/invoke/VarHandleByteArrayAsShorts$ByteArrayViewVarHandle
ciInstanceKlass java/lang/invoke/VarHandle 1 1 474 10 7 12 1 1 1 10 7 12 1 1 9 12 1 1 9 12 1 1 10 12 1 1 8 1 10 12 1 1 10 7 12 1 1 1 10 12 1 1 10 7 12 1 1 1 9 100 12 1 1 1 10 12 1 1 10 7 12 1 1 1 10 12 1 1 9 12 1 10 12 1 9 12 1 1 10 100 12 1 1 10 12 1 9 100 12 1 1 1 9 12 1 1 10 12 1 1 100 1 7 1 10 8 1 10 12 1 1 10 12 1 8 1 10 12 1 10 12 1 9 12 1 1 9 12 1 10 12 1 10 12 1 1 10 12 1 10 10 100 12 1 1 1 10 12 1 1 10 12 1 1 10 7 12 1 1 1 10 100 12 1 1 1 10 100 12 1 1 1 9 12 1 1 9 10 12 1 10 12 1 1 10 12 1 1 10 12 1 10 7 12 1 1 1 9 12 1 1 10 12 1 1 9 12 1 10 12 1 10 12 1 10 7 12 1 1 100 1 10 9 7 12 1 1 1 9 12 1 1 10 7 12 1 1 1 10 12 1 10 12 1 10 12 1 10 12 1 10 12 1 10 12 1 1 8 10 12 1 1 7 1 10 12 1 1 7 1 1 1 1 1 1 1 1 1 1 1 1 1 1 1 1 1 1 1 1 1 1 1 1 1 1 1 1 1 1 1 1 1 1 1 1 1 1 1 1 1 1 1 1 1 1 1 1 1 1 1 1 1 1 1 1 1 1 1 1 1 1 1 1 1 100 1 1 1 1 1 1 1 1 100 1 1 1 1 1 1 1 1 1 1 1 1 100 1 100 1 1 100 1 100 1 100 1 100 1 100 1 100 1 100 1 100 1 100 1 100 1 100 1 100 1 100 1 100 1 100 1 100 1 100 1 100 1 100 1 100 1 100 1 100 1 100 1 100 1 100 1 100 1 100 1 100 1 100 1 100 1 100 1 100 1 100 1 100 1 100 1 100 1 1 1 1 1 1 100 1 1 1 100 1 1 100 1 100 1 100 1 100 1 100 1 100 1 1 1 1 100 1 100 1 100 1 100 1 100 1 100 1 100 1 100 1
staticfield java/lang/invoke/VarHandle VFORM_OFFSET J 16
staticfield java/lang/invoke/VarHandle $assertionsDisabled Z 1
ciInstanceKlass java/lang/Iterable 1 1 62 10 7 12 1 1 1 11 7 12 1 1 1 11 7 12 1 1 1 11 12 1 1 11 7 12 1 1 1 10 7 12 1 1 1 100 1 1 1 1 1 1 1 1 1 1 1 1 1 1 1 1 1 1 1 1 1 1 1 1 1 1
instanceKlass jdk/internal/reflect/DirectMethodHandleAccessor
ciInstanceKlass jdk/internal/reflect/MethodAccessorImpl 1 1 38 10 7 12 1 1 1 10 100 12 1 1 1 100 1 1 1 1 1 1 1 100 1 100 1 1 1 1 1 1 1 1 1 1 1 1 1 1
ciInstanceKlass jdk/internal/reflect/MethodAccessor 1 0 17 100 1 100 1 1 1 1 100 1 100 1 1 1 1 1 1
instanceKlass jdk/internal/reflect/FieldAccessorImpl
instanceKlass jdk/internal/reflect/ConstructorAccessorImpl
instanceKlass jdk/internal/reflect/MethodAccessorImpl
ciInstanceKlass jdk/internal/reflect/MagicAccessorImpl 1 1 16 10 7 12 1 1 1 100 1 1 1 1 1 1 1 1
ciInstanceKlass jdk/internal/reflect/DelegatingClassLoader 0 0 18 10 100 12 1 1 1 100 1 1 1 1 1 1 1 1 1 1
ciInstanceKlass jdk/internal/reflect/CallerSensitive 0 0 17 100 1 100 1 100 1 1 1 1 1 1 1 1 1 1 1
ciInstanceKlass jdk/internal/reflect/DirectConstructorHandleAccessor$NativeAccessor 1 1 44 10 7 12 1 1 1 9 7 12 1 1 1 10 12 1 1 1 1 1 1 1 1 1 1 1 1 1 1 1 1 1 100 1 100 1 1 1 1 1 100 1 1 1
ciInstanceKlass jdk/internal/reflect/ConstructorAccessor 1 0 16 100 1 100 1 1 1 1 100 1 100 1 100 1 1 1
instanceKlass jdk/internal/reflect/DirectConstructorHandleAccessor
instanceKlass jdk/internal/reflect/SerializationConstructorAccessorImpl
instanceKlass jdk/internal/reflect/DirectConstructorHandleAccessor$NativeAccessor
ciInstanceKlass jdk/internal/reflect/ConstructorAccessorImpl 1 1 27 10 7 12 1 1 1 100 1 100 1 1 1 1 1 1 1 1 1 100 1 100 1 100 1 1 1
ciInstanceKlass jdk/internal/reflect/SerializationConstructorAccessorImpl 0 0 16 10 100 12 1 1 1 100 1 1 1 1 1 1 1 1
ciInstanceKlass jdk/internal/reflect/ConstantPool 1 1 142 10 7 12 1 1 1 9 7 12 1 1 1 10 12 1 1 10 12 1 1 10 12 1 10 12 1 1 10 12 1 1 10 12 1 10 12 1 1 10 12 1 10 12 1 1 10 12 1 10 12 1 10 12 1 10 12 1 1 10 12 1 1 10 12 1 1 10 12 1 1 10 12 1 10 12 1 1 10 100 12 1 1 1 8 11 7 12 1 1 1 10 7 12 1 1 1 1 1 1 1 1 1 1 1 1 1 1 1 1 1 1 1 1 1 1 1 1 1 1 1 1 1 1 1 1 1 1 1 1 1 1 1 1 1 1 1 1 1 1 1 1
instanceKlass java/lang/invoke/VolatileCallSite
instanceKlass java/lang/invoke/MutableCallSite
instanceKlass java/lang/invoke/ConstantCallSite
ciInstanceKlass java/lang/invoke/CallSite 1 1 308 10 7 12 1 1 1 10 7 12 1 1 1 9 7 12 1 1 1 10 12 1 1 9 12 1 1 10 7 12 1 1 1 10 12 1 7 1 10 12 1 1 10 12 1 1 9 100 12 1 1 1 10 7 12 1 1 10 12 1 1 100 1 7 1 10 10 7 12 1 1 1 10 12 1 1 8 1 10 12 1 10 12 1 1 10 12 1 10 12 1 1 10 12 1 1 10 10 100 12 1 1 10 12 1 1 9 12 1 9 100 12 1 1 1 8 1 10 7 12 1 1 1 10 12 1 1 7 1 10 12 1 1 9 12 1 8 1 100 1 10 12 1 10 12 1 100 1 8 1 10 10 12 1 10 12 1 1 100 1 10 12 1 1 10 12 1 10 12 1 10 12 1 1 10 12 1 1 9 12 1 1 8 10 12 1 1 9 12 1 1 100 1 10 10 12 1 10 7 12 1 1 1 10 12 1 1 10 12 1 1 10 12 1 10 7 12 1 1 1 7 1 8 1 10 10 12 10 12 1 1 7 1 7 1 7 1 8 1 10 12 1 10 7 12 1 1 1 1 1 1 1 1 1 1 1 1 1 1 1 1 1 1 1 1 1 1 1 1 1 1 1 1 1 1 1 1 1 1 1 1 1 1 1 1 1 1 1 1 1 1 1 1 1 1 1 1 1 1 1 1 7 1 7 1 1 1 1
staticfield java/lang/invoke/CallSite $assertionsDisabled Z 1
ciInstanceKlass java/lang/invoke/ConstantCallSite 1 1 65 10 7 12 1 1 1 9 7 12 1 1 1 9 12 1 1 10 7 12 1 1 1 10 12 1 100 1 10 12 9 12 1 1 100 1 10 10 12 1 1 10 12 1 1 1 1 1 1 1 1 1 1 1 1 1 100 1 1 1 1 1 1 1 1
staticfield java/lang/invoke/ConstantCallSite UNSAFE Ljdk/internal/misc/Unsafe; jdk/internal/misc/Unsafe
instanceKlass java/lang/invoke/DirectMethodHandle$Special
instanceKlass java/lang/invoke/DirectMethodHandle$StaticAccessor
instanceKlass java/lang/invoke/DirectMethodHandle$Interface
instanceKlass java/lang/invoke/DirectMethodHandle$Constructor
instanceKlass java/lang/invoke/DirectMethodHandle$Accessor
ciInstanceKlass java/lang/invoke/DirectMethodHandle 1 1 923 7 1 7 1 100 1 7 1 7 1 10 7 12 1 1 1 10 7 12 1 1 1 7 1 10 12 1 10 12 1 1 10 7 12 1 1 10 12 1 1 10 12 1 10 12 1 7 1 10 12 1 1 10 12 1 1 10 12 1 10 12 1 1 10 7 12 1 1 1 10 12 1 9 12 1 1 100 1 10 9 12 1 1 9 12 1 10 12 1 10 12 1 10 12 1 1 10 12 1 10 12 1 10 12 1 10 7 12 1 1 1 10 12 1 10 12 1 1 8 1 10 12 1 1 7 1 10 12 1 7 1 10 10 12 1 10 12 1 10 12 1 10 7 12 1 1 1 10 12 1 1 7 1 10 12 1 10 12 1 7 1 10 12 1 10 12 1 1 10 12 1 1 10 12 8 10 7 12 1 1 1 10 12 1 10 12 1 10 12 1 1 10 12 1 9 7 12 1 1 1 7 1 10 12 1 10 7 12 1 1 1 10 12 1 10 12 1 1 9 12 1 1 7 1 10 8 1 10 12 1 1 10 12 1 1 8 1 10 12 1 10 12 1 10 10 12 1 10 12 1 10 12 1 10 12 1 10 12 1 1 10 12 1 10 12 1 1 10 12 1 10 12 1 1 10 10 7 12 1 1 1 10 12 1 10 12 1 1 10 12 1 10 12 1 1 8 1 9 7 12 1 1 1 8 1 9 12 1 9 12 1 8 1 9 12 1 9 12 1 8 1 9 12 1 9 12 1 8 1 10 12 1 10 12 1 1 9 12 1 1 7 1 10 12 1 1 7 1 10 7 12 1 1 1 10 12 1 1 10 12 1 10 12 1 1 7 1 10 12 1 1 10 12 1 10 12 1 1 7 1 10 12 1 1 10 12 1 10 7 12 1 1 1 10 12 1 10 12 1 1 10 12 1 9 12 1 1 10 7 1 9 12 9 12 1 10 7 12 1 1 1 10 12 1 7 1 7 1 7 1 9 12 1 1 10 7 12 1 1 1 10 12 10 12 1 7 1 10 12 1 10 12 1 1 8 1 9 12 1 9 12 1 10 12 1 1 9 12 1 1 10 7 12 1 1 1 9 12 1 1 9 12 1 1 10 12 1 10 12 1 10 12 1 10 12 1 1 10 12 1 9 12 1 10 12 1 10 12 1 10 12 1 10 12 1 1 10 12 1 1 9 12 1 1 10 12 1 1 9 7 12 1 1 1 9 12 1 9 12 1 9 12 1 9 12 1 9 12 1 9 12 1 9 12 1 9 12 1 9 12 1 9 12 1 9 12 1 9 12 1 9 12 1 9 12 1 9 12 1 9 12 1 9 12 1 9 12 1 9 12 1 9 12 1 9 12 1 9 12 1 9 12 1 9 12 1 9 12 1 9 12 1 9 12 1 9 12 1 9 12 1 9 12 1 9 12 1 9 12 1 9 12 1 9 12 1 9 12 1 9 12 1 8 1 9 12 1 1 9 12 1 1 10 12 1 10 12 1 1 9 7 1 10 12 1 9 12 1 1 10 12 10 12 1 10 12 1 10 12 1 10 12 1 10 8 1 8 1 8 1 8 1 10 12 1 1 9 12 1 1 10 12 1 10 100 12 1 1 1 8 9 12 1 1 10 12 1 1 8 1 8 8 9 12 1 8 1 8 8 8 8 8 1 8 10 12 1 7 1 10 12 1 8 1 8 1 10 12 1 10 12 1 10 12 1 10 12 1 1 7 1 1 1 1 3 1 3 1 3 1 3 1 3 1 3 1 3 1 3 1 3 1 3 1 1 1 1 1 1 1 1 1 1 3 1 3 1 1 1 1 3 1 1 1 1 1 1 1 1 1 1 1 1 1 1 1 1 1 1 1 1 1 1 1 1 1 1 1 1 1 1 1 1 1 1 1 1 1 1 1 1 1 1 1 1 1 1 1 1 1 1 1 1 1 1 1 1 1 1 100 1 1 1 1 1 1 1 1 1 100 1 1 1 1 1 1 1 1 1 1 1 1 1 1 1 1 1 1 1 1 1 1 1 1 1 1 1 1 1 1 1 1 1 1 1 1 1 1 1 1 1 1 1 1 1 1 1 1 1 1 1 1
staticfield java/lang/invoke/DirectMethodHandle IMPL_NAMES Ljava/lang/invoke/MemberName$Factory; java/lang/invoke/MemberName$Factory
staticfield java/lang/invoke/DirectMethodHandle FT_UNCHECKED_REF I 8
staticfield java/lang/invoke/DirectMethodHandle ACCESSOR_FORMS [Ljava/lang/invoke/LambdaForm; 132 [Ljava/lang/invoke/LambdaForm;
staticfield java/lang/invoke/DirectMethodHandle ALL_WRAPPERS [Lsun/invoke/util/Wrapper; 10 [Lsun/invoke/util/Wrapper;
staticfield java/lang/invoke/DirectMethodHandle NFS [Ljava/lang/invoke/LambdaForm$NamedFunction; 12 [Ljava/lang/invoke/LambdaForm$NamedFunction;
staticfield java/lang/invoke/DirectMethodHandle OBJ_OBJ_TYPE Ljava/lang/invoke/MethodType; java/lang/invoke/MethodType
staticfield java/lang/invoke/DirectMethodHandle LONG_OBJ_TYPE Ljava/lang/invoke/MethodType; java/lang/invoke/MethodType
staticfield java/lang/invoke/DirectMethodHandle $assertionsDisabled Z 1
ciInstanceKlass java/lang/invoke/MutableCallSite 0 0 63 10 100 12 1 1 1 10 12 1 9 100 12 1 1 1 10 12 1 10 12 1 1 9 12 1 1 10 100 12 1 1 1 10 100 12 1 1 1 10 12 1 1 1 1 1 1 1 1 1 1 1 1 1 1 1 1 1 1 100 1 1 1
ciInstanceKlass java/lang/invoke/VolatileCallSite 0 0 37 10 100 12 1 1 1 10 12 1 10 100 12 1 1 1 10 12 1 10 12 1 1 1 1 1 1 1 1 1 1 1 1 1 1 1 1
ciInstanceKlass java/lang/invoke/ResolvedMethodName 1 1 25 10 100 12 1 1 1 9 7 12 1 1 1 1 1 1 1 1 1 1 1 1 1 1 1
ciInstanceKlass java/lang/invoke/MethodHandleNatives 1 1 694 100 1 10 7 12 1 1 1 9 7 12 1 1 1 10 12 1 1 100 1 10 10 12 1 1 10 12 1 10 12 1 8 1 8 1 8 1 8 1 8 1 8 1 8 1 8 1 8 1 8 1 10 12 1 1 7 1 10 7 12 1 1 1 10 7 12 1 1 1 7 1 10 10 12 1 1 8 1 10 12 1 8 1 10 12 1 1 8 1 10 12 1 1 9 7 12 1 1 1 8 1 10 100 12 1 1 1 7 1 10 12 100 1 100 1 8 1 7 1 10 10 12 1 7 1 9 7 12 1 1 10 12 1 1 10 12 1 10 7 12 1 1 1 10 12 1 1 9 12 1 8 1 10 12 1 1 10 12 1 8 1 10 12 1 1 7 1 10 12 1 10 7 12 1 1 1 10 12 1 10 12 1 1 10 12 1 1 8 1 10 12 1 1 8 1 10 12 1 8 1 8 1 8 1 7 1 10 12 1 8 1 10 7 12 1 1 1 10 12 1 1 10 7 12 1 1 10 10 12 1 1 10 12 1 10 100 12 1 1 1 100 1 8 1 10 100 12 1 1 1 7 1 8 1 10 12 1 8 1 8 1 8 1 8 1 8 1 10 12 1 1 10 12 1 1 10 12 1 10 12 1 1 10 12 1 1 7 1 10 12 1 7 1 7 1 10 12 1 10 12 1 8 1 8 1 10 10 12 1 1 10 12 1 1 8 1 10 7 12 1 1 8 1 8 1 10 12 1 1 10 7 12 1 1 1 100 1 10 12 1 1 7 1 9 12 1 1 10 7 12 1 1 1 10 10 12 1 9 12 1 10 12 1 9 12 1 9 12 1 10 12 1 1 10 12 1 10 12 1 1 7 1 7 1 10 12 1 1 10 12 1 10 12 1 1 10 7 12 1 1 1 10 12 1 8 1 10 12 1 10 12 1 10 12 1 1 10 12 1 10 7 12 1 1 1 10 12 1 1 100 1 8 1 10 9 7 12 1 1 1 10 12 1 1 10 12 1 1 7 1 10 12 1 1 10 12 1 1 100 1 100 1 10 10 100 1 100 1 10 100 1 10 10 12 1 1 10 7 1 10 12 1 10 12 1 1 10 12 1 1 10 12 1 1 10 12 1 10 12 1 1 10 8 1 10 12 1 10 12 1 10 12 1 10 12 1 10 12 1 1 10 12 1 10 12 1 10 12 1 10 10 7 12 1 1 10 12 1 1 1 1 1 1 1 1 1 1 1 1 1 7 1 1 1 1 1 1 1 1 1 1 1 1 1 1 1 1 1 1 1 1 1 1 1 1 1 1 1 1 1 1 1 1 1 1 1 1 1 1 1 1 1 1 1 1 1 1 1 1 1 1 1 1 1 1 1 1 1 1 1 1 1 1 1 1 1 100 1 1 1 1 1 1 1 1 1 1 1 1 1 1 1 1 1 1 1 1 1 1 1 1 1 1 1 1 1 1 1 1 1 1 1 100 1 1 1 1 1 1 1 1 1 1 1 1 1 1 1 1 1 1 1 1 1 1 1 1 1 1 1 1 7 1 1 1 1 1 1 1 100 1 1 1
staticfield java/lang/invoke/MethodHandleNatives $assertionsDisabled Z 1
ciInstanceKlass java/lang/invoke/MethodHandleNatives$CallSiteContext 1 1 49 10 7 12 1 1 1 7 1 10 10 7 12 1 1 1 10 7 12 1 1 1 10 7 12 1 1 1 100 1 1 1 1 1 1 1 1 1 1 1 1 1 1 1 1 1 100 1 1
ciInstanceKlass jdk/internal/foreign/abi/NativeEntryPoint 0 0 199 10 7 12 1 1 1 9 7 12 1 1 1 9 12 1 1 100 1 8 1 10 12 1 10 12 1 1 100 1 10 100 12 1 1 1 10 12 1 9 12 1 1 18 12 1 1 10 100 12 1 1 1 10 7 12 1 1 1 9 7 12 1 1 1 7 1 10 8 1 10 12 1 1 10 12 1 10 12 1 1 8 1 10 12 1 1 7 1 8 1 10 12 1 10 12 1 1 7 1 8 1 10 10 12 1 9 12 1 1 18 12 1 1 10 100 12 1 1 1 10 12 1 1 10 12 1 10 100 12 1 1 1 10 1 1 1 1 1 1 1 1 1 1 1 1 1 1 1 1 1 1 1 1 1 1 1 1 1 1 1 1 1 1 1 1 1 1 1 1 1 16 1 15 10 12 16 1 16 15 10 12 15 10 100 12 1 1 1 1 1 100 1 1 100 1 100 1 1
ciInstanceKlass jdk/internal/foreign/abi/ABIDescriptor 0 0 55 10 100 12 1 1 1 9 100 12 1 1 1 9 12 1 1 9 12 1 9 12 1 9 12 1 1 9 12 1 9 12 1 1 9 12 1 9 12 1 9 12 1 9 12 1 1 1 1 1 1 1 1 1 1
ciInstanceKlass jdk/internal/foreign/abi/VMStorage 0 0 91 10 7 12 1 1 1 9 7 12 1 1 1 9 12 1 1 9 12 1 1 9 12 1 1 7 1 10 8 1 10 12 1 1 10 12 1 10 12 1 1 10 12 1 18 12 1 18 12 1 1 18 12 1 1 1 1 1 1 1 1 1 1 1 1 1 1 1 1 1 1 1 8 1 15 15 15 15 15 10 100 12 1 1 1 1 100 1 100 1 1
ciInstanceKlass jdk/internal/foreign/abi/UpcallLinker$CallRegs 0 0 66 10 7 12 1 1 1 9 7 12 1 1 1 9 12 1 18 12 1 1 18 12 1 1 18 12 1 1 1 1 1 1 1 1 1 1 1 1 1 1 1 1 1 1 100 1 1 1 8 1 15 15 15 10 100 12 1 1 1 1 1 100 1 100 1 1
instanceKlass java/lang/StackFrameInfo
ciInstanceKlass java/lang/ClassFrameInfo 1 1 126 10 7 12 1 1 1 9 7 12 1 1 1 7 1 3 9 12 1 1 9 12 1 1 7 1 9 12 1 1 3 11 100 12 1 1 1 11 12 1 10 12 1 1 10 12 1 1 10 12 1 100 1 10 10 12 1 1 8 1 8 1 10 12 7 1 10 10 12 1 1 8 1 10 12 1 8 1 10 12 8 1 10 12 1 10 7 12 1 1 1 7 1 1 1 1 1 1 1 1 1 1 1 1 1 1 1 1 1 1 1 1 1 1 1 1 1 1 1 7 1 1 1 1 1 1
staticfield java/lang/ClassFrameInfo JLIA Ljdk/internal/access/JavaLangInvokeAccess; java/lang/invoke/MethodHandleImpl$1
ciInstanceKlass java/lang/StackWalker$StackFrame 1 1 41 100 1 10 12 1 1 100 1 100 1 1 1 1 1 1 1 1 1 1 1 1 1 1 1 1 1 1 1 1 1 1 1 1 1 1 1 100 1 1 1
ciInstanceKlass java/lang/StackWalker 1 1 259 9 7 12 1 1 1 10 7 12 1 1 1 7 1 10 7 12 1 1 1 10 12 1 1 11 7 12 1 1 1 10 12 1 1 10 12 1 1 10 12 1 1 100 1 8 1 10 12 1 10 12 1 10 12 1 10 7 12 1 1 9 12 1 1 9 12 1 1 9 12 1 1 9 12 1 1 10 12 1 1 9 12 1 1 9 12 1 1 9 12 1 1 10 7 12 1 1 1 11 12 1 1 100 1 8 1 10 10 7 12 1 1 9 12 1 1 10 12 1 1 10 7 12 1 1 1 10 7 12 1 1 1 18 12 1 1 100 1 8 1 10 8 1 10 12 1 1 10 100 12 1 1 1 10 12 1 1 10 12 1 9 7 12 1 1 11 100 12 1 1 1 10 12 1 1 1 1 1 1 1 1 1 1 1 1 1 1 1 1 1 1 1 1 1 1 1 1 1 1 1 1 1 1 1 1 1 1 1 1 1 1 1 1 1 1 1 1 1 1 1 1 1 1 1 1 1 1 1 1 1 1 7 1 1 16 15 10 12 16 1 15 10 100 12 1 1 1 1 1 1 1 1 1 100 1 100 1 1
staticfield java/lang/StackWalker DEFAULT_EMPTY_OPTION Ljava/util/EnumSet; java/util/RegularEnumSet
staticfield java/lang/StackWalker DEFAULT_WALKER Ljava/lang/StackWalker; java/lang/StackWalker
instanceKlass java/lang/LiveStackFrameInfo
ciInstanceKlass java/lang/StackFrameInfo 1 1 150 10 7 12 1 1 1 9 7 12 1 1 1 9 12 1 1 11 7 12 1 1 1 10 12 1 1 10 7 12 1 1 1 9 12 1 1 10 12 1 1 9 12 1 1 100 1 10 12 10 12 1 9 12 1 100 1 100 1 10 12 1 1 11 12 1 1 10 12 1 10 12 1 10 12 1 1 9 12 1 1 10 12 1 1 10 100 12 1 1 10 12 1 1 9 12 1 10 100 12 1 1 1 9 12 1 1 10 100 1 10 12 1 9 12 1 1 10 12 1 1 10 12 1 1 1 1 1 1 1 1 1 1 1 1 1 1 1 1 100 1 100 1 1 1 1 1 1 1 1
staticfield java/lang/StackFrameInfo $assertionsDisabled Z 1
ciInstanceKlass java/lang/LiveStackFrameInfo 0 0 97 10 7 12 1 1 1 9 7 12 1 1 1 9 12 1 9 12 1 9 12 1 9 12 1 1 7 1 10 12 1 1 10 12 1 8 1 10 12 1 1 8 1 8 1 8 1 10 100 1 10 12 1 100 1 10 12 1 7 1 7 1 1 1 3 1 3 1 1 1 1 1 1 1 1 1 1 1 1 1 1 1 1 1 1 1 1 1 1 1 1 1 1 1 100 1 1
ciInstanceKlass java/lang/LiveStackFrame 0 0 132 100 1 10 100 12 1 1 1 11 7 12 1 1 1 11 12 1 10 7 12 1 1 1 100 1 8 1 10 12 1 1 10 7 12 1 1 1 9 100 12 1 1 1 10 7 12 1 1 1 10 7 12 1 1 1 11 12 1 10 12 1 7 1 7 1 1 1 1 1 1 1 1 1 1 1 1 1 1 1 1 1 1 1 1 1 1 1 1 1 1 1 1 100 1 1 1 1 1 1 1 100 1 8 10 1 1 1 8 1 1 1 8 1 1 1 8 1 1 1 8 1 1 8 1 1 1 8 1 1 8 1
instanceKlass java/lang/StackStreamFactory$StackFrameTraverser
ciInstanceKlass java/lang/StackStreamFactory$AbstractStackWalker 1 1 364 7 1 7 1 3 10 7 12 1 1 1 10 7 12 1 1 10 7 12 1 1 1 9 12 1 1 9 12 1 1 9 12 1 1 9 12 1 9 12 1 10 7 12 1 1 1 10 12 1 1 10 7 12 1 1 9 12 1 1 9 12 1 1 10 12 1 1 9 12 1 1 10 7 12 1 1 1 10 12 1 1 9 12 1 1 9 7 12 1 1 1 7 1 10 8 1 10 12 1 1 10 12 1 8 1 10 12 1 1 10 100 12 1 1 1 100 1 8 1 10 12 1 8 1 10 12 10 7 12 1 1 9 12 1 1 8 1 5 0 8 1 8 1 9 12 1 1 10 12 1 1 18 12 1 1 10 7 12 1 1 1 10 12 1 1 10 12 1 10 12 1 9 7 12 1 1 1 10 12 1 1 9 12 1 10 12 1 10 12 1 10 12 1 10 12 1 10 12 1 10 12 1 1 8 1 10 12 1 10 12 1 10 12 1 10 12 1 1 8 1 10 12 1 1 10 12 1 1 10 12 1 1 10 12 1 10 12 1 10 12 1 9 12 1 8 1 10 12 1 8 1 10 12 1 10 12 1 1 10 12 1 10 12 1 10 12 1 1 10 12 1 10 12 1 10 12 1 10 12 1 10 12 1 10 12 1 1 10 12 1 10 12 1 10 12 1 10 12 1 8 1 1 1 1 1 1 1 1 1 1 1 1 1 7 1 1 1 1 1 1 7 1 1 1 1 7 1 1 1 1 1 1 1 1 1 1 1 1 1 1 1 1 1 1 16 15 15 10 100 12 1 1 1 1 1 1 1 1 100 1 100 1 1
ciInstanceKlass jdk/internal/module/Modules 1 1 507 10 7 12 1 1 1 9 7 12 1 1 1 11 7 12 1 1 1 11 12 1 1 11 12 1 1 11 12 1 1 11 12 1 11 12 1 11 12 1 11 12 1 11 12 1 11 12 1 1 10 7 12 1 1 1 10 100 12 1 1 1 18 12 1 1 10 7 12 1 1 1 7 1 10 7 12 1 1 1 10 100 12 1 1 1 10 100 12 1 1 10 12 1 1 11 12 1 9 12 1 1 11 7 12 1 1 1 10 12 1 1 10 10 12 1 10 9 12 1 1 10 7 12 1 1 10 12 1 1 10 7 12 1 1 100 1 11 100 12 1 1 1 10 100 12 1 1 1 11 100 12 1 1 10 12 1 1 10 100 12 1 1 10 100 12 1 1 1 10 12 1 1 10 12 1 1 11 12 1 1 18 12 1 1 11 100 12 1 1 10 100 12 1 1 1 11 100 12 1 1 1 7 1 11 12 1 1 11 7 12 1 1 1 11 12 1 1 10 12 1 1 10 100 12 1 1 18 12 1 1 11 12 1 1 18 12 1 1 11 12 1 1 10 12 1 18 18 10 12 1 1 9 12 1 1 11 7 12 1 1 1 100 1 10 11 12 1 11 12 1 1 11 12 1 1 10 100 1 10 12 1 1 10 100 12 1 1 10 12 1 1 11 12 10 12 1 1 7 1 10 18 12 1 10 12 1 1 7 1 8 1 10 12 1 10 100 12 1 1 18 12 1 11 11 12 10 12 1 10 10 100 1 18 12 1 10 10 10 7 12 1 1 10 7 12 1 1 1 10 12 1 1 1 1 1 1 1 1 1 1 1 1 1 1 1 1 1 1 1 1 1 1 1 1 1 1 1 1 1 1 1 1 1 100 1 1 1 1 1 1 1 1 1 1 1 1 1 1 1 1 1 1 1 1 1 1 1 1 1 1 1 1 1 1 1 1 1 1 1 7 1 1 1 1 1 1 1 1 1 1 1 1 1 1 1 1 1 1 1 1 1 1 1 16 15 10 12 1 16 16 15 10 12 1 16 1 16 1 15 10 12 1 16 1 16 1 15 10 12 16 1 15 10 16 1 15 10 12 16 1 15 10 12 16 15 10 12 16 15 10 12 15 10 100 12 1 1 1 1 1 1 100 1 100 1 1
staticfield jdk/internal/module/Modules JLA Ljdk/internal/access/JavaLangAccess; java/lang/System$2
staticfield jdk/internal/module/Modules JLMA Ljdk/internal/access/JavaLangModuleAccess; java/lang/module/ModuleDescriptor$1
staticfield jdk/internal/module/Modules $assertionsDisabled Z 1
instanceKlass org/springframework/beans/factory/support/ManagedList
instanceKlass javax/management/AttributeList
ciInstanceKlass java/util/ArrayList 1 1 509 10 7 12 1 1 1 7 1 9 7 12 1 1 1 9 12 1 100 1 7 1 10 8 1 10 12 1 1 10 12 1 10 12 1 1 10 12 1 9 12 1 11 7 12 1 1 1 9 12 1 1 11 12 1 1 7 10 7 12 1 1 1 9 12 1 10 12 1 10 12 1 1 10 7 12 1 1 1 10 7 12 1 1 1 10 12 1 1 10 12 1 1 10 12 1 1 10 12 1 10 12 1 1 100 1 7 1 10 12 1 10 10 7 12 1 1 1 10 7 12 1 1 10 12 1 100 1 10 10 12 10 12 1 1 10 12 1 1 10 12 1 10 12 10 12 1 1 7 1 10 12 1 1 10 12 1 1 10 12 1 100 1 10 11 12 1 1 11 7 12 1 1 1 11 12 1 10 12 1 10 12 1 10 12 1 1 100 1 10 12 1 1 10 10 12 1 1 10 12 1 8 1 8 1 8 1 8 1 10 12 1 1 10 12 1 1 11 12 1 7 1 10 100 12 1 1 10 12 1 10 12 1 1 10 100 12 1 1 10 12 1 10 100 12 1 1 1 11 100 12 1 1 1 10 12 1 100 1 8 1 10 7 1 10 12 1 7 1 10 12 1 10 12 1 1 7 1 10 12 1 10 12 1 1 11 7 12 1 1 7 1 10 12 1 10 12 1 1 11 7 12 1 1 10 12 1 1 10 12 1 1 10 12 1 1 10 12 1 1 11 100 12 1 1 10 12 1 1 7 1 7 1 7 1 1 1 1 5 0 1 3 1 1 1 1 1 1 1 1 1 1 1 1 1 1 1 1 1 1 1 1 1 1 1 1 1 1 1 1 1 1 1 1 1 1 1 1 1 1 1 1 1 1 1 1 1 1 1 1 1 1 1 1 1 1 1 1 1 1 1 1 1 1 1 1 1 1 1 1 1 1 1 1 1 1 1 1 1 1 1 1 1 1 1 1 1 1 1 1 1 1 1 1 1 1 1 1 1 1 1 1 1 1 1 1 100 1 1 1 1 7 1 1 1 1 1 1 1 1 1 1 1 1 1 1 1 1 1 1 1 1 1 1 1 1 1 1 1 1 1 100 1 1 1 1 1 1 1 1 1 1 1 1 1 1 1 1 1 1 100 1 100 1 1 1 1 1 1
staticfield java/util/ArrayList EMPTY_ELEMENTDATA [Ljava/lang/Object; 0 [Ljava/lang/Object;
staticfield java/util/ArrayList DEFAULTCAPACITY_EMPTY_ELEMENTDATA [Ljava/lang/Object; 0 [Ljava/lang/Object;
ciInstanceKlass java/util/SequencedCollection 1 1 104 100 1 10 12 1 1 11 7 12 1 1 1 11 7 12 1 1 1 11 12 1 1 11 12 1 7 1 7 1 1 1 1 1 1 1 1 1 1 1 1 1 1 1 1 1 1 1 1 1 1 1 1 1 1 1 1 1 100 1 8 1 12 10 1 1 8 1 1 1 8 1 1 8 1 1 1 8 1 1 8 1 1 1 8 1 1 8 1 8 1 1 8 1 1 1 8 1 1 8 1 1 8 1
ciInstanceKlass java/util/RandomAccess 1 0 7 100 1 100 1 1 1
instanceKlass com/fasterxml/jackson/databind/util/internal/LinkedDeque
instanceKlass tools/jackson/databind/util/internal/LinkedDeque
instanceKlass java/util/concurrent/ConcurrentLinkedDeque
instanceKlass java/util/AbstractQueue
instanceKlass java/util/IdentityHashMap$Values
instanceKlass java/util/LinkedHashMap$LinkedValues
instanceKlass java/util/TreeMap$Values
instanceKlass java/util/HashMap$Values
instanceKlass java/util/ArrayDeque
instanceKlass java/util/AbstractSet
instanceKlass java/util/ImmutableCollections$AbstractImmutableCollection
instanceKlass java/util/AbstractList
ciInstanceKlass java/util/AbstractCollection 1 1 160 10 7 12 1 1 1 10 7 12 1 1 1 10 12 1 1 11 7 12 1 1 1 11 12 1 1 10 12 1 1 10 100 12 1 1 1 10 12 1 1 10 12 1 1 10 7 12 1 1 10 7 12 1 1 1 7 1 10 7 12 1 1 1 10 100 12 1 1 1 100 1 10 11 12 1 11 7 1 10 12 1 10 12 1 10 7 12 1 1 1 11 8 1 7 1 10 10 12 1 1 8 1 10 12 1 10 12 1 1 1 1 1 1 1 1 1 1 1 1 1 1 1 1 1 1 1 1 1 1 1 1 1 1 1 1 1 1 1 1 1 1 1 1 1 1 1 1 1 1 1 1 1 1 1 1 1 1 1 1
instanceKlass java/util/Collections$CopiesList
instanceKlass java/util/Vector
instanceKlass java/util/AbstractSequentialList
instanceKlass sun/security/jca/ProviderList$3
instanceKlass java/util/Collections$SingletonList
instanceKlass java/util/Arrays$ArrayList
instanceKlass java/util/ArrayList$SubList
instanceKlass java/util/Collections$EmptyList
instanceKlass java/util/ArrayList
ciInstanceKlass java/util/AbstractList 1 1 218 10 7 12 1 1 1 9 7 12 1 1 1 10 12 1 1 10 12 1 1 100 1 10 10 12 1 1 11 7 12 1 1 1 11 12 1 1 11 12 1 10 7 12 1 1 1 10 12 1 11 12 1 11 12 1 11 12 1 10 12 1 1 10 12 1 1 11 7 12 1 1 1 11 7 1 11 7 1 10 12 1 7 1 10 12 1 10 12 1 1 7 1 100 1 10 12 1 100 1 10 100 1 7 1 10 8 1 10 12 1 1 10 12 1 10 12 1 1 10 12 1 8 1 100 1 8 1 8 1 8 1 10 7 1 11 10 10 12 1 11 12 1 10 12 1 1 8 1 8 1 1 1 1 1 1 1 1 1 1 1 1 1 1 1 1 1 1 1 1 1 1 1 1 1 1 1 1 1 1 1 1 1 1 1 1 1 1 1 1 1 1 1 1 1 1 1 1 1 1 1 1 1 1 1 1 1 1 100 1 100 1 1 1 1 1 1 1
ciInstanceKlass java/lang/annotation/Annotation 1 0 17 100 1 100 1 1 1 1 1 1 1 1 1 1 1 1 1
ciMethod java/lang/Class initClassName ()Ljava/lang/String; 260 0 1 0 -1
ciMethod java/lang/Class getName ()Ljava/lang/String; 512 0 1 0 -1
ciInstanceKlass org/springframework/util/ClassUtils 1 1 1028 7 1 10 7 12 1 1 1 9 7 12 1 1 1 10 7 12 1 1 1 11 7 12 1 1 1 10 7 12 1 1 1 10 12 1 1 7 1 10 12 1 10 100 12 1 1 10 12 1 1 10 12 1 1 8 1 10 7 12 1 1 1 10 12 1 1 11 12 1 1 8 1 10 7 12 1 1 1 10 12 1 1 10 12 1 1 10 12 1 1 10 12 1 1 10 12 1 10 12 1 7 1 10 12 1 1 10 12 1 10 12 1 1 10 7 12 1 1 1 10 12 1 18 12 1 1 7 1 100 1 10 12 1 18 10 12 1 100 1 100 1 18 12 1 10 18 100 1 10 12 1 1 8 1 10 12 1 10 12 1 9 12 1 9 12 1 11 12 1 10 12 1 1 10 12 1 1 10 12 1 10 12 1 9 7 12 1 1 1 9 12 1 10 12 1 10 12 1 7 1 10 12 1 100 1 7 1 100 1 100 1 100 1 100 1 100 1 100 1 100 1 100 1 100 1 100 1 100 1 100 1 100 1 100 1 8 1 8 1 8 1 10 12 1 10 12 1 1 8 1 10 12 1 1 8 1 8 1 8 1 10 12 1 10 12 1 1 18 18 8 1 10 100 12 1 1 1 10 12 1 1 10 100 12 1 1 1 100 1 8 1 8 1 8 1 10 12 1 11 7 12 1 1 1 11 7 12 1 1 11 12 1 1 10 12 1 1 10 12 1 9 12 1 1 11 12 1 1 7 8 1 10 12 1 1 10 12 1 10 12 1 1 10 12 1 1 10 12 1 10 12 1 10 12 1 10 7 12 1 1 1 100 1 10 10 12 1 1 11 7 12 1 10 12 1 8 1 10 12 1 1 10 100 12 1 1 1 9 12 1 1 11 12 1 10 12 1 10 12 1 1 10 12 1 10 12 1 10 12 1 8 1 10 12 1 10 12 1 10 12 1 8 1 10 12 1 1 10 12 1 10 12 1 18 8 1 10 10 12 1 8 1 10 12 1 1 10 12 1 1 10 12 1 10 12 1 10 12 10 100 12 1 1 18 10 12 1 10 12 1 1 8 1 10 7 12 1 1 10 18 10 12 1 1 10 12 1 1 7 1 10 12 1 10 12 1 1 10 12 1 8 1 10 12 1 1 10 12 1 1 18 10 12 1 10 12 1 1 11 12 1 11 11 12 18 18 10 12 1 1 10 12 1 1 10 12 1 1 10 12 1 1 10 10 12 1 10 100 12 1 1 10 12 1 1 10 12 1 9 12 1 9 12 1 18 12 1 1 11 12 1 1 10 12 1 1 10 12 1 1 10 12 10 100 12 1 1 1 10 12 1 1 9 12 1 18 12 1 10 12 1 10 10 12 1 8 1 10 12 7 1 10 12 1 10 12 1 10 12 1 1 7 1 10 7 1 10 7 1 10 7 1 9 7 1 9 9 7 1 9 7 1 9 7 1 9 7 1 9 7 1 9 11 12 1 1 7 1 11 12 1 11 12 1 10 12 1 1 11 12 1 1 11 12 1 7 1 7 1 7 1 7 1 7 1 7 1 7 1 7 1 10 12 1 7 1 7 1 7 1 7 1 7 1 7 1 7 1 7 1 7 1 7 1 7 1 7 1 7 1 7 1 7 1 7 1 7 1 7 1 7 1 7 1 7 1 7 1 7 1 7 1 7 1 7 1 11 12 1 1 1 1 1 1 1 1 1 3 1 3 1 3 1 1 8 1 1 1 3 1 3 1 1 1 1 1 1 1 1 1 1 1 1 1 1 1 1 1 1 1 1 1 1 1 1 1 1 1 1 1 1 1 1 1 1 1 1 1 1 1 1 1 1 1 1 1 1 1 1 1 1 1 1 1 1 1 1 1 1 1 1 1 1 1 1 1 1 1 1 1 1 1 1 1 1 1 1 1 1 1 1 1 1 1 1 1 1 1 1 1 1 1 1 1 1 1 1 1 1 1 1 1 1 1 1 1 1 1 1 1 1 1 1 1 1 1 1 1 1 1 1 1 1 1 1 1 1 1 1 1 1 1 1 1 1 1 1 1 1 1 1 1 1 1 1 1 1 1 1 1 1 1 1 1 1 1 1 1 1 1 1 1 1 1 1 100 1 1 1 1 1 1 1 1 1 1 1 1 1 1 1 1 1 1 1 1 1 1 1 1 1 1 1 1 1 1 1 1 1 1 1 1 1 1 1 8 1 8 1 8 1 8 1 8 1 8 1 8 1 8 1 8 1 8 1 8 1 8 1 16 15 10 12 16 15 10 12 15 10 100 12 1 1 15 10 100 12 1 1 1 1 1 100 1 100 1 1
staticfield org/springframework/util/ClassUtils EMPTY_CLASS_ARRAY [Ljava/lang/Class; 0 [Ljava/lang/Class;
staticfield org/springframework/util/ClassUtils primitiveWrapperTypeMap Ljava/util/Map; java/util/IdentityHashMap
staticfield org/springframework/util/ClassUtils primitiveTypeToWrapperMap Ljava/util/Map; java/util/IdentityHashMap
staticfield org/springframework/util/ClassUtils primitiveTypeNameMap Ljava/util/Map; java/util/HashMap
staticfield org/springframework/util/ClassUtils commonClassCache Ljava/util/Map; java/util/HashMap
staticfield org/springframework/util/ClassUtils javaLanguageInterfaces Ljava/util/Set; java/util/ImmutableCollections$SetN
staticfield org/springframework/util/ClassUtils interfaceMethodCache Ljava/util/Map; org/springframework/util/ConcurrentReferenceHashMap
staticfield org/springframework/util/ClassUtils publicInterfaceMethodCache Ljava/util/Map; org/springframework/util/ConcurrentReferenceHashMap
staticfield org/springframework/util/ClassUtils publiclyAccessibleMethodCache Ljava/util/Map; org/springframework/util/ConcurrentReferenceHashMap
instanceKlass org/springframework/beans/factory/support/ChildBeanDefinition
instanceKlass org/springframework/beans/factory/support/GenericBeanDefinition
instanceKlass org/springframework/beans/factory/support/RootBeanDefinition
ciInstanceKlass org/springframework/beans/factory/support/AbstractBeanDefinition 1 1 808 100 1 10 7 12 1 1 1 10 7 12 1 1 8 1 9 12 1 1 9 12 1 1 9 12 1 9 12 1 1 9 12 1 9 12 1 9 12 1 9 12 1 9 12 1 7 1 10 9 12 1 1 9 12 1 9 12 1 7 1 10 9 12 1 1 9 12 1 9 12 1 9 12 1 7 1 9 12 1 9 12 1 1 9 12 1 1 11 12 1 1 10 12 1 1 11 12 1 10 12 1 11 12 1 10 12 1 11 12 1 1 10 12 1 1 11 12 1 10 12 1 11 12 1 10 12 1 11 12 1 1 10 12 1 1 11 12 1 1 10 12 1 1 10 12 1 1 10 12 1 10 12 1 1 10 12 1 1 10 12 1 7 1 11 12 1 1 10 12 1 10 12 1 10 12 1 7 1 11 12 1 1 10 12 1 10 12 1 1 10 12 1 10 12 1 1 10 12 1 10 12 1 10 12 1 10 12 1 10 12 1 1 10 7 12 1 1 10 12 1 10 12 1 10 12 1 10 12 1 10 12 1 10 12 1 1 10 12 1 1 10 12 1 10 12 1 10 12 1 10 12 1 10 12 1 10 12 1 10 12 1 10 12 1 10 12 1 1 10 12 1 1 10 12 1 1 10 12 1 10 12 1 10 12 1 10 12 1 10 12 1 10 12 1 10 12 1 10 12 1 10 12 1 10 12 1 10 12 1 10 12 1 10 12 1 10 12 1 10 12 1 1 10 12 1 1 11 12 1 11 12 1 10 12 1 10 100 12 1 1 1 10 10 12 1 10 10 12 1 1 10 12 1 10 7 1 10 10 10 12 1 10 12 1 10 12 1 10 12 1 9 12 1 1 7 1 10 12 1 7 1 100 1 8 1 10 12 10 12 1 1 18 12 1 1 10 10 7 12 1 1 1 10 7 12 1 1 1 9 12 1 1 8 1 10 12 1 1 8 1 10 12 1 9 12 1 1 10 12 1 1 10 100 12 1 1 9 12 1 1 10 100 12 1 1 11 7 12 1 1 1 11 12 1 11 12 1 1 100 1 11 12 1 1 10 12 1 8 1 10 7 12 1 1 1 11 12 1 1 9 12 1 1 9 12 1 9 12 1 10 10 12 1 10 10 10 9 12 1 10 7 12 1 1 9 12 1 9 12 1 9 12 1 1 7 1 10 11 100 12 1 1 7 1 10 12 1 10 12 1 1 10 100 1 8 1 10 10 12 1 10 12 1 1 18 12 1 1 11 100 12 1 1 1 10 100 12 1 1 10 12 1 1 18 12 1 10 12 1 10 12 1 1 10 12 1 1 10 100 12 1 1 10 12 1 1 10 12 1 10 10 12 1 1 10 12 1 100 1 8 1 10 10 12 1 1 8 1 8 1 10 12 1 8 1 10 12 1 8 1 10 12 1 8 1 8 1 8 1 8 1 8 1 8 1 8 1 10 12 1 1 8 1 8 1 10 12 100 1 1 1 1 3 1 3 1 3 1 3 1 3 1 1 1 1 1 1 1 1 1 1 8 1 1 8 1 1 8 1 1 1 1 1 1 1 1 1 1 1 1 1 1 1 1 1 1 1 1 1 1 1 1 1 1 1 1 1 1 1 100 1 1 1 1 1 1 1 1 1 1 100 1 1 1 1 1 1 1 1 1 1 1 1 1 100 1 1 1 1 1 1 1 1 1 1 1 1 1 1 1 100 1 1 1 1 1 1 1 1 1 1 1 1 1 1 1 1 1 1 1 1 1 8 1 16 15 10 12 16 8 1 15 10 100 12 1 1 15 10 100 12 1 1 1 1 100 1 100 1 1 1 100 1 8 10 1 8
ciMethod org/springframework/util/ClassUtils forName (Ljava/lang/String;Ljava/lang/ClassLoader;)Ljava/lang/Class; 518 0 1 0 -1
ciMethod org/springframework/beans/factory/support/AbstractBeanDefinition getBeanClassName ()Ljava/lang/String; 518 0 1 0 -1
ciMethod org/springframework/beans/factory/support/AbstractBeanDefinition resolveBeanClass (Ljava/lang/ClassLoader;)Ljava/lang/Class; 1130 0 1 0 -1
compile org/springframework/beans/factory/support/AbstractBeanDefinition resolveBeanClass (Ljava/lang/ClassLoader;)Ljava/lang/Class; -1 1
